<?xml version="1.0" encoding="us-ascii" standalone="yes"?>
<!-- DFIN - https://www.dfinsolutions.com/ -->
<!-- CTU Version: Release master Build:20231012.2 -->
<!-- Creation date: 9/10/2024 11:52:15 PM Eastern Time -->
<!-- Copyright (c) 2024 Donnelley Financial Solutions, Inc. All Rights Reserved. -->
<link:linkbase  
    xmlns:link="http://www.xbrl.org/2003/linkbase"
    xmlns:xlink="http://www.w3.org/1999/xlink"
    xmlns:xsi="http://www.w3.org/2001/XMLSchema-instance"
    xmlns:xbrldt="http://xbrl.org/2005/xbrldt"
    xsi:schemaLocation="http://www.xbrl.org/2003/linkbase http://www.xbrl.org/2003/xbrl-linkbase-2003-12-31.xsd">
  <link:roleRef roleURI="http://www.gamestop.com//20240910/taxonomy/role/DocumentDocumentAndEntityInformation" xlink:href="gme-20240910.xsd#Role_DocumentDocumentAndEntityInformation" xlink:type="simple" />
  <link:presentationLink xlink:type="extended" xlink:role="http://www.gamestop.com//20240910/taxonomy/role/DocumentDocumentAndEntityInformation">
    <link:loc xlink:href="https://xbrl.sec.gov/dei/2023/dei-2023.xsd#dei_CoverAbstract" xlink:type="locator" xlink:label="dei_CoverAbstract" />
    <link:loc xlink:href="https://xbrl.sec.gov/dei/2023/dei-2023.xsd#dei_AmendmentFlag" xlink:type="locator" xlink:label="dei_AmendmentFlag" />
    <link:presentationArc xlink:type="arc" xlink:arcrole="http://www.xbrl.org/2003/arcrole/parent-child" xlink:from="dei_CoverAbstract" xlink:to="dei_AmendmentFlag" order="22.001" priority="2" use="optional" preferredLabel="http://www.xbrl.org/2003/role/terseLabel" />
    <link:loc xlink:href="https://xbrl.sec.gov/dei/2023/dei-2023.xsd#dei_EntityCentralIndexKey" xlink:type="locator" xlink:label="dei_EntityCentralIndexKey" />
    <link:presentationArc xlink:type="arc" xlink:arcrole="http://www.xbrl.org/2003/arcrole/parent-child" xlink:from="dei_CoverAbstract" xlink:to="dei_EntityCentralIndexKey" order="23.001" priority="2" use="optional" preferredLabel="http://www.xbrl.org/2003/role/terseLabel" />
    <link:loc xlink:href="https://xbrl.sec.gov/dei/2023/dei-2023.xsd#dei_DocumentType" xlink:type="locator" xlink:label="dei_DocumentType" />
    <link:presentationArc xlink:type="arc" xlink:arcrole="http://www.xbrl.org/2003/arcrole/parent-child" xlink:from="dei_CoverAbstract" xlink:to="dei_DocumentType" order="25.001" priority="2" use="optional" preferredLabel="http://www.xbrl.org/2003/role/terseLabel" />
    <link:loc xlink:href="https://xbrl.sec.gov/dei/2023/dei-2023.xsd#dei_DocumentPeriodEndDate" xlink:type="locator" xlink:label="dei_DocumentPeriodEndDate" />
    <link:presentationArc xlink:type="arc" xlink:arcrole="http://www.xbrl.org/2003/arcrole/parent-child" xlink:from="dei_CoverAbstract" xlink:to="dei_DocumentPeriodEndDate" order="26.001" priority="2" use="optional" preferredLabel="http://www.xbrl.org/2003/role/terseLabel" />
    <link:loc xlink:href="https://xbrl.sec.gov/dei/2023/dei-2023.xsd#dei_EntityRegistrantName" xlink:type="locator" xlink:label="dei_EntityRegistrantName" />
    <link:presentationArc xlink:type="arc" xlink:arcrole="http://www.xbrl.org/2003/arcrole/parent-child" xlink:from="dei_CoverAbstract" xlink:to="dei_EntityRegistrantName" order="27.001" priority="2" use="optional" preferredLabel="http://www.xbrl.org/2003/role/terseLabel" />
    <link:loc xlink:href="https://xbrl.sec.gov/dei/2023/dei-2023.xsd#dei_EntityIncorporationStateCountryCode" xlink:type="locator" xlink:label="dei_EntityIncorporationStateCountryCode" />
    <link:presentationArc xlink:type="arc" xlink:arcrole="http://www.xbrl.org/2003/arcrole/parent-child" xlink:from="dei_CoverAbstract" xlink:to="dei_EntityIncorporationStateCountryCode" order="28.001" priority="2" use="optional" preferredLabel="http://www.xbrl.org/2003/role/terseLabel" />
    <link:loc xlink:href="https://xbrl.sec.gov/dei/2023/dei-2023.xsd#dei_EntityFileNumber" xlink:type="locator" xlink:label="dei_EntityFileNumber" />
    <link:presentationArc xlink:type="arc" xlink:arcrole="http://www.xbrl.org/2003/arcrole/parent-child" xlink:from="dei_CoverAbstract" xlink:to="dei_EntityFileNumber" order="29.001" priority="2" use="optional" preferredLabel="http://www.xbrl.org/2003/role/terseLabel" />
    <link:loc xlink:href="https://xbrl.sec.gov/dei/2023/dei-2023.xsd#dei_EntityTaxIdentificationNumber" xlink:type="locator" xlink:label="dei_EntityTaxIdentificationNumber" />
    <link:presentationArc xlink:type="arc" xlink:arcrole="http://www.xbrl.org/2003/arcrole/parent-child" xlink:from="dei_CoverAbstract" xlink:to="dei_EntityTaxIdentificationNumber" order="30.001" priority="2" use="optional" preferredLabel="http://www.xbrl.org/2003/role/terseLabel" />
    <link:loc xlink:href="https://xbrl.sec.gov/dei/2023/dei-2023.xsd#dei_EntityAddressAddressLine1" xlink:type="locator" xlink:label="dei_EntityAddressAddressLine1" />
    <link:presentationArc xlink:type="arc" xlink:arcrole="http://www.xbrl.org/2003/arcrole/parent-child" xlink:from="dei_CoverAbstract" xlink:to="dei_EntityAddressAddressLine1" order="31.001" priority="2" use="optional" preferredLabel="http://www.xbrl.org/2003/role/terseLabel" />
    <link:loc xlink:href="https://xbrl.sec.gov/dei/2023/dei-2023.xsd#dei_EntityAddressCityOrTown" xlink:type="locator" xlink:label="dei_EntityAddressCityOrTown" />
    <link:presentationArc xlink:type="arc" xlink:arcrole="http://www.xbrl.org/2003/arcrole/parent-child" xlink:from="dei_CoverAbstract" xlink:to="dei_EntityAddressCityOrTown" order="32.001" priority="2" use="optional" preferredLabel="http://www.xbrl.org/2003/role/terseLabel" />
    <link:loc xlink:href="https://xbrl.sec.gov/dei/2023/dei-2023.xsd#dei_EntityAddressStateOrProvince" xlink:type="locator" xlink:label="dei_EntityAddressStateOrProvince" />
    <link:presentationArc xlink:type="arc" xlink:arcrole="http://www.xbrl.org/2003/arcrole/parent-child" xlink:from="dei_CoverAbstract" xlink:to="dei_EntityAddressStateOrProvince" order="33.001" priority="2" use="optional" preferredLabel="http://www.xbrl.org/2003/role/terseLabel" />
    <link:loc xlink:href="https://xbrl.sec.gov/dei/2023/dei-2023.xsd#dei_EntityAddressPostalZipCode" xlink:type="locator" xlink:label="dei_EntityAddressPostalZipCode" />
    <link:presentationArc xlink:type="arc" xlink:arcrole="http://www.xbrl.org/2003/arcrole/parent-child" xlink:from="dei_CoverAbstract" xlink:to="dei_EntityAddressPostalZipCode" order="34.001" priority="2" use="optional" preferredLabel="http://www.xbrl.org/2003/role/terseLabel" />
    <link:loc xlink:href="https://xbrl.sec.gov/dei/2023/dei-2023.xsd#dei_CityAreaCode" xlink:type="locator" xlink:label="dei_CityAreaCode" />
    <link:presentationArc xlink:type="arc" xlink:arcrole="http://www.xbrl.org/2003/arcrole/parent-child" xlink:from="dei_CoverAbstract" xlink:to="dei_CityAreaCode" order="35.001" priority="2" use="optional" preferredLabel="http://www.xbrl.org/2003/role/terseLabel" />
    <link:loc xlink:href="https://xbrl.sec.gov/dei/2023/dei-2023.xsd#dei_LocalPhoneNumber" xlink:type="locator" xlink:label="dei_LocalPhoneNumber" />
    <link:presentationArc xlink:type="arc" xlink:arcrole="http://www.xbrl.org/2003/arcrole/parent-child" xlink:from="dei_CoverAbstract" xlink:to="dei_LocalPhoneNumber" order="36.001" priority="2" use="optional" preferredLabel="http://www.xbrl.org/2003/role/terseLabel" />
    <link:loc xlink:href="https://xbrl.sec.gov/dei/2023/dei-2023.xsd#dei_WrittenCommunications" xlink:type="locator" xlink:label="dei_WrittenCommunications" />
    <link:presentationArc xlink:type="arc" xlink:arcrole="http://www.xbrl.org/2003/arcrole/parent-child" xlink:from="dei_CoverAbstract" xlink:to="dei_WrittenCommunications" order="37.001" priority="2" use="optional" preferredLabel="http://www.xbrl.org/2003/role/terseLabel" />
    <link:loc xlink:href="https://xbrl.sec.gov/dei/2023/dei-2023.xsd#dei_SolicitingMaterial" xlink:type="locator" xlink:label="dei_SolicitingMaterial" />
    <link:presentationArc xlink:type="arc" xlink:arcrole="http://www.xbrl.org/2003/arcrole/parent-child" xlink:from="dei_CoverAbstract" xlink:to="dei_SolicitingMaterial" order="38.001" priority="2" use="optional" preferredLabel="http://www.xbrl.org/2003/role/terseLabel" />
    <link:loc xlink:href="https://xbrl.sec.gov/dei/2023/dei-2023.xsd#dei_PreCommencementTenderOffer" xlink:type="locator" xlink:label="dei_PreCommencementTenderOffer" />
    <link:presentationArc xlink:type="arc" xlink:arcrole="http://www.xbrl.org/2003/arcrole/parent-child" xlink:from="dei_CoverAbstract" xlink:to="dei_PreCommencementTenderOffer" order="39.001" priority="2" use="optional" preferredLabel="http://www.xbrl.org/2003/role/terseLabel" />
    <link:loc xlink:href="https://xbrl.sec.gov/dei/2023/dei-2023.xsd#dei_PreCommencementIssuerTenderOffer" xlink:type="locator" xlink:label="dei_PreCommencementIssuerTenderOffer" />
    <link:presentationArc xlink:type="arc" xlink:arcrole="http://www.xbrl.org/2003/arcrole/parent-child" xlink:from="dei_CoverAbstract" xlink:to="dei_PreCommencementIssuerTenderOffer" order="40.001" priority="2" use="optional" preferredLabel="http://www.xbrl.org/2003/role/terseLabel" />
    <link:loc xlink:href="https://xbrl.sec.gov/dei/2023/dei-2023.xsd#dei_Security12bTitle" xlink:type="locator" xlink:label="dei_Security12bTitle" />
    <link:presentationArc xlink:type="arc" xlink:arcrole="http://www.xbrl.org/2003/arcrole/parent-child" xlink:from="dei_CoverAbstract" xlink:to="dei_Security12bTitle" order="41.001" priority="2" use="optional" preferredLabel="http://www.xbrl.org/2003/role/terseLabel" />
    <link:loc xlink:href="https://xbrl.sec.gov/dei/2023/dei-2023.xsd#dei_TradingSymbol" xlink:type="locator" xlink:label="dei_TradingSymbol" />
    <link:presentationArc xlink:type="arc" xlink:arcrole="http://www.xbrl.org/2003/arcrole/parent-child" xlink:from="dei_CoverAbstract" xlink:to="dei_TradingSymbol" order="42.001" priority="2" use="optional" preferredLabel="http://www.xbrl.org/2003/role/terseLabel" />
    <link:loc xlink:href="https://xbrl.sec.gov/dei/2023/dei-2023.xsd#dei_SecurityExchangeName" xlink:type="locator" xlink:label="dei_SecurityExchangeName" />
    <link:presentationArc xlink:type="arc" xlink:arcrole="http://www.xbrl.org/2003/arcrole/parent-child" xlink:from="dei_CoverAbstract" xlink:to="dei_SecurityExchangeName" order="43.001" priority="2" use="optional" preferredLabel="http://www.xbrl.org/2003/role/terseLabel" />
    <link:loc xlink:href="https://xbrl.sec.gov/dei/2023/dei-2023.xsd#dei_EntityEmergingGrowthCompany" xlink:type="locator" xlink:label="dei_EntityEmergingGrowthCompany" />
    <link:presentationArc xlink:type="arc" xlink:arcrole="http://www.xbrl.org/2003/arcrole/parent-child" xlink:from="dei_CoverAbstract" xlink:to="dei_EntityEmergingGrowthCompany" order="44.001" priority="2" use="optional" preferredLabel="http://www.xbrl.org/2003/role/terseLabel" />
  </link:presentationLink>
</link:linkbase>
