<?xml version="1.0" encoding="UTF-8"?>

<!--XBRL Document Created with the Workiva Platform-->
<!--Copyright 2025 Workiva-->
<!--r:2a71b9bd-295c-452a-8650-011b36b3e604,g:d1eeedac-2642-400d-aeef-33db1ad53f32-->
<link:linkbase xmlns:link="http://www.xbrl.org/2003/linkbase" xmlns:xlink="http://www.w3.org/1999/xlink" xmlns:xsi="http://www.w3.org/2001/XMLSchema-instance" xmlns:xbrldt="http://xbrl.org/2005/xbrldt" xsi:schemaLocation="http://www.xbrl.org/2003/linkbase http://www.xbrl.org/2003/xbrl-linkbase-2003-12-31.xsd">
  <link:arcroleRef arcroleURI="http://xbrl.org/int/dim/arcrole/all" xlink:type="simple" xlink:href="http://www.xbrl.org/2005/xbrldt-2005.xsd#all"/>
  <link:arcroleRef arcroleURI="http://xbrl.org/int/dim/arcrole/hypercube-dimension" xlink:type="simple" xlink:href="http://www.xbrl.org/2005/xbrldt-2005.xsd#hypercube-dimension"/>
  <link:arcroleRef arcroleURI="http://xbrl.org/int/dim/arcrole/dimension-default" xlink:type="simple" xlink:href="http://www.xbrl.org/2005/xbrldt-2005.xsd#dimension-default"/>
  <link:arcroleRef arcroleURI="http://xbrl.org/int/dim/arcrole/dimension-domain" xlink:type="simple" xlink:href="http://www.xbrl.org/2005/xbrldt-2005.xsd#dimension-domain"/>
  <link:arcroleRef arcroleURI="http://xbrl.org/int/dim/arcrole/domain-member" xlink:type="simple" xlink:href="http://www.xbrl.org/2005/xbrldt-2005.xsd#domain-member"/>
  <link:roleRef roleURI="http://www.gamestop.com/role/DocumentandEntityInformationDocument" xlink:type="simple" xlink:href="gme-20250610.xsd#DocumentandEntityInformationDocument"/>
  <link:definitionLink xlink:role="http://www.gamestop.com/role/DocumentandEntityInformationDocument" xlink:type="extended">
    <link:loc xlink:type="locator" xlink:label="loc_dei_DocumentInformationLineItems_eb0e4015-6ea9-4b0b-86cd-0c6f8a509ff6" xlink:href="https://xbrl.sec.gov/dei/2025/dei-2025.xsd#dei_DocumentInformationLineItems"/>
    <link:loc xlink:type="locator" xlink:label="loc_dei_DocumentInformationTable_35280843-1b23-40c7-9adb-e335771c78c3" xlink:href="https://xbrl.sec.gov/dei/2025/dei-2025.xsd#dei_DocumentInformationTable"/>
    <link:definitionArc xlink:arcrole="http://xbrl.org/int/dim/arcrole/all" xlink:from="loc_dei_DocumentInformationLineItems_eb0e4015-6ea9-4b0b-86cd-0c6f8a509ff6" xlink:to="loc_dei_DocumentInformationTable_35280843-1b23-40c7-9adb-e335771c78c3" xlink:type="arc" order="1" xbrldt:closed="true" xbrldt:contextElement="segment"/>
    <link:loc xlink:type="locator" xlink:label="loc_us-gaap_StatementClassOfStockAxis_62e20c9c-3028-404c-b36f-08f80805c94c" xlink:href="https://xbrl.fasb.org/us-gaap/2025/elts/us-gaap-2025.xsd#us-gaap_StatementClassOfStockAxis"/>
    <link:definitionArc xlink:arcrole="http://xbrl.org/int/dim/arcrole/hypercube-dimension" xlink:from="loc_dei_DocumentInformationTable_35280843-1b23-40c7-9adb-e335771c78c3" xlink:to="loc_us-gaap_StatementClassOfStockAxis_62e20c9c-3028-404c-b36f-08f80805c94c" xlink:type="arc" order="1"/>
    <link:loc xlink:type="locator" xlink:label="loc_us-gaap_ClassOfStockDomain_62e20c9c-3028-404c-b36f-08f80805c94c_default" xlink:href="https://xbrl.fasb.org/us-gaap/2025/elts/us-gaap-2025.xsd#us-gaap_ClassOfStockDomain"/>
    <link:definitionArc xlink:arcrole="http://xbrl.org/int/dim/arcrole/dimension-default" xlink:from="loc_us-gaap_StatementClassOfStockAxis_62e20c9c-3028-404c-b36f-08f80805c94c" xlink:to="loc_us-gaap_ClassOfStockDomain_62e20c9c-3028-404c-b36f-08f80805c94c_default" xlink:type="arc" order="1"/>
    <link:loc xlink:type="locator" xlink:label="loc_us-gaap_ClassOfStockDomain_2581ffba-4fa8-4209-b2d1-5556b026e75b" xlink:href="https://xbrl.fasb.org/us-gaap/2025/elts/us-gaap-2025.xsd#us-gaap_ClassOfStockDomain"/>
    <link:definitionArc xlink:arcrole="http://xbrl.org/int/dim/arcrole/dimension-domain" xlink:from="loc_us-gaap_StatementClassOfStockAxis_62e20c9c-3028-404c-b36f-08f80805c94c" xlink:to="loc_us-gaap_ClassOfStockDomain_2581ffba-4fa8-4209-b2d1-5556b026e75b" xlink:type="arc" order="1"/>
    <link:loc xlink:type="locator" xlink:label="loc_dei_EntityCentralIndexKey_360cfca9-8a84-4ed8-8133-b70c200cb6a9" xlink:href="https://xbrl.sec.gov/dei/2025/dei-2025.xsd#dei_EntityCentralIndexKey"/>
    <link:definitionArc xlink:arcrole="http://xbrl.org/int/dim/arcrole/domain-member" xlink:from="loc_dei_DocumentInformationLineItems_eb0e4015-6ea9-4b0b-86cd-0c6f8a509ff6" xlink:to="loc_dei_EntityCentralIndexKey_360cfca9-8a84-4ed8-8133-b70c200cb6a9" xlink:type="arc" order="0"/>
    <link:loc xlink:type="locator" xlink:label="loc_dei_AmendmentFlag_55dc0638-f6db-4148-85e4-f7b3ec39d77c" xlink:href="https://xbrl.sec.gov/dei/2025/dei-2025.xsd#dei_AmendmentFlag"/>
    <link:definitionArc xlink:arcrole="http://xbrl.org/int/dim/arcrole/domain-member" xlink:from="loc_dei_DocumentInformationLineItems_eb0e4015-6ea9-4b0b-86cd-0c6f8a509ff6" xlink:to="loc_dei_AmendmentFlag_55dc0638-f6db-4148-85e4-f7b3ec39d77c" xlink:type="arc" order="1"/>
    <link:loc xlink:type="locator" xlink:label="loc_dei_Security12bTitle_edc0c08c-0b04-49bd-80ca-3f673461abf4" xlink:href="https://xbrl.sec.gov/dei/2025/dei-2025.xsd#dei_Security12bTitle"/>
    <link:definitionArc xlink:arcrole="http://xbrl.org/int/dim/arcrole/domain-member" xlink:from="loc_dei_DocumentInformationLineItems_eb0e4015-6ea9-4b0b-86cd-0c6f8a509ff6" xlink:to="loc_dei_Security12bTitle_edc0c08c-0b04-49bd-80ca-3f673461abf4" xlink:type="arc" order="2"/>
    <link:loc xlink:type="locator" xlink:label="loc_dei_EntityIncorporationStateCountryCode_3eceeec4-c945-4ea2-b6b0-0d3f2beb3de1" xlink:href="https://xbrl.sec.gov/dei/2025/dei-2025.xsd#dei_EntityIncorporationStateCountryCode"/>
    <link:definitionArc xlink:arcrole="http://xbrl.org/int/dim/arcrole/domain-member" xlink:from="loc_dei_DocumentInformationLineItems_eb0e4015-6ea9-4b0b-86cd-0c6f8a509ff6" xlink:to="loc_dei_EntityIncorporationStateCountryCode_3eceeec4-c945-4ea2-b6b0-0d3f2beb3de1" xlink:type="arc" order="3"/>
    <link:loc xlink:type="locator" xlink:label="loc_dei_DocumentType_6d23007f-912a-44de-8672-a1dfb7025030" xlink:href="https://xbrl.sec.gov/dei/2025/dei-2025.xsd#dei_DocumentType"/>
    <link:definitionArc xlink:arcrole="http://xbrl.org/int/dim/arcrole/domain-member" xlink:from="loc_dei_DocumentInformationLineItems_eb0e4015-6ea9-4b0b-86cd-0c6f8a509ff6" xlink:to="loc_dei_DocumentType_6d23007f-912a-44de-8672-a1dfb7025030" xlink:type="arc" order="4"/>
    <link:loc xlink:type="locator" xlink:label="loc_dei_DocumentPeriodEndDate_577b1c65-9373-4313-8cea-be657adcc582" xlink:href="https://xbrl.sec.gov/dei/2025/dei-2025.xsd#dei_DocumentPeriodEndDate"/>
    <link:definitionArc xlink:arcrole="http://xbrl.org/int/dim/arcrole/domain-member" xlink:from="loc_dei_DocumentInformationLineItems_eb0e4015-6ea9-4b0b-86cd-0c6f8a509ff6" xlink:to="loc_dei_DocumentPeriodEndDate_577b1c65-9373-4313-8cea-be657adcc582" xlink:type="arc" order="5"/>
    <link:loc xlink:type="locator" xlink:label="loc_dei_EntityRegistrantName_97a2dd8d-9ef8-4d14-b012-e7444702849f" xlink:href="https://xbrl.sec.gov/dei/2025/dei-2025.xsd#dei_EntityRegistrantName"/>
    <link:definitionArc xlink:arcrole="http://xbrl.org/int/dim/arcrole/domain-member" xlink:from="loc_dei_DocumentInformationLineItems_eb0e4015-6ea9-4b0b-86cd-0c6f8a509ff6" xlink:to="loc_dei_EntityRegistrantName_97a2dd8d-9ef8-4d14-b012-e7444702849f" xlink:type="arc" order="6"/>
    <link:loc xlink:type="locator" xlink:label="loc_dei_EntityFileNumber_65dfb83a-39ed-41c5-ac80-26f090e611df" xlink:href="https://xbrl.sec.gov/dei/2025/dei-2025.xsd#dei_EntityFileNumber"/>
    <link:definitionArc xlink:arcrole="http://xbrl.org/int/dim/arcrole/domain-member" xlink:from="loc_dei_DocumentInformationLineItems_eb0e4015-6ea9-4b0b-86cd-0c6f8a509ff6" xlink:to="loc_dei_EntityFileNumber_65dfb83a-39ed-41c5-ac80-26f090e611df" xlink:type="arc" order="7"/>
    <link:loc xlink:type="locator" xlink:label="loc_dei_EntityTaxIdentificationNumber_4bfb0ce7-c13d-493c-8f38-5183f26bd086" xlink:href="https://xbrl.sec.gov/dei/2025/dei-2025.xsd#dei_EntityTaxIdentificationNumber"/>
    <link:definitionArc xlink:arcrole="http://xbrl.org/int/dim/arcrole/domain-member" xlink:from="loc_dei_DocumentInformationLineItems_eb0e4015-6ea9-4b0b-86cd-0c6f8a509ff6" xlink:to="loc_dei_EntityTaxIdentificationNumber_4bfb0ce7-c13d-493c-8f38-5183f26bd086" xlink:type="arc" order="8"/>
    <link:loc xlink:type="locator" xlink:label="loc_dei_EntityAddressAddressLine1_4ef94fc1-ba20-44ef-84ea-0a15d75c0c45" xlink:href="https://xbrl.sec.gov/dei/2025/dei-2025.xsd#dei_EntityAddressAddressLine1"/>
    <link:definitionArc xlink:arcrole="http://xbrl.org/int/dim/arcrole/domain-member" xlink:from="loc_dei_DocumentInformationLineItems_eb0e4015-6ea9-4b0b-86cd-0c6f8a509ff6" xlink:to="loc_dei_EntityAddressAddressLine1_4ef94fc1-ba20-44ef-84ea-0a15d75c0c45" xlink:type="arc" order="9"/>
    <link:loc xlink:type="locator" xlink:label="loc_dei_EntityAddressCityOrTown_4e4d9064-8b40-4671-9f04-97cdc5a7d829" xlink:href="https://xbrl.sec.gov/dei/2025/dei-2025.xsd#dei_EntityAddressCityOrTown"/>
    <link:definitionArc xlink:arcrole="http://xbrl.org/int/dim/arcrole/domain-member" xlink:from="loc_dei_DocumentInformationLineItems_eb0e4015-6ea9-4b0b-86cd-0c6f8a509ff6" xlink:to="loc_dei_EntityAddressCityOrTown_4e4d9064-8b40-4671-9f04-97cdc5a7d829" xlink:type="arc" order="10"/>
    <link:loc xlink:type="locator" xlink:label="loc_dei_EntityAddressStateOrProvince_c4efdfac-036b-44a4-bbce-f9d4ee56fb4c" xlink:href="https://xbrl.sec.gov/dei/2025/dei-2025.xsd#dei_EntityAddressStateOrProvince"/>
    <link:definitionArc xlink:arcrole="http://xbrl.org/int/dim/arcrole/domain-member" xlink:from="loc_dei_DocumentInformationLineItems_eb0e4015-6ea9-4b0b-86cd-0c6f8a509ff6" xlink:to="loc_dei_EntityAddressStateOrProvince_c4efdfac-036b-44a4-bbce-f9d4ee56fb4c" xlink:type="arc" order="11"/>
    <link:loc xlink:type="locator" xlink:label="loc_dei_EntityAddressPostalZipCode_7c00fa21-da7c-4207-8edb-6653a57b9f96" xlink:href="https://xbrl.sec.gov/dei/2025/dei-2025.xsd#dei_EntityAddressPostalZipCode"/>
    <link:definitionArc xlink:arcrole="http://xbrl.org/int/dim/arcrole/domain-member" xlink:from="loc_dei_DocumentInformationLineItems_eb0e4015-6ea9-4b0b-86cd-0c6f8a509ff6" xlink:to="loc_dei_EntityAddressPostalZipCode_7c00fa21-da7c-4207-8edb-6653a57b9f96" xlink:type="arc" order="12"/>
    <link:loc xlink:type="locator" xlink:label="loc_dei_CityAreaCode_74dd4ac3-a108-4c44-8f57-a78e2d558892" xlink:href="https://xbrl.sec.gov/dei/2025/dei-2025.xsd#dei_CityAreaCode"/>
    <link:definitionArc xlink:arcrole="http://xbrl.org/int/dim/arcrole/domain-member" xlink:from="loc_dei_DocumentInformationLineItems_eb0e4015-6ea9-4b0b-86cd-0c6f8a509ff6" xlink:to="loc_dei_CityAreaCode_74dd4ac3-a108-4c44-8f57-a78e2d558892" xlink:type="arc" order="13"/>
    <link:loc xlink:type="locator" xlink:label="loc_dei_LocalPhoneNumber_0cb6d2e9-a315-4f7f-ac6e-269c86551d8a" xlink:href="https://xbrl.sec.gov/dei/2025/dei-2025.xsd#dei_LocalPhoneNumber"/>
    <link:definitionArc xlink:arcrole="http://xbrl.org/int/dim/arcrole/domain-member" xlink:from="loc_dei_DocumentInformationLineItems_eb0e4015-6ea9-4b0b-86cd-0c6f8a509ff6" xlink:to="loc_dei_LocalPhoneNumber_0cb6d2e9-a315-4f7f-ac6e-269c86551d8a" xlink:type="arc" order="14"/>
    <link:loc xlink:type="locator" xlink:label="loc_dei_WrittenCommunications_c4df76d0-4371-4490-897c-39a722daa614" xlink:href="https://xbrl.sec.gov/dei/2025/dei-2025.xsd#dei_WrittenCommunications"/>
    <link:definitionArc xlink:arcrole="http://xbrl.org/int/dim/arcrole/domain-member" xlink:from="loc_dei_DocumentInformationLineItems_eb0e4015-6ea9-4b0b-86cd-0c6f8a509ff6" xlink:to="loc_dei_WrittenCommunications_c4df76d0-4371-4490-897c-39a722daa614" xlink:type="arc" order="15"/>
    <link:loc xlink:type="locator" xlink:label="loc_dei_SolicitingMaterial_d23383a2-4956-46a4-bcc4-b1a3096bdfab" xlink:href="https://xbrl.sec.gov/dei/2025/dei-2025.xsd#dei_SolicitingMaterial"/>
    <link:definitionArc xlink:arcrole="http://xbrl.org/int/dim/arcrole/domain-member" xlink:from="loc_dei_DocumentInformationLineItems_eb0e4015-6ea9-4b0b-86cd-0c6f8a509ff6" xlink:to="loc_dei_SolicitingMaterial_d23383a2-4956-46a4-bcc4-b1a3096bdfab" xlink:type="arc" order="16"/>
    <link:loc xlink:type="locator" xlink:label="loc_dei_PreCommencementTenderOffer_1907d2fb-4c26-413c-9b63-150e502d5aa6" xlink:href="https://xbrl.sec.gov/dei/2025/dei-2025.xsd#dei_PreCommencementTenderOffer"/>
    <link:definitionArc xlink:arcrole="http://xbrl.org/int/dim/arcrole/domain-member" xlink:from="loc_dei_DocumentInformationLineItems_eb0e4015-6ea9-4b0b-86cd-0c6f8a509ff6" xlink:to="loc_dei_PreCommencementTenderOffer_1907d2fb-4c26-413c-9b63-150e502d5aa6" xlink:type="arc" order="17"/>
    <link:loc xlink:type="locator" xlink:label="loc_dei_PreCommencementIssuerTenderOffer_bb5b1f06-4b8b-47a5-a635-347b5874ff49" xlink:href="https://xbrl.sec.gov/dei/2025/dei-2025.xsd#dei_PreCommencementIssuerTenderOffer"/>
    <link:definitionArc xlink:arcrole="http://xbrl.org/int/dim/arcrole/domain-member" xlink:from="loc_dei_DocumentInformationLineItems_eb0e4015-6ea9-4b0b-86cd-0c6f8a509ff6" xlink:to="loc_dei_PreCommencementIssuerTenderOffer_bb5b1f06-4b8b-47a5-a635-347b5874ff49" xlink:type="arc" order="18"/>
    <link:loc xlink:type="locator" xlink:label="loc_dei_TradingSymbol_8dc1d7e0-b60c-4138-9331-109721f92572" xlink:href="https://xbrl.sec.gov/dei/2025/dei-2025.xsd#dei_TradingSymbol"/>
    <link:definitionArc xlink:arcrole="http://xbrl.org/int/dim/arcrole/domain-member" xlink:from="loc_dei_DocumentInformationLineItems_eb0e4015-6ea9-4b0b-86cd-0c6f8a509ff6" xlink:to="loc_dei_TradingSymbol_8dc1d7e0-b60c-4138-9331-109721f92572" xlink:type="arc" order="19"/>
    <link:loc xlink:type="locator" xlink:label="loc_dei_SecurityExchangeName_f143caa6-f314-45a8-98cf-2e10c469298e" xlink:href="https://xbrl.sec.gov/dei/2025/dei-2025.xsd#dei_SecurityExchangeName"/>
    <link:definitionArc xlink:arcrole="http://xbrl.org/int/dim/arcrole/domain-member" xlink:from="loc_dei_DocumentInformationLineItems_eb0e4015-6ea9-4b0b-86cd-0c6f8a509ff6" xlink:to="loc_dei_SecurityExchangeName_f143caa6-f314-45a8-98cf-2e10c469298e" xlink:type="arc" order="20"/>
    <link:loc xlink:type="locator" xlink:label="loc_dei_EntityEmergingGrowthCompany_e9d2ff42-21e2-4c09-8946-2b62e641689d" xlink:href="https://xbrl.sec.gov/dei/2025/dei-2025.xsd#dei_EntityEmergingGrowthCompany"/>
    <link:definitionArc xlink:arcrole="http://xbrl.org/int/dim/arcrole/domain-member" xlink:from="loc_dei_DocumentInformationLineItems_eb0e4015-6ea9-4b0b-86cd-0c6f8a509ff6" xlink:to="loc_dei_EntityEmergingGrowthCompany_e9d2ff42-21e2-4c09-8946-2b62e641689d" xlink:type="arc" order="21"/>
  </link:definitionLink>
</link:linkbase>
