<?xml version="1.0" encoding="UTF-8"?>

<!--XBRL Document Created with the Workiva Platform-->
<!--Copyright 2025 Workiva-->
<!--r:2a71b9bd-295c-452a-8650-011b36b3e604,g:d1eeedac-2642-400d-aeef-33db1ad53f32-->
<link:linkbase xmlns:link="http://www.xbrl.org/2003/linkbase" xmlns:xlink="http://www.w3.org/1999/xlink" xmlns:xsi="http://www.w3.org/2001/XMLSchema-instance" xsi:schemaLocation="http://www.xbrl.org/2003/linkbase http://www.xbrl.org/2003/xbrl-linkbase-2003-12-31.xsd">
  <link:roleRef roleURI="http://www.gamestop.com/role/DocumentandEntityInformationDocument" xlink:type="simple" xlink:href="gme-20250610.xsd#DocumentandEntityInformationDocument"/>
  <link:presentationLink xlink:role="http://www.gamestop.com/role/DocumentandEntityInformationDocument" xlink:type="extended">
    <link:loc xlink:type="locator" xlink:label="loc_gme_DocumentAndEntityInformationAbstract_00e4a726-b276-489c-8615-a65f0dbf1954" xlink:href="gme-20250610.xsd#gme_DocumentAndEntityInformationAbstract"/>
    <link:loc xlink:type="locator" xlink:label="loc_dei_DocumentInformationTable_35280843-1b23-40c7-9adb-e335771c78c3" xlink:href="https://xbrl.sec.gov/dei/2025/dei-2025.xsd#dei_DocumentInformationTable"/>
    <link:presentationArc order="1" xlink:arcrole="http://www.xbrl.org/2003/arcrole/parent-child" xlink:from="loc_gme_DocumentAndEntityInformationAbstract_00e4a726-b276-489c-8615-a65f0dbf1954" xlink:to="loc_dei_DocumentInformationTable_35280843-1b23-40c7-9adb-e335771c78c3" xlink:type="arc" preferredLabel="http://www.xbrl.org/2003/role/terseLabel"/>
    <link:loc xlink:type="locator" xlink:label="loc_us-gaap_StatementClassOfStockAxis_62e20c9c-3028-404c-b36f-08f80805c94c" xlink:href="https://xbrl.fasb.org/us-gaap/2025/elts/us-gaap-2025.xsd#us-gaap_StatementClassOfStockAxis"/>
    <link:presentationArc order="1" xlink:arcrole="http://www.xbrl.org/2003/arcrole/parent-child" xlink:from="loc_dei_DocumentInformationTable_35280843-1b23-40c7-9adb-e335771c78c3" xlink:to="loc_us-gaap_StatementClassOfStockAxis_62e20c9c-3028-404c-b36f-08f80805c94c" xlink:type="arc" preferredLabel="http://www.xbrl.org/2003/role/terseLabel"/>
    <link:loc xlink:type="locator" xlink:label="loc_us-gaap_ClassOfStockDomain_2581ffba-4fa8-4209-b2d1-5556b026e75b" xlink:href="https://xbrl.fasb.org/us-gaap/2025/elts/us-gaap-2025.xsd#us-gaap_ClassOfStockDomain"/>
    <link:presentationArc order="1" xlink:arcrole="http://www.xbrl.org/2003/arcrole/parent-child" xlink:from="loc_us-gaap_StatementClassOfStockAxis_62e20c9c-3028-404c-b36f-08f80805c94c" xlink:to="loc_us-gaap_ClassOfStockDomain_2581ffba-4fa8-4209-b2d1-5556b026e75b" xlink:type="arc" preferredLabel="http://www.xbrl.org/2003/role/terseLabel"/>
    <link:loc xlink:type="locator" xlink:label="loc_dei_DocumentInformationLineItems_eb0e4015-6ea9-4b0b-86cd-0c6f8a509ff6" xlink:href="https://xbrl.sec.gov/dei/2025/dei-2025.xsd#dei_DocumentInformationLineItems"/>
    <link:presentationArc order="2" xlink:arcrole="http://www.xbrl.org/2003/arcrole/parent-child" xlink:from="loc_dei_DocumentInformationTable_35280843-1b23-40c7-9adb-e335771c78c3" xlink:to="loc_dei_DocumentInformationLineItems_eb0e4015-6ea9-4b0b-86cd-0c6f8a509ff6" xlink:type="arc" preferredLabel="http://www.xbrl.org/2003/role/terseLabel"/>
    <link:loc xlink:type="locator" xlink:label="loc_dei_EntityCentralIndexKey_360cfca9-8a84-4ed8-8133-b70c200cb6a9" xlink:href="https://xbrl.sec.gov/dei/2025/dei-2025.xsd#dei_EntityCentralIndexKey"/>
    <link:presentationArc order="1" xlink:arcrole="http://www.xbrl.org/2003/arcrole/parent-child" xlink:from="loc_dei_DocumentInformationLineItems_eb0e4015-6ea9-4b0b-86cd-0c6f8a509ff6" xlink:to="loc_dei_EntityCentralIndexKey_360cfca9-8a84-4ed8-8133-b70c200cb6a9" xlink:type="arc" preferredLabel="http://www.xbrl.org/2003/role/terseLabel"/>
    <link:loc xlink:type="locator" xlink:label="loc_dei_AmendmentFlag_55dc0638-f6db-4148-85e4-f7b3ec39d77c" xlink:href="https://xbrl.sec.gov/dei/2025/dei-2025.xsd#dei_AmendmentFlag"/>
    <link:presentationArc order="2" xlink:arcrole="http://www.xbrl.org/2003/arcrole/parent-child" xlink:from="loc_dei_DocumentInformationLineItems_eb0e4015-6ea9-4b0b-86cd-0c6f8a509ff6" xlink:to="loc_dei_AmendmentFlag_55dc0638-f6db-4148-85e4-f7b3ec39d77c" xlink:type="arc" preferredLabel="http://www.xbrl.org/2003/role/terseLabel"/>
    <link:loc xlink:type="locator" xlink:label="loc_dei_Security12bTitle_edc0c08c-0b04-49bd-80ca-3f673461abf4" xlink:href="https://xbrl.sec.gov/dei/2025/dei-2025.xsd#dei_Security12bTitle"/>
    <link:presentationArc order="3" xlink:arcrole="http://www.xbrl.org/2003/arcrole/parent-child" xlink:from="loc_dei_DocumentInformationLineItems_eb0e4015-6ea9-4b0b-86cd-0c6f8a509ff6" xlink:to="loc_dei_Security12bTitle_edc0c08c-0b04-49bd-80ca-3f673461abf4" xlink:type="arc" preferredLabel="http://www.xbrl.org/2003/role/terseLabel"/>
    <link:loc xlink:type="locator" xlink:label="loc_dei_EntityIncorporationStateCountryCode_3eceeec4-c945-4ea2-b6b0-0d3f2beb3de1" xlink:href="https://xbrl.sec.gov/dei/2025/dei-2025.xsd#dei_EntityIncorporationStateCountryCode"/>
    <link:presentationArc order="4" xlink:arcrole="http://www.xbrl.org/2003/arcrole/parent-child" xlink:from="loc_dei_DocumentInformationLineItems_eb0e4015-6ea9-4b0b-86cd-0c6f8a509ff6" xlink:to="loc_dei_EntityIncorporationStateCountryCode_3eceeec4-c945-4ea2-b6b0-0d3f2beb3de1" xlink:type="arc" preferredLabel="http://www.xbrl.org/2003/role/terseLabel"/>
    <link:loc xlink:type="locator" xlink:label="loc_dei_DocumentType_6d23007f-912a-44de-8672-a1dfb7025030" xlink:href="https://xbrl.sec.gov/dei/2025/dei-2025.xsd#dei_DocumentType"/>
    <link:presentationArc order="5" xlink:arcrole="http://www.xbrl.org/2003/arcrole/parent-child" xlink:from="loc_dei_DocumentInformationLineItems_eb0e4015-6ea9-4b0b-86cd-0c6f8a509ff6" xlink:to="loc_dei_DocumentType_6d23007f-912a-44de-8672-a1dfb7025030" xlink:type="arc" preferredLabel="http://www.xbrl.org/2003/role/terseLabel"/>
    <link:loc xlink:type="locator" xlink:label="loc_dei_DocumentPeriodEndDate_577b1c65-9373-4313-8cea-be657adcc582" xlink:href="https://xbrl.sec.gov/dei/2025/dei-2025.xsd#dei_DocumentPeriodEndDate"/>
    <link:presentationArc order="6" xlink:arcrole="http://www.xbrl.org/2003/arcrole/parent-child" xlink:from="loc_dei_DocumentInformationLineItems_eb0e4015-6ea9-4b0b-86cd-0c6f8a509ff6" xlink:to="loc_dei_DocumentPeriodEndDate_577b1c65-9373-4313-8cea-be657adcc582" xlink:type="arc" preferredLabel="http://www.xbrl.org/2003/role/terseLabel"/>
    <link:loc xlink:type="locator" xlink:label="loc_dei_EntityRegistrantName_97a2dd8d-9ef8-4d14-b012-e7444702849f" xlink:href="https://xbrl.sec.gov/dei/2025/dei-2025.xsd#dei_EntityRegistrantName"/>
    <link:presentationArc order="7" xlink:arcrole="http://www.xbrl.org/2003/arcrole/parent-child" xlink:from="loc_dei_DocumentInformationLineItems_eb0e4015-6ea9-4b0b-86cd-0c6f8a509ff6" xlink:to="loc_dei_EntityRegistrantName_97a2dd8d-9ef8-4d14-b012-e7444702849f" xlink:type="arc" preferredLabel="http://www.xbrl.org/2003/role/terseLabel"/>
    <link:loc xlink:type="locator" xlink:label="loc_dei_EntityFileNumber_65dfb83a-39ed-41c5-ac80-26f090e611df" xlink:href="https://xbrl.sec.gov/dei/2025/dei-2025.xsd#dei_EntityFileNumber"/>
    <link:presentationArc order="8" xlink:arcrole="http://www.xbrl.org/2003/arcrole/parent-child" xlink:from="loc_dei_DocumentInformationLineItems_eb0e4015-6ea9-4b0b-86cd-0c6f8a509ff6" xlink:to="loc_dei_EntityFileNumber_65dfb83a-39ed-41c5-ac80-26f090e611df" xlink:type="arc" preferredLabel="http://www.xbrl.org/2003/role/terseLabel"/>
    <link:loc xlink:type="locator" xlink:label="loc_dei_EntityTaxIdentificationNumber_4bfb0ce7-c13d-493c-8f38-5183f26bd086" xlink:href="https://xbrl.sec.gov/dei/2025/dei-2025.xsd#dei_EntityTaxIdentificationNumber"/>
    <link:presentationArc order="9" xlink:arcrole="http://www.xbrl.org/2003/arcrole/parent-child" xlink:from="loc_dei_DocumentInformationLineItems_eb0e4015-6ea9-4b0b-86cd-0c6f8a509ff6" xlink:to="loc_dei_EntityTaxIdentificationNumber_4bfb0ce7-c13d-493c-8f38-5183f26bd086" xlink:type="arc" preferredLabel="http://www.xbrl.org/2003/role/terseLabel"/>
    <link:loc xlink:type="locator" xlink:label="loc_dei_EntityAddressAddressLine1_4ef94fc1-ba20-44ef-84ea-0a15d75c0c45" xlink:href="https://xbrl.sec.gov/dei/2025/dei-2025.xsd#dei_EntityAddressAddressLine1"/>
    <link:presentationArc order="10" xlink:arcrole="http://www.xbrl.org/2003/arcrole/parent-child" xlink:from="loc_dei_DocumentInformationLineItems_eb0e4015-6ea9-4b0b-86cd-0c6f8a509ff6" xlink:to="loc_dei_EntityAddressAddressLine1_4ef94fc1-ba20-44ef-84ea-0a15d75c0c45" xlink:type="arc" preferredLabel="http://www.xbrl.org/2003/role/terseLabel"/>
    <link:loc xlink:type="locator" xlink:label="loc_dei_EntityAddressCityOrTown_4e4d9064-8b40-4671-9f04-97cdc5a7d829" xlink:href="https://xbrl.sec.gov/dei/2025/dei-2025.xsd#dei_EntityAddressCityOrTown"/>
    <link:presentationArc order="11" xlink:arcrole="http://www.xbrl.org/2003/arcrole/parent-child" xlink:from="loc_dei_DocumentInformationLineItems_eb0e4015-6ea9-4b0b-86cd-0c6f8a509ff6" xlink:to="loc_dei_EntityAddressCityOrTown_4e4d9064-8b40-4671-9f04-97cdc5a7d829" xlink:type="arc" preferredLabel="http://www.xbrl.org/2003/role/terseLabel"/>
    <link:loc xlink:type="locator" xlink:label="loc_dei_EntityAddressStateOrProvince_c4efdfac-036b-44a4-bbce-f9d4ee56fb4c" xlink:href="https://xbrl.sec.gov/dei/2025/dei-2025.xsd#dei_EntityAddressStateOrProvince"/>
    <link:presentationArc order="12" xlink:arcrole="http://www.xbrl.org/2003/arcrole/parent-child" xlink:from="loc_dei_DocumentInformationLineItems_eb0e4015-6ea9-4b0b-86cd-0c6f8a509ff6" xlink:to="loc_dei_EntityAddressStateOrProvince_c4efdfac-036b-44a4-bbce-f9d4ee56fb4c" xlink:type="arc" preferredLabel="http://www.xbrl.org/2003/role/terseLabel"/>
    <link:loc xlink:type="locator" xlink:label="loc_dei_EntityAddressPostalZipCode_7c00fa21-da7c-4207-8edb-6653a57b9f96" xlink:href="https://xbrl.sec.gov/dei/2025/dei-2025.xsd#dei_EntityAddressPostalZipCode"/>
    <link:presentationArc order="13" xlink:arcrole="http://www.xbrl.org/2003/arcrole/parent-child" xlink:from="loc_dei_DocumentInformationLineItems_eb0e4015-6ea9-4b0b-86cd-0c6f8a509ff6" xlink:to="loc_dei_EntityAddressPostalZipCode_7c00fa21-da7c-4207-8edb-6653a57b9f96" xlink:type="arc" preferredLabel="http://www.xbrl.org/2003/role/terseLabel"/>
    <link:loc xlink:type="locator" xlink:label="loc_dei_CityAreaCode_74dd4ac3-a108-4c44-8f57-a78e2d558892" xlink:href="https://xbrl.sec.gov/dei/2025/dei-2025.xsd#dei_CityAreaCode"/>
    <link:presentationArc order="14" xlink:arcrole="http://www.xbrl.org/2003/arcrole/parent-child" xlink:from="loc_dei_DocumentInformationLineItems_eb0e4015-6ea9-4b0b-86cd-0c6f8a509ff6" xlink:to="loc_dei_CityAreaCode_74dd4ac3-a108-4c44-8f57-a78e2d558892" xlink:type="arc" preferredLabel="http://www.xbrl.org/2003/role/terseLabel"/>
    <link:loc xlink:type="locator" xlink:label="loc_dei_LocalPhoneNumber_0cb6d2e9-a315-4f7f-ac6e-269c86551d8a" xlink:href="https://xbrl.sec.gov/dei/2025/dei-2025.xsd#dei_LocalPhoneNumber"/>
    <link:presentationArc order="15" xlink:arcrole="http://www.xbrl.org/2003/arcrole/parent-child" xlink:from="loc_dei_DocumentInformationLineItems_eb0e4015-6ea9-4b0b-86cd-0c6f8a509ff6" xlink:to="loc_dei_LocalPhoneNumber_0cb6d2e9-a315-4f7f-ac6e-269c86551d8a" xlink:type="arc" preferredLabel="http://www.xbrl.org/2003/role/terseLabel"/>
    <link:loc xlink:type="locator" xlink:label="loc_dei_WrittenCommunications_c4df76d0-4371-4490-897c-39a722daa614" xlink:href="https://xbrl.sec.gov/dei/2025/dei-2025.xsd#dei_WrittenCommunications"/>
    <link:presentationArc order="16" xlink:arcrole="http://www.xbrl.org/2003/arcrole/parent-child" xlink:from="loc_dei_DocumentInformationLineItems_eb0e4015-6ea9-4b0b-86cd-0c6f8a509ff6" xlink:to="loc_dei_WrittenCommunications_c4df76d0-4371-4490-897c-39a722daa614" xlink:type="arc" preferredLabel="http://www.xbrl.org/2003/role/terseLabel"/>
    <link:loc xlink:type="locator" xlink:label="loc_dei_SolicitingMaterial_d23383a2-4956-46a4-bcc4-b1a3096bdfab" xlink:href="https://xbrl.sec.gov/dei/2025/dei-2025.xsd#dei_SolicitingMaterial"/>
    <link:presentationArc order="17" xlink:arcrole="http://www.xbrl.org/2003/arcrole/parent-child" xlink:from="loc_dei_DocumentInformationLineItems_eb0e4015-6ea9-4b0b-86cd-0c6f8a509ff6" xlink:to="loc_dei_SolicitingMaterial_d23383a2-4956-46a4-bcc4-b1a3096bdfab" xlink:type="arc" preferredLabel="http://www.xbrl.org/2003/role/terseLabel"/>
    <link:loc xlink:type="locator" xlink:label="loc_dei_PreCommencementTenderOffer_1907d2fb-4c26-413c-9b63-150e502d5aa6" xlink:href="https://xbrl.sec.gov/dei/2025/dei-2025.xsd#dei_PreCommencementTenderOffer"/>
    <link:presentationArc order="18" xlink:arcrole="http://www.xbrl.org/2003/arcrole/parent-child" xlink:from="loc_dei_DocumentInformationLineItems_eb0e4015-6ea9-4b0b-86cd-0c6f8a509ff6" xlink:to="loc_dei_PreCommencementTenderOffer_1907d2fb-4c26-413c-9b63-150e502d5aa6" xlink:type="arc" preferredLabel="http://www.xbrl.org/2003/role/terseLabel"/>
    <link:loc xlink:type="locator" xlink:label="loc_dei_PreCommencementIssuerTenderOffer_bb5b1f06-4b8b-47a5-a635-347b5874ff49" xlink:href="https://xbrl.sec.gov/dei/2025/dei-2025.xsd#dei_PreCommencementIssuerTenderOffer"/>
    <link:presentationArc order="19" xlink:arcrole="http://www.xbrl.org/2003/arcrole/parent-child" xlink:from="loc_dei_DocumentInformationLineItems_eb0e4015-6ea9-4b0b-86cd-0c6f8a509ff6" xlink:to="loc_dei_PreCommencementIssuerTenderOffer_bb5b1f06-4b8b-47a5-a635-347b5874ff49" xlink:type="arc" preferredLabel="http://www.xbrl.org/2003/role/terseLabel"/>
    <link:loc xlink:type="locator" xlink:label="loc_dei_TradingSymbol_8dc1d7e0-b60c-4138-9331-109721f92572" xlink:href="https://xbrl.sec.gov/dei/2025/dei-2025.xsd#dei_TradingSymbol"/>
    <link:presentationArc order="20" xlink:arcrole="http://www.xbrl.org/2003/arcrole/parent-child" xlink:from="loc_dei_DocumentInformationLineItems_eb0e4015-6ea9-4b0b-86cd-0c6f8a509ff6" xlink:to="loc_dei_TradingSymbol_8dc1d7e0-b60c-4138-9331-109721f92572" xlink:type="arc" preferredLabel="http://www.xbrl.org/2003/role/terseLabel"/>
    <link:loc xlink:type="locator" xlink:label="loc_dei_SecurityExchangeName_f143caa6-f314-45a8-98cf-2e10c469298e" xlink:href="https://xbrl.sec.gov/dei/2025/dei-2025.xsd#dei_SecurityExchangeName"/>
    <link:presentationArc order="21" xlink:arcrole="http://www.xbrl.org/2003/arcrole/parent-child" xlink:from="loc_dei_DocumentInformationLineItems_eb0e4015-6ea9-4b0b-86cd-0c6f8a509ff6" xlink:to="loc_dei_SecurityExchangeName_f143caa6-f314-45a8-98cf-2e10c469298e" xlink:type="arc" preferredLabel="http://www.xbrl.org/2003/role/terseLabel"/>
    <link:loc xlink:type="locator" xlink:label="loc_dei_EntityEmergingGrowthCompany_e9d2ff42-21e2-4c09-8946-2b62e641689d" xlink:href="https://xbrl.sec.gov/dei/2025/dei-2025.xsd#dei_EntityEmergingGrowthCompany"/>
    <link:presentationArc order="22" xlink:arcrole="http://www.xbrl.org/2003/arcrole/parent-child" xlink:from="loc_dei_DocumentInformationLineItems_eb0e4015-6ea9-4b0b-86cd-0c6f8a509ff6" xlink:to="loc_dei_EntityEmergingGrowthCompany_e9d2ff42-21e2-4c09-8946-2b62e641689d" xlink:type="arc" preferredLabel="http://www.xbrl.org/2003/role/terseLabel"/>
  </link:presentationLink>
</link:linkbase>
