<?xml version="1.0" encoding="UTF-8"?>

<!--XBRL Document Created with the Workiva Platform-->
<!--Copyright 2025 Workiva-->
<!--r:b00c578a-1919-40d3-854b-514a5f478647,g:604b1b0e-a34b-4bfb-820d-27db529b9cf3-->
<link:linkbase xmlns:link="http://www.xbrl.org/2003/linkbase" xmlns:xlink="http://www.w3.org/1999/xlink" xmlns:xsi="http://www.w3.org/2001/XMLSchema-instance" xsi:schemaLocation="http://www.xbrl.org/2003/linkbase http://www.xbrl.org/2003/xbrl-linkbase-2003-12-31.xsd">
  <link:roleRef roleURI="http://www.gamestop.com/role/DocumentandEntityInformationDocument" xlink:type="simple" xlink:href="gme-20250325.xsd#DocumentandEntityInformationDocument"/>
  <link:presentationLink xlink:role="http://www.gamestop.com/role/DocumentandEntityInformationDocument" xlink:type="extended">
    <link:loc xlink:type="locator" xlink:label="loc_gme_DocumentAndEntityInformationAbstract_e479283c-d0c5-4938-b728-13863dc808f6" xlink:href="gme-20250325.xsd#gme_DocumentAndEntityInformationAbstract"/>
    <link:loc xlink:type="locator" xlink:label="loc_dei_EntityCentralIndexKey_bc67d6b6-fd19-4b08-a2a9-1f35ccf641f8" xlink:href="https://xbrl.sec.gov/dei/2024/dei-2024.xsd#dei_EntityCentralIndexKey"/>
    <link:presentationArc order="1" xlink:arcrole="http://www.xbrl.org/2003/arcrole/parent-child" xlink:from="loc_gme_DocumentAndEntityInformationAbstract_e479283c-d0c5-4938-b728-13863dc808f6" xlink:to="loc_dei_EntityCentralIndexKey_bc67d6b6-fd19-4b08-a2a9-1f35ccf641f8" xlink:type="arc" preferredLabel="http://www.xbrl.org/2003/role/terseLabel"/>
    <link:loc xlink:type="locator" xlink:label="loc_dei_DocumentFiscalPeriodFocus_89621a9d-685b-465c-b806-4ce2f3d15d77" xlink:href="https://xbrl.sec.gov/dei/2024/dei-2024.xsd#dei_DocumentFiscalPeriodFocus"/>
    <link:presentationArc order="2" xlink:arcrole="http://www.xbrl.org/2003/arcrole/parent-child" xlink:from="loc_gme_DocumentAndEntityInformationAbstract_e479283c-d0c5-4938-b728-13863dc808f6" xlink:to="loc_dei_DocumentFiscalPeriodFocus_89621a9d-685b-465c-b806-4ce2f3d15d77" xlink:type="arc" preferredLabel="http://www.xbrl.org/2003/role/terseLabel"/>
    <link:loc xlink:type="locator" xlink:label="loc_dei_DocumentFiscalYearFocus_51f97692-31c4-4ec7-9a44-69013bca24a1" xlink:href="https://xbrl.sec.gov/dei/2024/dei-2024.xsd#dei_DocumentFiscalYearFocus"/>
    <link:presentationArc order="3" xlink:arcrole="http://www.xbrl.org/2003/arcrole/parent-child" xlink:from="loc_gme_DocumentAndEntityInformationAbstract_e479283c-d0c5-4938-b728-13863dc808f6" xlink:to="loc_dei_DocumentFiscalYearFocus_51f97692-31c4-4ec7-9a44-69013bca24a1" xlink:type="arc" preferredLabel="http://www.xbrl.org/2003/role/terseLabel"/>
    <link:loc xlink:type="locator" xlink:label="loc_dei_AmendmentFlag_a944f265-6294-4b7f-a2b8-95468ff0e7ba" xlink:href="https://xbrl.sec.gov/dei/2024/dei-2024.xsd#dei_AmendmentFlag"/>
    <link:presentationArc order="4" xlink:arcrole="http://www.xbrl.org/2003/arcrole/parent-child" xlink:from="loc_gme_DocumentAndEntityInformationAbstract_e479283c-d0c5-4938-b728-13863dc808f6" xlink:to="loc_dei_AmendmentFlag_a944f265-6294-4b7f-a2b8-95468ff0e7ba" xlink:type="arc" preferredLabel="http://www.xbrl.org/2003/role/terseLabel"/>
    <link:loc xlink:type="locator" xlink:label="loc_dei_Security12bTitle_d0fa8fd8-d115-45d1-99d1-1eb4ecd3e553" xlink:href="https://xbrl.sec.gov/dei/2024/dei-2024.xsd#dei_Security12bTitle"/>
    <link:presentationArc order="5" xlink:arcrole="http://www.xbrl.org/2003/arcrole/parent-child" xlink:from="loc_gme_DocumentAndEntityInformationAbstract_e479283c-d0c5-4938-b728-13863dc808f6" xlink:to="loc_dei_Security12bTitle_d0fa8fd8-d115-45d1-99d1-1eb4ecd3e553" xlink:type="arc" preferredLabel="http://www.xbrl.org/2003/role/terseLabel"/>
    <link:loc xlink:type="locator" xlink:label="loc_dei_EntityIncorporationStateCountryCode_5f229cf5-dcb1-4cf1-80c7-d2c88022a11a" xlink:href="https://xbrl.sec.gov/dei/2024/dei-2024.xsd#dei_EntityIncorporationStateCountryCode"/>
    <link:presentationArc order="6" xlink:arcrole="http://www.xbrl.org/2003/arcrole/parent-child" xlink:from="loc_gme_DocumentAndEntityInformationAbstract_e479283c-d0c5-4938-b728-13863dc808f6" xlink:to="loc_dei_EntityIncorporationStateCountryCode_5f229cf5-dcb1-4cf1-80c7-d2c88022a11a" xlink:type="arc" preferredLabel="http://www.xbrl.org/2003/role/terseLabel"/>
    <link:loc xlink:type="locator" xlink:label="loc_dei_DocumentType_10dd9d7d-6c9e-4e44-b7f2-ff9394fe9a09" xlink:href="https://xbrl.sec.gov/dei/2024/dei-2024.xsd#dei_DocumentType"/>
    <link:presentationArc order="7" xlink:arcrole="http://www.xbrl.org/2003/arcrole/parent-child" xlink:from="loc_gme_DocumentAndEntityInformationAbstract_e479283c-d0c5-4938-b728-13863dc808f6" xlink:to="loc_dei_DocumentType_10dd9d7d-6c9e-4e44-b7f2-ff9394fe9a09" xlink:type="arc" preferredLabel="http://www.xbrl.org/2003/role/terseLabel"/>
    <link:loc xlink:type="locator" xlink:label="loc_dei_DocumentPeriodEndDate_44ff5a35-ae81-421d-b7af-c1d5de2a019d" xlink:href="https://xbrl.sec.gov/dei/2024/dei-2024.xsd#dei_DocumentPeriodEndDate"/>
    <link:presentationArc order="8" xlink:arcrole="http://www.xbrl.org/2003/arcrole/parent-child" xlink:from="loc_gme_DocumentAndEntityInformationAbstract_e479283c-d0c5-4938-b728-13863dc808f6" xlink:to="loc_dei_DocumentPeriodEndDate_44ff5a35-ae81-421d-b7af-c1d5de2a019d" xlink:type="arc" preferredLabel="http://www.xbrl.org/2003/role/terseLabel"/>
    <link:loc xlink:type="locator" xlink:label="loc_dei_EntityRegistrantName_c702dccb-6b59-417c-901b-1aa06bef7c97" xlink:href="https://xbrl.sec.gov/dei/2024/dei-2024.xsd#dei_EntityRegistrantName"/>
    <link:presentationArc order="9" xlink:arcrole="http://www.xbrl.org/2003/arcrole/parent-child" xlink:from="loc_gme_DocumentAndEntityInformationAbstract_e479283c-d0c5-4938-b728-13863dc808f6" xlink:to="loc_dei_EntityRegistrantName_c702dccb-6b59-417c-901b-1aa06bef7c97" xlink:type="arc" preferredLabel="http://www.xbrl.org/2003/role/terseLabel"/>
    <link:loc xlink:type="locator" xlink:label="loc_dei_EntityFileNumber_bea9d590-ee29-45c4-bdf0-4c001ab9dab8" xlink:href="https://xbrl.sec.gov/dei/2024/dei-2024.xsd#dei_EntityFileNumber"/>
    <link:presentationArc order="10" xlink:arcrole="http://www.xbrl.org/2003/arcrole/parent-child" xlink:from="loc_gme_DocumentAndEntityInformationAbstract_e479283c-d0c5-4938-b728-13863dc808f6" xlink:to="loc_dei_EntityFileNumber_bea9d590-ee29-45c4-bdf0-4c001ab9dab8" xlink:type="arc" preferredLabel="http://www.xbrl.org/2003/role/terseLabel"/>
    <link:loc xlink:type="locator" xlink:label="loc_dei_EntityTaxIdentificationNumber_a7612c56-e058-48eb-9703-930bb68cffaa" xlink:href="https://xbrl.sec.gov/dei/2024/dei-2024.xsd#dei_EntityTaxIdentificationNumber"/>
    <link:presentationArc order="11" xlink:arcrole="http://www.xbrl.org/2003/arcrole/parent-child" xlink:from="loc_gme_DocumentAndEntityInformationAbstract_e479283c-d0c5-4938-b728-13863dc808f6" xlink:to="loc_dei_EntityTaxIdentificationNumber_a7612c56-e058-48eb-9703-930bb68cffaa" xlink:type="arc" preferredLabel="http://www.xbrl.org/2003/role/terseLabel"/>
    <link:loc xlink:type="locator" xlink:label="loc_dei_EntityAddressAddressLine1_41a2b857-7aee-49aa-8d45-d5dcd16db1ea" xlink:href="https://xbrl.sec.gov/dei/2024/dei-2024.xsd#dei_EntityAddressAddressLine1"/>
    <link:presentationArc order="12" xlink:arcrole="http://www.xbrl.org/2003/arcrole/parent-child" xlink:from="loc_gme_DocumentAndEntityInformationAbstract_e479283c-d0c5-4938-b728-13863dc808f6" xlink:to="loc_dei_EntityAddressAddressLine1_41a2b857-7aee-49aa-8d45-d5dcd16db1ea" xlink:type="arc" preferredLabel="http://www.xbrl.org/2003/role/terseLabel"/>
    <link:loc xlink:type="locator" xlink:label="loc_dei_EntityAddressCityOrTown_65373d0e-5f4a-41e3-a368-608a3215f1d3" xlink:href="https://xbrl.sec.gov/dei/2024/dei-2024.xsd#dei_EntityAddressCityOrTown"/>
    <link:presentationArc order="13" xlink:arcrole="http://www.xbrl.org/2003/arcrole/parent-child" xlink:from="loc_gme_DocumentAndEntityInformationAbstract_e479283c-d0c5-4938-b728-13863dc808f6" xlink:to="loc_dei_EntityAddressCityOrTown_65373d0e-5f4a-41e3-a368-608a3215f1d3" xlink:type="arc" preferredLabel="http://www.xbrl.org/2003/role/terseLabel"/>
    <link:loc xlink:type="locator" xlink:label="loc_dei_EntityAddressStateOrProvince_c9969398-734a-41af-bcfe-be3fb1657fd3" xlink:href="https://xbrl.sec.gov/dei/2024/dei-2024.xsd#dei_EntityAddressStateOrProvince"/>
    <link:presentationArc order="14" xlink:arcrole="http://www.xbrl.org/2003/arcrole/parent-child" xlink:from="loc_gme_DocumentAndEntityInformationAbstract_e479283c-d0c5-4938-b728-13863dc808f6" xlink:to="loc_dei_EntityAddressStateOrProvince_c9969398-734a-41af-bcfe-be3fb1657fd3" xlink:type="arc" preferredLabel="http://www.xbrl.org/2003/role/terseLabel"/>
    <link:loc xlink:type="locator" xlink:label="loc_dei_EntityAddressPostalZipCode_731cb2db-db0d-4b66-8563-2b212d86394e" xlink:href="https://xbrl.sec.gov/dei/2024/dei-2024.xsd#dei_EntityAddressPostalZipCode"/>
    <link:presentationArc order="15" xlink:arcrole="http://www.xbrl.org/2003/arcrole/parent-child" xlink:from="loc_gme_DocumentAndEntityInformationAbstract_e479283c-d0c5-4938-b728-13863dc808f6" xlink:to="loc_dei_EntityAddressPostalZipCode_731cb2db-db0d-4b66-8563-2b212d86394e" xlink:type="arc" preferredLabel="http://www.xbrl.org/2003/role/terseLabel"/>
    <link:loc xlink:type="locator" xlink:label="loc_dei_CityAreaCode_aa79c1d9-dde0-4b63-a19c-13ba4f9389f7" xlink:href="https://xbrl.sec.gov/dei/2024/dei-2024.xsd#dei_CityAreaCode"/>
    <link:presentationArc order="16" xlink:arcrole="http://www.xbrl.org/2003/arcrole/parent-child" xlink:from="loc_gme_DocumentAndEntityInformationAbstract_e479283c-d0c5-4938-b728-13863dc808f6" xlink:to="loc_dei_CityAreaCode_aa79c1d9-dde0-4b63-a19c-13ba4f9389f7" xlink:type="arc" preferredLabel="http://www.xbrl.org/2003/role/terseLabel"/>
    <link:loc xlink:type="locator" xlink:label="loc_dei_LocalPhoneNumber_7fe0bae0-63a3-4c5f-ba34-aa0537023958" xlink:href="https://xbrl.sec.gov/dei/2024/dei-2024.xsd#dei_LocalPhoneNumber"/>
    <link:presentationArc order="17" xlink:arcrole="http://www.xbrl.org/2003/arcrole/parent-child" xlink:from="loc_gme_DocumentAndEntityInformationAbstract_e479283c-d0c5-4938-b728-13863dc808f6" xlink:to="loc_dei_LocalPhoneNumber_7fe0bae0-63a3-4c5f-ba34-aa0537023958" xlink:type="arc" preferredLabel="http://www.xbrl.org/2003/role/terseLabel"/>
    <link:loc xlink:type="locator" xlink:label="loc_dei_WrittenCommunications_fca8e039-6a49-467d-9c0f-b7f41d2f4d48" xlink:href="https://xbrl.sec.gov/dei/2024/dei-2024.xsd#dei_WrittenCommunications"/>
    <link:presentationArc order="18" xlink:arcrole="http://www.xbrl.org/2003/arcrole/parent-child" xlink:from="loc_gme_DocumentAndEntityInformationAbstract_e479283c-d0c5-4938-b728-13863dc808f6" xlink:to="loc_dei_WrittenCommunications_fca8e039-6a49-467d-9c0f-b7f41d2f4d48" xlink:type="arc" preferredLabel="http://www.xbrl.org/2003/role/terseLabel"/>
    <link:loc xlink:type="locator" xlink:label="loc_dei_SolicitingMaterial_a5d4c233-02ec-4629-a511-272221f73061" xlink:href="https://xbrl.sec.gov/dei/2024/dei-2024.xsd#dei_SolicitingMaterial"/>
    <link:presentationArc order="19" xlink:arcrole="http://www.xbrl.org/2003/arcrole/parent-child" xlink:from="loc_gme_DocumentAndEntityInformationAbstract_e479283c-d0c5-4938-b728-13863dc808f6" xlink:to="loc_dei_SolicitingMaterial_a5d4c233-02ec-4629-a511-272221f73061" xlink:type="arc" preferredLabel="http://www.xbrl.org/2003/role/terseLabel"/>
    <link:loc xlink:type="locator" xlink:label="loc_dei_PreCommencementTenderOffer_a14722b8-185c-44a8-ae01-d37234b2c0a9" xlink:href="https://xbrl.sec.gov/dei/2024/dei-2024.xsd#dei_PreCommencementTenderOffer"/>
    <link:presentationArc order="20" xlink:arcrole="http://www.xbrl.org/2003/arcrole/parent-child" xlink:from="loc_gme_DocumentAndEntityInformationAbstract_e479283c-d0c5-4938-b728-13863dc808f6" xlink:to="loc_dei_PreCommencementTenderOffer_a14722b8-185c-44a8-ae01-d37234b2c0a9" xlink:type="arc" preferredLabel="http://www.xbrl.org/2003/role/terseLabel"/>
    <link:loc xlink:type="locator" xlink:label="loc_dei_PreCommencementIssuerTenderOffer_a92af8fd-6373-4111-b802-3054b344e80f" xlink:href="https://xbrl.sec.gov/dei/2024/dei-2024.xsd#dei_PreCommencementIssuerTenderOffer"/>
    <link:presentationArc order="21" xlink:arcrole="http://www.xbrl.org/2003/arcrole/parent-child" xlink:from="loc_gme_DocumentAndEntityInformationAbstract_e479283c-d0c5-4938-b728-13863dc808f6" xlink:to="loc_dei_PreCommencementIssuerTenderOffer_a92af8fd-6373-4111-b802-3054b344e80f" xlink:type="arc" preferredLabel="http://www.xbrl.org/2003/role/terseLabel"/>
    <link:loc xlink:type="locator" xlink:label="loc_dei_TradingSymbol_4dac9f0a-06a9-4109-9b6c-e5cc4c2a355d" xlink:href="https://xbrl.sec.gov/dei/2024/dei-2024.xsd#dei_TradingSymbol"/>
    <link:presentationArc order="22" xlink:arcrole="http://www.xbrl.org/2003/arcrole/parent-child" xlink:from="loc_gme_DocumentAndEntityInformationAbstract_e479283c-d0c5-4938-b728-13863dc808f6" xlink:to="loc_dei_TradingSymbol_4dac9f0a-06a9-4109-9b6c-e5cc4c2a355d" xlink:type="arc" preferredLabel="http://www.xbrl.org/2003/role/terseLabel"/>
    <link:loc xlink:type="locator" xlink:label="loc_dei_SecurityExchangeName_15cbfdff-a9bb-4009-9059-ceb968ffa08d" xlink:href="https://xbrl.sec.gov/dei/2024/dei-2024.xsd#dei_SecurityExchangeName"/>
    <link:presentationArc order="23" xlink:arcrole="http://www.xbrl.org/2003/arcrole/parent-child" xlink:from="loc_gme_DocumentAndEntityInformationAbstract_e479283c-d0c5-4938-b728-13863dc808f6" xlink:to="loc_dei_SecurityExchangeName_15cbfdff-a9bb-4009-9059-ceb968ffa08d" xlink:type="arc" preferredLabel="http://www.xbrl.org/2003/role/terseLabel"/>
    <link:loc xlink:type="locator" xlink:label="loc_dei_EntityEmergingGrowthCompany_7571069d-ca93-4c89-9ed1-cde471be9c67" xlink:href="https://xbrl.sec.gov/dei/2024/dei-2024.xsd#dei_EntityEmergingGrowthCompany"/>
    <link:presentationArc order="24" xlink:arcrole="http://www.xbrl.org/2003/arcrole/parent-child" xlink:from="loc_gme_DocumentAndEntityInformationAbstract_e479283c-d0c5-4938-b728-13863dc808f6" xlink:to="loc_dei_EntityEmergingGrowthCompany_7571069d-ca93-4c89-9ed1-cde471be9c67" xlink:type="arc" preferredLabel="http://www.xbrl.org/2003/role/terseLabel"/>
  </link:presentationLink>
</link:linkbase>
