<?xml version="1.0" encoding="UTF-8"?>

<!--XBRL Document Created with the Workiva Platform-->
<!--Copyright 2025 Workiva-->
<!--r:b00c578a-1919-40d3-854b-514a5f478647,g:604b1b0e-a34b-4bfb-820d-27db529b9cf3-->
<link:linkbase xmlns:link="http://www.xbrl.org/2003/linkbase" xmlns:xlink="http://www.w3.org/1999/xlink" xmlns:xsi="http://www.w3.org/2001/XMLSchema-instance" xsi:schemaLocation="http://www.xbrl.org/2003/linkbase http://www.xbrl.org/2003/xbrl-linkbase-2003-12-31.xsd">
  <link:roleRef roleURI="http://www.xbrl.org/2009/role/negatedPeriodStartLabel" xlink:type="simple" xlink:href="http://www.xbrl.org/lrr/role/negated-2009-12-16.xsd#negatedPeriodStartLabel"/>
  <link:roleRef roleURI="http://www.xbrl.org/2009/role/netLabel" xlink:type="simple" xlink:href="http://www.xbrl.org/lrr/role/net-2009-12-16.xsd#netLabel"/>
  <link:roleRef roleURI="http://www.xbrl.org/2009/role/negatedNetLabel" xlink:type="simple" xlink:href="http://www.xbrl.org/lrr/role/negated-2009-12-16.xsd#negatedNetLabel"/>
  <link:roleRef roleURI="http://www.xbrl.org/2009/role/negatedTerseLabel" xlink:type="simple" xlink:href="http://www.xbrl.org/lrr/role/negated-2009-12-16.xsd#negatedTerseLabel"/>
  <link:roleRef roleURI="http://www.xbrl.org/2009/role/negatedPeriodEndLabel" xlink:type="simple" xlink:href="http://www.xbrl.org/lrr/role/negated-2009-12-16.xsd#negatedPeriodEndLabel"/>
  <link:roleRef roleURI="http://www.xbrl.org/2009/role/negatedLabel" xlink:type="simple" xlink:href="http://www.xbrl.org/lrr/role/negated-2009-12-16.xsd#negatedLabel"/>
  <link:roleRef roleURI="http://www.xbrl.org/2009/role/negatedTotalLabel" xlink:type="simple" xlink:href="http://www.xbrl.org/lrr/role/negated-2009-12-16.xsd#negatedTotalLabel"/>
  <link:labelLink xlink:role="http://www.xbrl.org/2003/role/link" xlink:type="extended">
    <link:label id="lab_dei_EntityIncorporationStateCountryCode_f936ed2d-edd0-4a96-a046-a8a8e506fb0c_terseLabel_en-US" xlink:label="lab_dei_EntityIncorporationStateCountryCode" xlink:role="http://www.xbrl.org/2003/role/terseLabel" xlink:type="resource" xml:lang="en-US">Entity Incorporation, State or Country Code</link:label>
    <link:label id="lab_dei_EntityIncorporationStateCountryCode_label_en-US" xlink:label="lab_dei_EntityIncorporationStateCountryCode" xlink:role="http://www.xbrl.org/2003/role/label" xlink:type="resource" xml:lang="en-US">Entity Incorporation, State or Country Code</link:label>
    <link:loc xlink:type="locator" xlink:label="loc_dei_EntityIncorporationStateCountryCode" xlink:href="https://xbrl.sec.gov/dei/2024/dei-2024.xsd#dei_EntityIncorporationStateCountryCode"/>
    <link:labelArc xlink:arcrole="http://www.xbrl.org/2003/arcrole/concept-label" xlink:from="loc_dei_EntityIncorporationStateCountryCode" xlink:to="lab_dei_EntityIncorporationStateCountryCode" xlink:type="arc" order="1"/>
    <link:label id="lab_dei_EntityCentralIndexKey_db43aa2c-c3f9-454f-9862-f616ec157ecb_terseLabel_en-US" xlink:label="lab_dei_EntityCentralIndexKey" xlink:role="http://www.xbrl.org/2003/role/terseLabel" xlink:type="resource" xml:lang="en-US">Entity Central Index Key</link:label>
    <link:label id="lab_dei_EntityCentralIndexKey_label_en-US" xlink:label="lab_dei_EntityCentralIndexKey" xlink:role="http://www.xbrl.org/2003/role/label" xlink:type="resource" xml:lang="en-US">Entity Central Index Key</link:label>
    <link:loc xlink:type="locator" xlink:label="loc_dei_EntityCentralIndexKey" xlink:href="https://xbrl.sec.gov/dei/2024/dei-2024.xsd#dei_EntityCentralIndexKey"/>
    <link:labelArc xlink:arcrole="http://www.xbrl.org/2003/arcrole/concept-label" xlink:from="loc_dei_EntityCentralIndexKey" xlink:to="lab_dei_EntityCentralIndexKey" xlink:type="arc" order="1"/>
    <link:label id="lab_dei_EntityFileNumber_d149bbda-6770-4fea-abbb-5127a53cef10_terseLabel_en-US" xlink:label="lab_dei_EntityFileNumber" xlink:role="http://www.xbrl.org/2003/role/terseLabel" xlink:type="resource" xml:lang="en-US">Entity File Number</link:label>
    <link:label id="lab_dei_EntityFileNumber_label_en-US" xlink:label="lab_dei_EntityFileNumber" xlink:role="http://www.xbrl.org/2003/role/label" xlink:type="resource" xml:lang="en-US">Entity File Number</link:label>
    <link:loc xlink:type="locator" xlink:label="loc_dei_EntityFileNumber" xlink:href="https://xbrl.sec.gov/dei/2024/dei-2024.xsd#dei_EntityFileNumber"/>
    <link:labelArc xlink:arcrole="http://www.xbrl.org/2003/arcrole/concept-label" xlink:from="loc_dei_EntityFileNumber" xlink:to="lab_dei_EntityFileNumber" xlink:type="arc" order="1"/>
    <link:label id="lab_dei_EntityAddressStateOrProvince_ec7032bc-9ef6-4567-9548-47289a10b58c_terseLabel_en-US" xlink:label="lab_dei_EntityAddressStateOrProvince" xlink:role="http://www.xbrl.org/2003/role/terseLabel" xlink:type="resource" xml:lang="en-US">Entity Address, State or Province</link:label>
    <link:label id="lab_dei_EntityAddressStateOrProvince_label_en-US" xlink:label="lab_dei_EntityAddressStateOrProvince" xlink:role="http://www.xbrl.org/2003/role/label" xlink:type="resource" xml:lang="en-US">Entity Address, State or Province</link:label>
    <link:loc xlink:type="locator" xlink:label="loc_dei_EntityAddressStateOrProvince" xlink:href="https://xbrl.sec.gov/dei/2024/dei-2024.xsd#dei_EntityAddressStateOrProvince"/>
    <link:labelArc xlink:arcrole="http://www.xbrl.org/2003/arcrole/concept-label" xlink:from="loc_dei_EntityAddressStateOrProvince" xlink:to="lab_dei_EntityAddressStateOrProvince" xlink:type="arc" order="1"/>
    <link:label id="lab_dei_SecurityExchangeName_4d08ae83-08db-4faf-954f-0fe6f7e8c6fc_terseLabel_en-US" xlink:label="lab_dei_SecurityExchangeName" xlink:role="http://www.xbrl.org/2003/role/terseLabel" xlink:type="resource" xml:lang="en-US">Security Exchange Name</link:label>
    <link:label id="lab_dei_SecurityExchangeName_label_en-US" xlink:label="lab_dei_SecurityExchangeName" xlink:role="http://www.xbrl.org/2003/role/label" xlink:type="resource" xml:lang="en-US">Security Exchange Name</link:label>
    <link:loc xlink:type="locator" xlink:label="loc_dei_SecurityExchangeName" xlink:href="https://xbrl.sec.gov/dei/2024/dei-2024.xsd#dei_SecurityExchangeName"/>
    <link:labelArc xlink:arcrole="http://www.xbrl.org/2003/arcrole/concept-label" xlink:from="loc_dei_SecurityExchangeName" xlink:to="lab_dei_SecurityExchangeName" xlink:type="arc" order="1"/>
    <link:label id="lab_dei_PreCommencementIssuerTenderOffer_4bc707c6-fdc2-4b7a-9a19-b09d32f4f570_terseLabel_en-US" xlink:label="lab_dei_PreCommencementIssuerTenderOffer" xlink:role="http://www.xbrl.org/2003/role/terseLabel" xlink:type="resource" xml:lang="en-US">Pre-commencement Issuer Tender Offer</link:label>
    <link:label id="lab_dei_PreCommencementIssuerTenderOffer_label_en-US" xlink:label="lab_dei_PreCommencementIssuerTenderOffer" xlink:role="http://www.xbrl.org/2003/role/label" xlink:type="resource" xml:lang="en-US">Pre-commencement Issuer Tender Offer</link:label>
    <link:loc xlink:type="locator" xlink:label="loc_dei_PreCommencementIssuerTenderOffer" xlink:href="https://xbrl.sec.gov/dei/2024/dei-2024.xsd#dei_PreCommencementIssuerTenderOffer"/>
    <link:labelArc xlink:arcrole="http://www.xbrl.org/2003/arcrole/concept-label" xlink:from="loc_dei_PreCommencementIssuerTenderOffer" xlink:to="lab_dei_PreCommencementIssuerTenderOffer" xlink:type="arc" order="1"/>
    <link:label id="lab_dei_DocumentFiscalYearFocus_a9c5d4c1-c51f-4a5a-ac85-6927b6139c96_terseLabel_en-US" xlink:label="lab_dei_DocumentFiscalYearFocus" xlink:role="http://www.xbrl.org/2003/role/terseLabel" xlink:type="resource" xml:lang="en-US">Document Fiscal Year Focus</link:label>
    <link:label id="lab_dei_DocumentFiscalYearFocus_label_en-US" xlink:label="lab_dei_DocumentFiscalYearFocus" xlink:role="http://www.xbrl.org/2003/role/label" xlink:type="resource" xml:lang="en-US">Document Fiscal Year Focus</link:label>
    <link:loc xlink:type="locator" xlink:label="loc_dei_DocumentFiscalYearFocus" xlink:href="https://xbrl.sec.gov/dei/2024/dei-2024.xsd#dei_DocumentFiscalYearFocus"/>
    <link:labelArc xlink:arcrole="http://www.xbrl.org/2003/arcrole/concept-label" xlink:from="loc_dei_DocumentFiscalYearFocus" xlink:to="lab_dei_DocumentFiscalYearFocus" xlink:type="arc" order="1"/>
    <link:label id="lab_dei_EntityAddressAddressLine1_b3f437de-9fcf-4158-af89-2e325f844773_terseLabel_en-US" xlink:label="lab_dei_EntityAddressAddressLine1" xlink:role="http://www.xbrl.org/2003/role/terseLabel" xlink:type="resource" xml:lang="en-US">Entity Address, Address Line One</link:label>
    <link:label id="lab_dei_EntityAddressAddressLine1_label_en-US" xlink:label="lab_dei_EntityAddressAddressLine1" xlink:role="http://www.xbrl.org/2003/role/label" xlink:type="resource" xml:lang="en-US">Entity Address, Address Line One</link:label>
    <link:loc xlink:type="locator" xlink:label="loc_dei_EntityAddressAddressLine1" xlink:href="https://xbrl.sec.gov/dei/2024/dei-2024.xsd#dei_EntityAddressAddressLine1"/>
    <link:labelArc xlink:arcrole="http://www.xbrl.org/2003/arcrole/concept-label" xlink:from="loc_dei_EntityAddressAddressLine1" xlink:to="lab_dei_EntityAddressAddressLine1" xlink:type="arc" order="1"/>
    <link:label id="lab_dei_EntityAddressCityOrTown_d534dbc9-6190-4f4d-8b07-323ff518e152_terseLabel_en-US" xlink:label="lab_dei_EntityAddressCityOrTown" xlink:role="http://www.xbrl.org/2003/role/terseLabel" xlink:type="resource" xml:lang="en-US">Entity Address, City or Town</link:label>
    <link:label id="lab_dei_EntityAddressCityOrTown_label_en-US" xlink:label="lab_dei_EntityAddressCityOrTown" xlink:role="http://www.xbrl.org/2003/role/label" xlink:type="resource" xml:lang="en-US">Entity Address, City or Town</link:label>
    <link:loc xlink:type="locator" xlink:label="loc_dei_EntityAddressCityOrTown" xlink:href="https://xbrl.sec.gov/dei/2024/dei-2024.xsd#dei_EntityAddressCityOrTown"/>
    <link:labelArc xlink:arcrole="http://www.xbrl.org/2003/arcrole/concept-label" xlink:from="loc_dei_EntityAddressCityOrTown" xlink:to="lab_dei_EntityAddressCityOrTown" xlink:type="arc" order="1"/>
    <link:label id="lab_dei_SolicitingMaterial_1cfb4185-5d57-4cce-a24b-e1c4ffb29d2a_terseLabel_en-US" xlink:label="lab_dei_SolicitingMaterial" xlink:role="http://www.xbrl.org/2003/role/terseLabel" xlink:type="resource" xml:lang="en-US">Soliciting Material</link:label>
    <link:label id="lab_dei_SolicitingMaterial_label_en-US" xlink:label="lab_dei_SolicitingMaterial" xlink:role="http://www.xbrl.org/2003/role/label" xlink:type="resource" xml:lang="en-US">Soliciting Material</link:label>
    <link:loc xlink:type="locator" xlink:label="loc_dei_SolicitingMaterial" xlink:href="https://xbrl.sec.gov/dei/2024/dei-2024.xsd#dei_SolicitingMaterial"/>
    <link:labelArc xlink:arcrole="http://www.xbrl.org/2003/arcrole/concept-label" xlink:from="loc_dei_SolicitingMaterial" xlink:to="lab_dei_SolicitingMaterial" xlink:type="arc" order="1"/>
    <link:label id="lab_dei_EntityAddressPostalZipCode_895fcca0-559d-4c81-a1a2-72fcb4b4ec27_terseLabel_en-US" xlink:label="lab_dei_EntityAddressPostalZipCode" xlink:role="http://www.xbrl.org/2003/role/terseLabel" xlink:type="resource" xml:lang="en-US">Entity Address, Postal Zip Code</link:label>
    <link:label id="lab_dei_EntityAddressPostalZipCode_label_en-US" xlink:label="lab_dei_EntityAddressPostalZipCode" xlink:role="http://www.xbrl.org/2003/role/label" xlink:type="resource" xml:lang="en-US">Entity Address, Postal Zip Code</link:label>
    <link:loc xlink:type="locator" xlink:label="loc_dei_EntityAddressPostalZipCode" xlink:href="https://xbrl.sec.gov/dei/2024/dei-2024.xsd#dei_EntityAddressPostalZipCode"/>
    <link:labelArc xlink:arcrole="http://www.xbrl.org/2003/arcrole/concept-label" xlink:from="loc_dei_EntityAddressPostalZipCode" xlink:to="lab_dei_EntityAddressPostalZipCode" xlink:type="arc" order="1"/>
    <link:label id="lab_dei_WrittenCommunications_81306e2f-0387-4c97-b4cf-dfa80a9bc9a2_terseLabel_en-US" xlink:label="lab_dei_WrittenCommunications" xlink:role="http://www.xbrl.org/2003/role/terseLabel" xlink:type="resource" xml:lang="en-US">Written Communications</link:label>
    <link:label id="lab_dei_WrittenCommunications_label_en-US" xlink:label="lab_dei_WrittenCommunications" xlink:role="http://www.xbrl.org/2003/role/label" xlink:type="resource" xml:lang="en-US">Written Communications</link:label>
    <link:loc xlink:type="locator" xlink:label="loc_dei_WrittenCommunications" xlink:href="https://xbrl.sec.gov/dei/2024/dei-2024.xsd#dei_WrittenCommunications"/>
    <link:labelArc xlink:arcrole="http://www.xbrl.org/2003/arcrole/concept-label" xlink:from="loc_dei_WrittenCommunications" xlink:to="lab_dei_WrittenCommunications" xlink:type="arc" order="1"/>
    <link:label id="lab_dei_LocalPhoneNumber_59dde776-5d59-471d-abe1-cccf07c572bf_terseLabel_en-US" xlink:label="lab_dei_LocalPhoneNumber" xlink:role="http://www.xbrl.org/2003/role/terseLabel" xlink:type="resource" xml:lang="en-US">Local Phone Number</link:label>
    <link:label id="lab_dei_LocalPhoneNumber_label_en-US" xlink:label="lab_dei_LocalPhoneNumber" xlink:role="http://www.xbrl.org/2003/role/label" xlink:type="resource" xml:lang="en-US">Local Phone Number</link:label>
    <link:loc xlink:type="locator" xlink:label="loc_dei_LocalPhoneNumber" xlink:href="https://xbrl.sec.gov/dei/2024/dei-2024.xsd#dei_LocalPhoneNumber"/>
    <link:labelArc xlink:arcrole="http://www.xbrl.org/2003/arcrole/concept-label" xlink:from="loc_dei_LocalPhoneNumber" xlink:to="lab_dei_LocalPhoneNumber" xlink:type="arc" order="1"/>
    <link:label id="lab_dei_DocumentFiscalPeriodFocus_d2073a15-8491-4310-b4f4-92e16bb8ba53_terseLabel_en-US" xlink:label="lab_dei_DocumentFiscalPeriodFocus" xlink:role="http://www.xbrl.org/2003/role/terseLabel" xlink:type="resource" xml:lang="en-US">Document Fiscal Period Focus</link:label>
    <link:label id="lab_dei_DocumentFiscalPeriodFocus_label_en-US" xlink:label="lab_dei_DocumentFiscalPeriodFocus" xlink:role="http://www.xbrl.org/2003/role/label" xlink:type="resource" xml:lang="en-US">Document Fiscal Period Focus</link:label>
    <link:loc xlink:type="locator" xlink:label="loc_dei_DocumentFiscalPeriodFocus" xlink:href="https://xbrl.sec.gov/dei/2024/dei-2024.xsd#dei_DocumentFiscalPeriodFocus"/>
    <link:labelArc xlink:arcrole="http://www.xbrl.org/2003/arcrole/concept-label" xlink:from="loc_dei_DocumentFiscalPeriodFocus" xlink:to="lab_dei_DocumentFiscalPeriodFocus" xlink:type="arc" order="1"/>
    <link:label id="lab_gme_DocumentAndEntityInformationAbstract_8bb496a0-63b7-4dda-aa7a-bfd206987281_terseLabel_en-US" xlink:label="lab_gme_DocumentAndEntityInformationAbstract" xlink:role="http://www.xbrl.org/2003/role/terseLabel" xlink:type="resource" xml:lang="en-US">Document And Entity Information [Abstract]</link:label>
    <link:label id="lab_gme_DocumentAndEntityInformationAbstract_label_en-US" xlink:label="lab_gme_DocumentAndEntityInformationAbstract" xlink:role="http://www.xbrl.org/2003/role/label" xlink:type="resource" xml:lang="en-US">Document And Entity Information [Abstract]</link:label>
    <link:label id="lab_gme_DocumentAndEntityInformationAbstract_documentation_en-US" xlink:label="lab_gme_DocumentAndEntityInformationAbstract" xlink:role="http://www.xbrl.org/2003/role/documentation" xlink:type="resource" xml:lang="en-US">Document And Entity Information [Abstract]</link:label>
    <link:loc xlink:type="locator" xlink:label="loc_gme_DocumentAndEntityInformationAbstract" xlink:href="gme-20250325.xsd#gme_DocumentAndEntityInformationAbstract"/>
    <link:labelArc xlink:arcrole="http://www.xbrl.org/2003/arcrole/concept-label" xlink:from="loc_gme_DocumentAndEntityInformationAbstract" xlink:to="lab_gme_DocumentAndEntityInformationAbstract" xlink:type="arc" order="1"/>
    <link:label id="lab_dei_CityAreaCode_aa54246a-65e8-4207-9fb1-c8c4d584f8cb_terseLabel_en-US" xlink:label="lab_dei_CityAreaCode" xlink:role="http://www.xbrl.org/2003/role/terseLabel" xlink:type="resource" xml:lang="en-US">City Area Code</link:label>
    <link:label id="lab_dei_CityAreaCode_label_en-US" xlink:label="lab_dei_CityAreaCode" xlink:role="http://www.xbrl.org/2003/role/label" xlink:type="resource" xml:lang="en-US">City Area Code</link:label>
    <link:loc xlink:type="locator" xlink:label="loc_dei_CityAreaCode" xlink:href="https://xbrl.sec.gov/dei/2024/dei-2024.xsd#dei_CityAreaCode"/>
    <link:labelArc xlink:arcrole="http://www.xbrl.org/2003/arcrole/concept-label" xlink:from="loc_dei_CityAreaCode" xlink:to="lab_dei_CityAreaCode" xlink:type="arc" order="1"/>
    <link:label id="lab_dei_Security12bTitle_46b2845d-2774-440a-a8d1-901adf5f91de_terseLabel_en-US" xlink:label="lab_dei_Security12bTitle" xlink:role="http://www.xbrl.org/2003/role/terseLabel" xlink:type="resource" xml:lang="en-US">Title of 12(b) Security</link:label>
    <link:label id="lab_dei_Security12bTitle_label_en-US" xlink:label="lab_dei_Security12bTitle" xlink:role="http://www.xbrl.org/2003/role/label" xlink:type="resource" xml:lang="en-US">Title of 12(b) Security</link:label>
    <link:loc xlink:type="locator" xlink:label="loc_dei_Security12bTitle" xlink:href="https://xbrl.sec.gov/dei/2024/dei-2024.xsd#dei_Security12bTitle"/>
    <link:labelArc xlink:arcrole="http://www.xbrl.org/2003/arcrole/concept-label" xlink:from="loc_dei_Security12bTitle" xlink:to="lab_dei_Security12bTitle" xlink:type="arc" order="1"/>
    <link:label id="lab_dei_DocumentPeriodEndDate_036d6afb-4f9e-4a62-a809-00b4fd26d552_terseLabel_en-US" xlink:label="lab_dei_DocumentPeriodEndDate" xlink:role="http://www.xbrl.org/2003/role/terseLabel" xlink:type="resource" xml:lang="en-US">Document Period End Date</link:label>
    <link:label id="lab_dei_DocumentPeriodEndDate_label_en-US" xlink:label="lab_dei_DocumentPeriodEndDate" xlink:role="http://www.xbrl.org/2003/role/label" xlink:type="resource" xml:lang="en-US">Document Period End Date</link:label>
    <link:loc xlink:type="locator" xlink:label="loc_dei_DocumentPeriodEndDate" xlink:href="https://xbrl.sec.gov/dei/2024/dei-2024.xsd#dei_DocumentPeriodEndDate"/>
    <link:labelArc xlink:arcrole="http://www.xbrl.org/2003/arcrole/concept-label" xlink:from="loc_dei_DocumentPeriodEndDate" xlink:to="lab_dei_DocumentPeriodEndDate" xlink:type="arc" order="1"/>
    <link:label id="lab_dei_EntityTaxIdentificationNumber_4f61972f-e9a9-4e26-975c-3c55221740c4_terseLabel_en-US" xlink:label="lab_dei_EntityTaxIdentificationNumber" xlink:role="http://www.xbrl.org/2003/role/terseLabel" xlink:type="resource" xml:lang="en-US">Entity Tax Identification Number</link:label>
    <link:label id="lab_dei_EntityTaxIdentificationNumber_label_en-US" xlink:label="lab_dei_EntityTaxIdentificationNumber" xlink:role="http://www.xbrl.org/2003/role/label" xlink:type="resource" xml:lang="en-US">Entity Tax Identification Number</link:label>
    <link:loc xlink:type="locator" xlink:label="loc_dei_EntityTaxIdentificationNumber" xlink:href="https://xbrl.sec.gov/dei/2024/dei-2024.xsd#dei_EntityTaxIdentificationNumber"/>
    <link:labelArc xlink:arcrole="http://www.xbrl.org/2003/arcrole/concept-label" xlink:from="loc_dei_EntityTaxIdentificationNumber" xlink:to="lab_dei_EntityTaxIdentificationNumber" xlink:type="arc" order="1"/>
    <link:label id="lab_dei_AmendmentFlag_a2b8fa81-ee9d-4e5a-b7c4-6300b072a194_terseLabel_en-US" xlink:label="lab_dei_AmendmentFlag" xlink:role="http://www.xbrl.org/2003/role/terseLabel" xlink:type="resource" xml:lang="en-US">Amendment Flag</link:label>
    <link:label id="lab_dei_AmendmentFlag_label_en-US" xlink:label="lab_dei_AmendmentFlag" xlink:role="http://www.xbrl.org/2003/role/label" xlink:type="resource" xml:lang="en-US">Amendment Flag</link:label>
    <link:loc xlink:type="locator" xlink:label="loc_dei_AmendmentFlag" xlink:href="https://xbrl.sec.gov/dei/2024/dei-2024.xsd#dei_AmendmentFlag"/>
    <link:labelArc xlink:arcrole="http://www.xbrl.org/2003/arcrole/concept-label" xlink:from="loc_dei_AmendmentFlag" xlink:to="lab_dei_AmendmentFlag" xlink:type="arc" order="1"/>
    <link:label id="lab_dei_TradingSymbol_902f42d5-01ba-4370-a37d-f04f3a442ae9_terseLabel_en-US" xlink:label="lab_dei_TradingSymbol" xlink:role="http://www.xbrl.org/2003/role/terseLabel" xlink:type="resource" xml:lang="en-US">Trading Symbol</link:label>
    <link:label id="lab_dei_TradingSymbol_label_en-US" xlink:label="lab_dei_TradingSymbol" xlink:role="http://www.xbrl.org/2003/role/label" xlink:type="resource" xml:lang="en-US">Trading Symbol</link:label>
    <link:loc xlink:type="locator" xlink:label="loc_dei_TradingSymbol" xlink:href="https://xbrl.sec.gov/dei/2024/dei-2024.xsd#dei_TradingSymbol"/>
    <link:labelArc xlink:arcrole="http://www.xbrl.org/2003/arcrole/concept-label" xlink:from="loc_dei_TradingSymbol" xlink:to="lab_dei_TradingSymbol" xlink:type="arc" order="1"/>
    <link:label id="lab_dei_EntityRegistrantName_6f3a0188-74b5-4a1e-9b75-6f3e3942129f_terseLabel_en-US" xlink:label="lab_dei_EntityRegistrantName" xlink:role="http://www.xbrl.org/2003/role/terseLabel" xlink:type="resource" xml:lang="en-US">Entity Registrant Name</link:label>
    <link:label id="lab_dei_EntityRegistrantName_label_en-US" xlink:label="lab_dei_EntityRegistrantName" xlink:role="http://www.xbrl.org/2003/role/label" xlink:type="resource" xml:lang="en-US">Entity Registrant Name</link:label>
    <link:loc xlink:type="locator" xlink:label="loc_dei_EntityRegistrantName" xlink:href="https://xbrl.sec.gov/dei/2024/dei-2024.xsd#dei_EntityRegistrantName"/>
    <link:labelArc xlink:arcrole="http://www.xbrl.org/2003/arcrole/concept-label" xlink:from="loc_dei_EntityRegistrantName" xlink:to="lab_dei_EntityRegistrantName" xlink:type="arc" order="1"/>
    <link:label id="lab_dei_PreCommencementTenderOffer_712038ac-6d70-46c6-80e1-abf743a83344_terseLabel_en-US" xlink:label="lab_dei_PreCommencementTenderOffer" xlink:role="http://www.xbrl.org/2003/role/terseLabel" xlink:type="resource" xml:lang="en-US">Pre-commencement Tender Offer</link:label>
    <link:label id="lab_dei_PreCommencementTenderOffer_label_en-US" xlink:label="lab_dei_PreCommencementTenderOffer" xlink:role="http://www.xbrl.org/2003/role/label" xlink:type="resource" xml:lang="en-US">Pre-commencement Tender Offer</link:label>
    <link:loc xlink:type="locator" xlink:label="loc_dei_PreCommencementTenderOffer" xlink:href="https://xbrl.sec.gov/dei/2024/dei-2024.xsd#dei_PreCommencementTenderOffer"/>
    <link:labelArc xlink:arcrole="http://www.xbrl.org/2003/arcrole/concept-label" xlink:from="loc_dei_PreCommencementTenderOffer" xlink:to="lab_dei_PreCommencementTenderOffer" xlink:type="arc" order="1"/>
    <link:label id="lab_dei_DocumentType_f7e93dae-491f-4678-8142-224eaf6fcc11_terseLabel_en-US" xlink:label="lab_dei_DocumentType" xlink:role="http://www.xbrl.org/2003/role/terseLabel" xlink:type="resource" xml:lang="en-US">Document Type</link:label>
    <link:label id="lab_dei_DocumentType_label_en-US" xlink:label="lab_dei_DocumentType" xlink:role="http://www.xbrl.org/2003/role/label" xlink:type="resource" xml:lang="en-US">Document Type</link:label>
    <link:loc xlink:type="locator" xlink:label="loc_dei_DocumentType" xlink:href="https://xbrl.sec.gov/dei/2024/dei-2024.xsd#dei_DocumentType"/>
    <link:labelArc xlink:arcrole="http://www.xbrl.org/2003/arcrole/concept-label" xlink:from="loc_dei_DocumentType" xlink:to="lab_dei_DocumentType" xlink:type="arc" order="1"/>
    <link:label id="lab_dei_EntityEmergingGrowthCompany_f71b52fc-bcf9-4950-a7bc-677b376a4ff5_terseLabel_en-US" xlink:label="lab_dei_EntityEmergingGrowthCompany" xlink:role="http://www.xbrl.org/2003/role/terseLabel" xlink:type="resource" xml:lang="en-US">Entity Emerging Growth Company</link:label>
    <link:label id="lab_dei_EntityEmergingGrowthCompany_label_en-US" xlink:label="lab_dei_EntityEmergingGrowthCompany" xlink:role="http://www.xbrl.org/2003/role/label" xlink:type="resource" xml:lang="en-US">Entity Emerging Growth Company</link:label>
    <link:loc xlink:type="locator" xlink:label="loc_dei_EntityEmergingGrowthCompany" xlink:href="https://xbrl.sec.gov/dei/2024/dei-2024.xsd#dei_EntityEmergingGrowthCompany"/>
    <link:labelArc xlink:arcrole="http://www.xbrl.org/2003/arcrole/concept-label" xlink:from="loc_dei_EntityEmergingGrowthCompany" xlink:to="lab_dei_EntityEmergingGrowthCompany" xlink:type="arc" order="1"/>
  </link:labelLink>
</link:linkbase>
