<?xml version="1.0" encoding="UTF-8"?>

<!--XBRL Document Created with the Workiva Platform-->
<!--Copyright 2024 Workiva-->
<!--r:185d68a7-3e4f-4461-b3ca-da62d8b43538,g:c4eee90a-79f9-40fc-a809-cb2ff204cdf4-->
<link:linkbase xmlns:link="http://www.xbrl.org/2003/linkbase" xmlns:xlink="http://www.w3.org/1999/xlink" xmlns:xsi="http://www.w3.org/2001/XMLSchema-instance" xsi:schemaLocation="http://www.xbrl.org/2003/linkbase http://www.xbrl.org/2003/xbrl-linkbase-2003-12-31.xsd">
  <link:roleRef roleURI="http://www.gamestop.com/role/DocumentandEntityInformationDocument" xlink:type="simple" xlink:href="gme-20241206.xsd#DocumentandEntityInformationDocument"/>
  <link:presentationLink xlink:role="http://www.gamestop.com/role/DocumentandEntityInformationDocument" xlink:type="extended">
    <link:loc xlink:type="locator" xlink:label="loc_gme_DocumentAndEntityInformationAbstract_27732391-4323-4e3a-8647-2be5fce029e0" xlink:href="gme-20241206.xsd#gme_DocumentAndEntityInformationAbstract"/>
    <link:loc xlink:type="locator" xlink:label="loc_dei_DocumentInformationTable_f8b8d114-8801-4643-b979-ab08d3bc9b8f" xlink:href="https://xbrl.sec.gov/dei/2023/dei-2023.xsd#dei_DocumentInformationTable"/>
    <link:presentationArc order="1" xlink:arcrole="http://www.xbrl.org/2003/arcrole/parent-child" xlink:from="loc_gme_DocumentAndEntityInformationAbstract_27732391-4323-4e3a-8647-2be5fce029e0" xlink:to="loc_dei_DocumentInformationTable_f8b8d114-8801-4643-b979-ab08d3bc9b8f" xlink:type="arc" preferredLabel="http://www.xbrl.org/2003/role/terseLabel"/>
    <link:loc xlink:type="locator" xlink:label="loc_us-gaap_StatementClassOfStockAxis_ecc429f3-75cf-42be-bcd4-51f11d6d7fdd" xlink:href="https://xbrl.fasb.org/us-gaap/2023/elts/us-gaap-2023.xsd#us-gaap_StatementClassOfStockAxis"/>
    <link:presentationArc order="1" xlink:arcrole="http://www.xbrl.org/2003/arcrole/parent-child" xlink:from="loc_dei_DocumentInformationTable_f8b8d114-8801-4643-b979-ab08d3bc9b8f" xlink:to="loc_us-gaap_StatementClassOfStockAxis_ecc429f3-75cf-42be-bcd4-51f11d6d7fdd" xlink:type="arc" preferredLabel="http://www.xbrl.org/2003/role/terseLabel"/>
    <link:loc xlink:type="locator" xlink:label="loc_us-gaap_ClassOfStockDomain_4da57c89-fa72-488e-b6bb-a622b28953aa" xlink:href="https://xbrl.fasb.org/us-gaap/2023/elts/us-gaap-2023.xsd#us-gaap_ClassOfStockDomain"/>
    <link:presentationArc order="1" xlink:arcrole="http://www.xbrl.org/2003/arcrole/parent-child" xlink:from="loc_us-gaap_StatementClassOfStockAxis_ecc429f3-75cf-42be-bcd4-51f11d6d7fdd" xlink:to="loc_us-gaap_ClassOfStockDomain_4da57c89-fa72-488e-b6bb-a622b28953aa" xlink:type="arc" preferredLabel="http://www.xbrl.org/2003/role/terseLabel"/>
    <link:loc xlink:type="locator" xlink:label="loc_us-gaap_CommonClassAMember_a5d19216-35df-4e7d-a79f-e55e43d4a680" xlink:href="https://xbrl.fasb.org/us-gaap/2023/elts/us-gaap-2023.xsd#us-gaap_CommonClassAMember"/>
    <link:presentationArc order="1" xlink:arcrole="http://www.xbrl.org/2003/arcrole/parent-child" xlink:from="loc_us-gaap_ClassOfStockDomain_4da57c89-fa72-488e-b6bb-a622b28953aa" xlink:to="loc_us-gaap_CommonClassAMember_a5d19216-35df-4e7d-a79f-e55e43d4a680" xlink:type="arc" preferredLabel="http://www.xbrl.org/2003/role/terseLabel"/>
    <link:loc xlink:type="locator" xlink:label="loc_dei_DocumentInformationLineItems_78a24afb-a7e6-499c-948f-fbb9e754cee3" xlink:href="https://xbrl.sec.gov/dei/2023/dei-2023.xsd#dei_DocumentInformationLineItems"/>
    <link:presentationArc order="2" xlink:arcrole="http://www.xbrl.org/2003/arcrole/parent-child" xlink:from="loc_dei_DocumentInformationTable_f8b8d114-8801-4643-b979-ab08d3bc9b8f" xlink:to="loc_dei_DocumentInformationLineItems_78a24afb-a7e6-499c-948f-fbb9e754cee3" xlink:type="arc" preferredLabel="http://www.xbrl.org/2003/role/terseLabel"/>
    <link:loc xlink:type="locator" xlink:label="loc_dei_EntityCentralIndexKey_e0e9f883-ab2f-46aa-8164-fe23b0361350" xlink:href="https://xbrl.sec.gov/dei/2023/dei-2023.xsd#dei_EntityCentralIndexKey"/>
    <link:presentationArc order="1" xlink:arcrole="http://www.xbrl.org/2003/arcrole/parent-child" xlink:from="loc_dei_DocumentInformationLineItems_78a24afb-a7e6-499c-948f-fbb9e754cee3" xlink:to="loc_dei_EntityCentralIndexKey_e0e9f883-ab2f-46aa-8164-fe23b0361350" xlink:type="arc" preferredLabel="http://www.xbrl.org/2003/role/terseLabel"/>
    <link:loc xlink:type="locator" xlink:label="loc_dei_DocumentFiscalPeriodFocus_772945d2-34b4-4b5a-886c-168a393bf421" xlink:href="https://xbrl.sec.gov/dei/2023/dei-2023.xsd#dei_DocumentFiscalPeriodFocus"/>
    <link:presentationArc order="2" xlink:arcrole="http://www.xbrl.org/2003/arcrole/parent-child" xlink:from="loc_dei_DocumentInformationLineItems_78a24afb-a7e6-499c-948f-fbb9e754cee3" xlink:to="loc_dei_DocumentFiscalPeriodFocus_772945d2-34b4-4b5a-886c-168a393bf421" xlink:type="arc" preferredLabel="http://www.xbrl.org/2003/role/terseLabel"/>
    <link:loc xlink:type="locator" xlink:label="loc_dei_DocumentFiscalYearFocus_d8cdae09-ffa8-41cd-924e-04e41d49690d" xlink:href="https://xbrl.sec.gov/dei/2023/dei-2023.xsd#dei_DocumentFiscalYearFocus"/>
    <link:presentationArc order="3" xlink:arcrole="http://www.xbrl.org/2003/arcrole/parent-child" xlink:from="loc_dei_DocumentInformationLineItems_78a24afb-a7e6-499c-948f-fbb9e754cee3" xlink:to="loc_dei_DocumentFiscalYearFocus_d8cdae09-ffa8-41cd-924e-04e41d49690d" xlink:type="arc" preferredLabel="http://www.xbrl.org/2003/role/terseLabel"/>
    <link:loc xlink:type="locator" xlink:label="loc_dei_AmendmentFlag_5383cd88-1bda-445a-980a-49848e05ef45" xlink:href="https://xbrl.sec.gov/dei/2023/dei-2023.xsd#dei_AmendmentFlag"/>
    <link:presentationArc order="4" xlink:arcrole="http://www.xbrl.org/2003/arcrole/parent-child" xlink:from="loc_dei_DocumentInformationLineItems_78a24afb-a7e6-499c-948f-fbb9e754cee3" xlink:to="loc_dei_AmendmentFlag_5383cd88-1bda-445a-980a-49848e05ef45" xlink:type="arc" preferredLabel="http://www.xbrl.org/2003/role/terseLabel"/>
    <link:loc xlink:type="locator" xlink:label="loc_dei_Security12bTitle_81dfb435-5f93-41fd-8b33-785beb59a2af" xlink:href="https://xbrl.sec.gov/dei/2023/dei-2023.xsd#dei_Security12bTitle"/>
    <link:presentationArc order="5" xlink:arcrole="http://www.xbrl.org/2003/arcrole/parent-child" xlink:from="loc_dei_DocumentInformationLineItems_78a24afb-a7e6-499c-948f-fbb9e754cee3" xlink:to="loc_dei_Security12bTitle_81dfb435-5f93-41fd-8b33-785beb59a2af" xlink:type="arc" preferredLabel="http://www.xbrl.org/2003/role/terseLabel"/>
    <link:loc xlink:type="locator" xlink:label="loc_dei_EntityIncorporationStateCountryCode_67a24e4e-654e-4f9e-8da4-ee3a7f983d10" xlink:href="https://xbrl.sec.gov/dei/2023/dei-2023.xsd#dei_EntityIncorporationStateCountryCode"/>
    <link:presentationArc order="6" xlink:arcrole="http://www.xbrl.org/2003/arcrole/parent-child" xlink:from="loc_dei_DocumentInformationLineItems_78a24afb-a7e6-499c-948f-fbb9e754cee3" xlink:to="loc_dei_EntityIncorporationStateCountryCode_67a24e4e-654e-4f9e-8da4-ee3a7f983d10" xlink:type="arc" preferredLabel="http://www.xbrl.org/2003/role/terseLabel"/>
    <link:loc xlink:type="locator" xlink:label="loc_dei_DocumentType_26e7e402-2206-46c9-a9a6-8622a8bf503b" xlink:href="https://xbrl.sec.gov/dei/2023/dei-2023.xsd#dei_DocumentType"/>
    <link:presentationArc order="7" xlink:arcrole="http://www.xbrl.org/2003/arcrole/parent-child" xlink:from="loc_dei_DocumentInformationLineItems_78a24afb-a7e6-499c-948f-fbb9e754cee3" xlink:to="loc_dei_DocumentType_26e7e402-2206-46c9-a9a6-8622a8bf503b" xlink:type="arc" preferredLabel="http://www.xbrl.org/2003/role/terseLabel"/>
    <link:loc xlink:type="locator" xlink:label="loc_dei_DocumentPeriodEndDate_ff165e4b-317a-4bdb-8b84-a49523ef7172" xlink:href="https://xbrl.sec.gov/dei/2023/dei-2023.xsd#dei_DocumentPeriodEndDate"/>
    <link:presentationArc order="8" xlink:arcrole="http://www.xbrl.org/2003/arcrole/parent-child" xlink:from="loc_dei_DocumentInformationLineItems_78a24afb-a7e6-499c-948f-fbb9e754cee3" xlink:to="loc_dei_DocumentPeriodEndDate_ff165e4b-317a-4bdb-8b84-a49523ef7172" xlink:type="arc" preferredLabel="http://www.xbrl.org/2003/role/terseLabel"/>
    <link:loc xlink:type="locator" xlink:label="loc_dei_EntityRegistrantName_7c87d965-41da-4c89-b868-414b69aefc4b" xlink:href="https://xbrl.sec.gov/dei/2023/dei-2023.xsd#dei_EntityRegistrantName"/>
    <link:presentationArc order="9" xlink:arcrole="http://www.xbrl.org/2003/arcrole/parent-child" xlink:from="loc_dei_DocumentInformationLineItems_78a24afb-a7e6-499c-948f-fbb9e754cee3" xlink:to="loc_dei_EntityRegistrantName_7c87d965-41da-4c89-b868-414b69aefc4b" xlink:type="arc" preferredLabel="http://www.xbrl.org/2003/role/terseLabel"/>
    <link:loc xlink:type="locator" xlink:label="loc_dei_EntityFileNumber_3af4afa8-291e-4dbd-b660-5a7cf49a4add" xlink:href="https://xbrl.sec.gov/dei/2023/dei-2023.xsd#dei_EntityFileNumber"/>
    <link:presentationArc order="10" xlink:arcrole="http://www.xbrl.org/2003/arcrole/parent-child" xlink:from="loc_dei_DocumentInformationLineItems_78a24afb-a7e6-499c-948f-fbb9e754cee3" xlink:to="loc_dei_EntityFileNumber_3af4afa8-291e-4dbd-b660-5a7cf49a4add" xlink:type="arc" preferredLabel="http://www.xbrl.org/2003/role/terseLabel"/>
    <link:loc xlink:type="locator" xlink:label="loc_dei_EntityTaxIdentificationNumber_2f4d11a4-ff97-4eec-94f4-0e94defd81ea" xlink:href="https://xbrl.sec.gov/dei/2023/dei-2023.xsd#dei_EntityTaxIdentificationNumber"/>
    <link:presentationArc order="11" xlink:arcrole="http://www.xbrl.org/2003/arcrole/parent-child" xlink:from="loc_dei_DocumentInformationLineItems_78a24afb-a7e6-499c-948f-fbb9e754cee3" xlink:to="loc_dei_EntityTaxIdentificationNumber_2f4d11a4-ff97-4eec-94f4-0e94defd81ea" xlink:type="arc" preferredLabel="http://www.xbrl.org/2003/role/terseLabel"/>
    <link:loc xlink:type="locator" xlink:label="loc_dei_EntityAddressAddressLine1_623c8974-0c59-4a67-b4e2-5867d33f33fe" xlink:href="https://xbrl.sec.gov/dei/2023/dei-2023.xsd#dei_EntityAddressAddressLine1"/>
    <link:presentationArc order="12" xlink:arcrole="http://www.xbrl.org/2003/arcrole/parent-child" xlink:from="loc_dei_DocumentInformationLineItems_78a24afb-a7e6-499c-948f-fbb9e754cee3" xlink:to="loc_dei_EntityAddressAddressLine1_623c8974-0c59-4a67-b4e2-5867d33f33fe" xlink:type="arc" preferredLabel="http://www.xbrl.org/2003/role/terseLabel"/>
    <link:loc xlink:type="locator" xlink:label="loc_dei_EntityAddressCityOrTown_0f70788d-2ddb-4b32-ba90-47d2805aa257" xlink:href="https://xbrl.sec.gov/dei/2023/dei-2023.xsd#dei_EntityAddressCityOrTown"/>
    <link:presentationArc order="13" xlink:arcrole="http://www.xbrl.org/2003/arcrole/parent-child" xlink:from="loc_dei_DocumentInformationLineItems_78a24afb-a7e6-499c-948f-fbb9e754cee3" xlink:to="loc_dei_EntityAddressCityOrTown_0f70788d-2ddb-4b32-ba90-47d2805aa257" xlink:type="arc" preferredLabel="http://www.xbrl.org/2003/role/terseLabel"/>
    <link:loc xlink:type="locator" xlink:label="loc_dei_EntityAddressStateOrProvince_6014b45b-10f7-4beb-b8c9-365e05ad842e" xlink:href="https://xbrl.sec.gov/dei/2023/dei-2023.xsd#dei_EntityAddressStateOrProvince"/>
    <link:presentationArc order="14" xlink:arcrole="http://www.xbrl.org/2003/arcrole/parent-child" xlink:from="loc_dei_DocumentInformationLineItems_78a24afb-a7e6-499c-948f-fbb9e754cee3" xlink:to="loc_dei_EntityAddressStateOrProvince_6014b45b-10f7-4beb-b8c9-365e05ad842e" xlink:type="arc" preferredLabel="http://www.xbrl.org/2003/role/terseLabel"/>
    <link:loc xlink:type="locator" xlink:label="loc_dei_EntityAddressPostalZipCode_56a03e1b-b531-4e67-b68d-40a15f5bfba0" xlink:href="https://xbrl.sec.gov/dei/2023/dei-2023.xsd#dei_EntityAddressPostalZipCode"/>
    <link:presentationArc order="15" xlink:arcrole="http://www.xbrl.org/2003/arcrole/parent-child" xlink:from="loc_dei_DocumentInformationLineItems_78a24afb-a7e6-499c-948f-fbb9e754cee3" xlink:to="loc_dei_EntityAddressPostalZipCode_56a03e1b-b531-4e67-b68d-40a15f5bfba0" xlink:type="arc" preferredLabel="http://www.xbrl.org/2003/role/terseLabel"/>
    <link:loc xlink:type="locator" xlink:label="loc_dei_CityAreaCode_23237929-e4e2-47aa-b514-fa3d45f49c9f" xlink:href="https://xbrl.sec.gov/dei/2023/dei-2023.xsd#dei_CityAreaCode"/>
    <link:presentationArc order="16" xlink:arcrole="http://www.xbrl.org/2003/arcrole/parent-child" xlink:from="loc_dei_DocumentInformationLineItems_78a24afb-a7e6-499c-948f-fbb9e754cee3" xlink:to="loc_dei_CityAreaCode_23237929-e4e2-47aa-b514-fa3d45f49c9f" xlink:type="arc" preferredLabel="http://www.xbrl.org/2003/role/terseLabel"/>
    <link:loc xlink:type="locator" xlink:label="loc_dei_LocalPhoneNumber_860aafbe-7bf9-4f23-9a03-5966314d9431" xlink:href="https://xbrl.sec.gov/dei/2023/dei-2023.xsd#dei_LocalPhoneNumber"/>
    <link:presentationArc order="17" xlink:arcrole="http://www.xbrl.org/2003/arcrole/parent-child" xlink:from="loc_dei_DocumentInformationLineItems_78a24afb-a7e6-499c-948f-fbb9e754cee3" xlink:to="loc_dei_LocalPhoneNumber_860aafbe-7bf9-4f23-9a03-5966314d9431" xlink:type="arc" preferredLabel="http://www.xbrl.org/2003/role/terseLabel"/>
    <link:loc xlink:type="locator" xlink:label="loc_dei_WrittenCommunications_6d0a2890-82c1-4699-ae80-0746ce6c66f8" xlink:href="https://xbrl.sec.gov/dei/2023/dei-2023.xsd#dei_WrittenCommunications"/>
    <link:presentationArc order="18" xlink:arcrole="http://www.xbrl.org/2003/arcrole/parent-child" xlink:from="loc_dei_DocumentInformationLineItems_78a24afb-a7e6-499c-948f-fbb9e754cee3" xlink:to="loc_dei_WrittenCommunications_6d0a2890-82c1-4699-ae80-0746ce6c66f8" xlink:type="arc" preferredLabel="http://www.xbrl.org/2003/role/terseLabel"/>
    <link:loc xlink:type="locator" xlink:label="loc_dei_SolicitingMaterial_de190025-1258-40bb-8e90-4c18697458e6" xlink:href="https://xbrl.sec.gov/dei/2023/dei-2023.xsd#dei_SolicitingMaterial"/>
    <link:presentationArc order="19" xlink:arcrole="http://www.xbrl.org/2003/arcrole/parent-child" xlink:from="loc_dei_DocumentInformationLineItems_78a24afb-a7e6-499c-948f-fbb9e754cee3" xlink:to="loc_dei_SolicitingMaterial_de190025-1258-40bb-8e90-4c18697458e6" xlink:type="arc" preferredLabel="http://www.xbrl.org/2003/role/terseLabel"/>
    <link:loc xlink:type="locator" xlink:label="loc_dei_PreCommencementTenderOffer_e4a75fe0-1392-4260-8980-3e3b953efdfb" xlink:href="https://xbrl.sec.gov/dei/2023/dei-2023.xsd#dei_PreCommencementTenderOffer"/>
    <link:presentationArc order="20" xlink:arcrole="http://www.xbrl.org/2003/arcrole/parent-child" xlink:from="loc_dei_DocumentInformationLineItems_78a24afb-a7e6-499c-948f-fbb9e754cee3" xlink:to="loc_dei_PreCommencementTenderOffer_e4a75fe0-1392-4260-8980-3e3b953efdfb" xlink:type="arc" preferredLabel="http://www.xbrl.org/2003/role/terseLabel"/>
    <link:loc xlink:type="locator" xlink:label="loc_dei_PreCommencementIssuerTenderOffer_94a1c9b2-970c-4bf0-b909-91ddaf72803d" xlink:href="https://xbrl.sec.gov/dei/2023/dei-2023.xsd#dei_PreCommencementIssuerTenderOffer"/>
    <link:presentationArc order="21" xlink:arcrole="http://www.xbrl.org/2003/arcrole/parent-child" xlink:from="loc_dei_DocumentInformationLineItems_78a24afb-a7e6-499c-948f-fbb9e754cee3" xlink:to="loc_dei_PreCommencementIssuerTenderOffer_94a1c9b2-970c-4bf0-b909-91ddaf72803d" xlink:type="arc" preferredLabel="http://www.xbrl.org/2003/role/terseLabel"/>
    <link:loc xlink:type="locator" xlink:label="loc_dei_TradingSymbol_72ab9a1f-15a4-4d5d-b2e1-07ed1f09f888" xlink:href="https://xbrl.sec.gov/dei/2023/dei-2023.xsd#dei_TradingSymbol"/>
    <link:presentationArc order="22" xlink:arcrole="http://www.xbrl.org/2003/arcrole/parent-child" xlink:from="loc_dei_DocumentInformationLineItems_78a24afb-a7e6-499c-948f-fbb9e754cee3" xlink:to="loc_dei_TradingSymbol_72ab9a1f-15a4-4d5d-b2e1-07ed1f09f888" xlink:type="arc" preferredLabel="http://www.xbrl.org/2003/role/terseLabel"/>
    <link:loc xlink:type="locator" xlink:label="loc_dei_SecurityExchangeName_92cea64e-41ee-42fa-a534-e034c10e2222" xlink:href="https://xbrl.sec.gov/dei/2023/dei-2023.xsd#dei_SecurityExchangeName"/>
    <link:presentationArc order="23" xlink:arcrole="http://www.xbrl.org/2003/arcrole/parent-child" xlink:from="loc_dei_DocumentInformationLineItems_78a24afb-a7e6-499c-948f-fbb9e754cee3" xlink:to="loc_dei_SecurityExchangeName_92cea64e-41ee-42fa-a534-e034c10e2222" xlink:type="arc" preferredLabel="http://www.xbrl.org/2003/role/terseLabel"/>
    <link:loc xlink:type="locator" xlink:label="loc_dei_EntityEmergingGrowthCompany_cb1b570a-0631-460d-b7a2-1740585be67d" xlink:href="https://xbrl.sec.gov/dei/2023/dei-2023.xsd#dei_EntityEmergingGrowthCompany"/>
    <link:presentationArc order="24" xlink:arcrole="http://www.xbrl.org/2003/arcrole/parent-child" xlink:from="loc_dei_DocumentInformationLineItems_78a24afb-a7e6-499c-948f-fbb9e754cee3" xlink:to="loc_dei_EntityEmergingGrowthCompany_cb1b570a-0631-460d-b7a2-1740585be67d" xlink:type="arc" preferredLabel="http://www.xbrl.org/2003/role/terseLabel"/>
  </link:presentationLink>
</link:linkbase>
