<?xml version="1.0" encoding="UTF-8"?>

<!--XBRL Document Created with the Workiva Platform-->
<!--Copyright 2024 Workiva-->
<!--r:185d68a7-3e4f-4461-b3ca-da62d8b43538,g:c4eee90a-79f9-40fc-a809-cb2ff204cdf4-->
<link:linkbase xmlns:link="http://www.xbrl.org/2003/linkbase" xmlns:xlink="http://www.w3.org/1999/xlink" xmlns:xsi="http://www.w3.org/2001/XMLSchema-instance" xsi:schemaLocation="http://www.xbrl.org/2003/linkbase http://www.xbrl.org/2003/xbrl-linkbase-2003-12-31.xsd">
  <link:roleRef roleURI="http://www.xbrl.org/2009/role/negatedPeriodStartLabel" xlink:type="simple" xlink:href="http://www.xbrl.org/lrr/role/negated-2009-12-16.xsd#negatedPeriodStartLabel"/>
  <link:roleRef roleURI="http://www.xbrl.org/2009/role/netLabel" xlink:type="simple" xlink:href="http://www.xbrl.org/lrr/role/net-2009-12-16.xsd#netLabel"/>
  <link:roleRef roleURI="http://www.xbrl.org/2009/role/negatedNetLabel" xlink:type="simple" xlink:href="http://www.xbrl.org/lrr/role/negated-2009-12-16.xsd#negatedNetLabel"/>
  <link:roleRef roleURI="http://www.xbrl.org/2009/role/negatedTerseLabel" xlink:type="simple" xlink:href="http://www.xbrl.org/lrr/role/negated-2009-12-16.xsd#negatedTerseLabel"/>
  <link:roleRef roleURI="http://www.xbrl.org/2009/role/negatedPeriodEndLabel" xlink:type="simple" xlink:href="http://www.xbrl.org/lrr/role/negated-2009-12-16.xsd#negatedPeriodEndLabel"/>
  <link:roleRef roleURI="http://www.xbrl.org/2009/role/negatedLabel" xlink:type="simple" xlink:href="http://www.xbrl.org/lrr/role/negated-2009-12-16.xsd#negatedLabel"/>
  <link:roleRef roleURI="http://www.xbrl.org/2009/role/negatedTotalLabel" xlink:type="simple" xlink:href="http://www.xbrl.org/lrr/role/negated-2009-12-16.xsd#negatedTotalLabel"/>
  <link:labelLink xlink:role="http://www.xbrl.org/2003/role/link" xlink:type="extended">
    <link:label id="lab_dei_DocumentFiscalPeriodFocus_5bfd57fa-649e-4f36-a8a6-5e439712198d_terseLabel_en-US" xlink:label="lab_dei_DocumentFiscalPeriodFocus" xlink:role="http://www.xbrl.org/2003/role/terseLabel" xlink:type="resource" xml:lang="en-US">Document Fiscal Period Focus</link:label>
    <link:label id="lab_dei_DocumentFiscalPeriodFocus_label_en-US" xlink:label="lab_dei_DocumentFiscalPeriodFocus" xlink:role="http://www.xbrl.org/2003/role/label" xlink:type="resource" xml:lang="en-US">Document Fiscal Period Focus</link:label>
    <link:loc xlink:type="locator" xlink:label="loc_dei_DocumentFiscalPeriodFocus" xlink:href="https://xbrl.sec.gov/dei/2023/dei-2023.xsd#dei_DocumentFiscalPeriodFocus"/>
    <link:labelArc xlink:arcrole="http://www.xbrl.org/2003/arcrole/concept-label" xlink:from="loc_dei_DocumentFiscalPeriodFocus" xlink:to="lab_dei_DocumentFiscalPeriodFocus" xlink:type="arc" order="1"/>
    <link:label id="lab_dei_DocumentPeriodEndDate_ac99561a-5abf-4e01-8849-82b480e81f81_terseLabel_en-US" xlink:label="lab_dei_DocumentPeriodEndDate" xlink:role="http://www.xbrl.org/2003/role/terseLabel" xlink:type="resource" xml:lang="en-US">Document Period End Date</link:label>
    <link:label id="lab_dei_DocumentPeriodEndDate_label_en-US" xlink:label="lab_dei_DocumentPeriodEndDate" xlink:role="http://www.xbrl.org/2003/role/label" xlink:type="resource" xml:lang="en-US">Document Period End Date</link:label>
    <link:loc xlink:type="locator" xlink:label="loc_dei_DocumentPeriodEndDate" xlink:href="https://xbrl.sec.gov/dei/2023/dei-2023.xsd#dei_DocumentPeriodEndDate"/>
    <link:labelArc xlink:arcrole="http://www.xbrl.org/2003/arcrole/concept-label" xlink:from="loc_dei_DocumentPeriodEndDate" xlink:to="lab_dei_DocumentPeriodEndDate" xlink:type="arc" order="1"/>
    <link:label id="lab_dei_PreCommencementTenderOffer_61cad9fb-55f9-4cd5-b711-b3d1debe0086_terseLabel_en-US" xlink:label="lab_dei_PreCommencementTenderOffer" xlink:role="http://www.xbrl.org/2003/role/terseLabel" xlink:type="resource" xml:lang="en-US">Pre-commencement Tender Offer</link:label>
    <link:label id="lab_dei_PreCommencementTenderOffer_label_en-US" xlink:label="lab_dei_PreCommencementTenderOffer" xlink:role="http://www.xbrl.org/2003/role/label" xlink:type="resource" xml:lang="en-US">Pre-commencement Tender Offer</link:label>
    <link:loc xlink:type="locator" xlink:label="loc_dei_PreCommencementTenderOffer" xlink:href="https://xbrl.sec.gov/dei/2023/dei-2023.xsd#dei_PreCommencementTenderOffer"/>
    <link:labelArc xlink:arcrole="http://www.xbrl.org/2003/arcrole/concept-label" xlink:from="loc_dei_PreCommencementTenderOffer" xlink:to="lab_dei_PreCommencementTenderOffer" xlink:type="arc" order="1"/>
    <link:label id="lab_us-gaap_ClassOfStockDomain_a1c76b9a-11f8-4857-b530-c39240cd0f8b_terseLabel_en-US" xlink:label="lab_us-gaap_ClassOfStockDomain" xlink:role="http://www.xbrl.org/2003/role/terseLabel" xlink:type="resource" xml:lang="en-US">Class of Stock [Domain]</link:label>
    <link:label id="lab_us-gaap_ClassOfStockDomain_label_en-US" xlink:label="lab_us-gaap_ClassOfStockDomain" xlink:role="http://www.xbrl.org/2003/role/label" xlink:type="resource" xml:lang="en-US">Class of Stock [Domain]</link:label>
    <link:loc xlink:type="locator" xlink:label="loc_us-gaap_ClassOfStockDomain" xlink:href="https://xbrl.fasb.org/us-gaap/2023/elts/us-gaap-2023.xsd#us-gaap_ClassOfStockDomain"/>
    <link:labelArc xlink:arcrole="http://www.xbrl.org/2003/arcrole/concept-label" xlink:from="loc_us-gaap_ClassOfStockDomain" xlink:to="lab_us-gaap_ClassOfStockDomain" xlink:type="arc" order="1"/>
    <link:label id="lab_dei_SolicitingMaterial_6ce0183c-0738-4b1f-ae1f-49fb72a46d59_terseLabel_en-US" xlink:label="lab_dei_SolicitingMaterial" xlink:role="http://www.xbrl.org/2003/role/terseLabel" xlink:type="resource" xml:lang="en-US">Soliciting Material</link:label>
    <link:label id="lab_dei_SolicitingMaterial_label_en-US" xlink:label="lab_dei_SolicitingMaterial" xlink:role="http://www.xbrl.org/2003/role/label" xlink:type="resource" xml:lang="en-US">Soliciting Material</link:label>
    <link:loc xlink:type="locator" xlink:label="loc_dei_SolicitingMaterial" xlink:href="https://xbrl.sec.gov/dei/2023/dei-2023.xsd#dei_SolicitingMaterial"/>
    <link:labelArc xlink:arcrole="http://www.xbrl.org/2003/arcrole/concept-label" xlink:from="loc_dei_SolicitingMaterial" xlink:to="lab_dei_SolicitingMaterial" xlink:type="arc" order="1"/>
    <link:label id="lab_dei_CityAreaCode_07a94834-0f16-41ef-9e0a-e4b030071641_terseLabel_en-US" xlink:label="lab_dei_CityAreaCode" xlink:role="http://www.xbrl.org/2003/role/terseLabel" xlink:type="resource" xml:lang="en-US">City Area Code</link:label>
    <link:label id="lab_dei_CityAreaCode_label_en-US" xlink:label="lab_dei_CityAreaCode" xlink:role="http://www.xbrl.org/2003/role/label" xlink:type="resource" xml:lang="en-US">City Area Code</link:label>
    <link:loc xlink:type="locator" xlink:label="loc_dei_CityAreaCode" xlink:href="https://xbrl.sec.gov/dei/2023/dei-2023.xsd#dei_CityAreaCode"/>
    <link:labelArc xlink:arcrole="http://www.xbrl.org/2003/arcrole/concept-label" xlink:from="loc_dei_CityAreaCode" xlink:to="lab_dei_CityAreaCode" xlink:type="arc" order="1"/>
    <link:label id="lab_dei_EntityAddressPostalZipCode_3e072b46-cdcc-4d8a-8eba-9edece9d2e3d_terseLabel_en-US" xlink:label="lab_dei_EntityAddressPostalZipCode" xlink:role="http://www.xbrl.org/2003/role/terseLabel" xlink:type="resource" xml:lang="en-US">Entity Address, Postal Zip Code</link:label>
    <link:label id="lab_dei_EntityAddressPostalZipCode_label_en-US" xlink:label="lab_dei_EntityAddressPostalZipCode" xlink:role="http://www.xbrl.org/2003/role/label" xlink:type="resource" xml:lang="en-US">Entity Address, Postal Zip Code</link:label>
    <link:loc xlink:type="locator" xlink:label="loc_dei_EntityAddressPostalZipCode" xlink:href="https://xbrl.sec.gov/dei/2023/dei-2023.xsd#dei_EntityAddressPostalZipCode"/>
    <link:labelArc xlink:arcrole="http://www.xbrl.org/2003/arcrole/concept-label" xlink:from="loc_dei_EntityAddressPostalZipCode" xlink:to="lab_dei_EntityAddressPostalZipCode" xlink:type="arc" order="1"/>
    <link:label id="lab_dei_EntityCentralIndexKey_92ce023a-ca6e-4ac4-bf62-94c16842ac22_terseLabel_en-US" xlink:label="lab_dei_EntityCentralIndexKey" xlink:role="http://www.xbrl.org/2003/role/terseLabel" xlink:type="resource" xml:lang="en-US">Entity Central Index Key</link:label>
    <link:label id="lab_dei_EntityCentralIndexKey_label_en-US" xlink:label="lab_dei_EntityCentralIndexKey" xlink:role="http://www.xbrl.org/2003/role/label" xlink:type="resource" xml:lang="en-US">Entity Central Index Key</link:label>
    <link:loc xlink:type="locator" xlink:label="loc_dei_EntityCentralIndexKey" xlink:href="https://xbrl.sec.gov/dei/2023/dei-2023.xsd#dei_EntityCentralIndexKey"/>
    <link:labelArc xlink:arcrole="http://www.xbrl.org/2003/arcrole/concept-label" xlink:from="loc_dei_EntityCentralIndexKey" xlink:to="lab_dei_EntityCentralIndexKey" xlink:type="arc" order="1"/>
    <link:label id="lab_dei_EntityAddressCityOrTown_afc0ac56-b970-42f8-bde3-70e3158c0d55_terseLabel_en-US" xlink:label="lab_dei_EntityAddressCityOrTown" xlink:role="http://www.xbrl.org/2003/role/terseLabel" xlink:type="resource" xml:lang="en-US">Entity Address, City or Town</link:label>
    <link:label id="lab_dei_EntityAddressCityOrTown_label_en-US" xlink:label="lab_dei_EntityAddressCityOrTown" xlink:role="http://www.xbrl.org/2003/role/label" xlink:type="resource" xml:lang="en-US">Entity Address, City or Town</link:label>
    <link:loc xlink:type="locator" xlink:label="loc_dei_EntityAddressCityOrTown" xlink:href="https://xbrl.sec.gov/dei/2023/dei-2023.xsd#dei_EntityAddressCityOrTown"/>
    <link:labelArc xlink:arcrole="http://www.xbrl.org/2003/arcrole/concept-label" xlink:from="loc_dei_EntityAddressCityOrTown" xlink:to="lab_dei_EntityAddressCityOrTown" xlink:type="arc" order="1"/>
    <link:label id="lab_dei_DocumentFiscalYearFocus_c1671405-b992-4210-9f9b-18875fe6c7d7_terseLabel_en-US" xlink:label="lab_dei_DocumentFiscalYearFocus" xlink:role="http://www.xbrl.org/2003/role/terseLabel" xlink:type="resource" xml:lang="en-US">Document Fiscal Year Focus</link:label>
    <link:label id="lab_dei_DocumentFiscalYearFocus_label_en-US" xlink:label="lab_dei_DocumentFiscalYearFocus" xlink:role="http://www.xbrl.org/2003/role/label" xlink:type="resource" xml:lang="en-US">Document Fiscal Year Focus</link:label>
    <link:loc xlink:type="locator" xlink:label="loc_dei_DocumentFiscalYearFocus" xlink:href="https://xbrl.sec.gov/dei/2023/dei-2023.xsd#dei_DocumentFiscalYearFocus"/>
    <link:labelArc xlink:arcrole="http://www.xbrl.org/2003/arcrole/concept-label" xlink:from="loc_dei_DocumentFiscalYearFocus" xlink:to="lab_dei_DocumentFiscalYearFocus" xlink:type="arc" order="1"/>
    <link:label id="lab_dei_SecurityExchangeName_0bfedfe2-c3fb-46fa-bd8c-2b2ecb1aa3f6_terseLabel_en-US" xlink:label="lab_dei_SecurityExchangeName" xlink:role="http://www.xbrl.org/2003/role/terseLabel" xlink:type="resource" xml:lang="en-US">Security Exchange Name</link:label>
    <link:label id="lab_dei_SecurityExchangeName_label_en-US" xlink:label="lab_dei_SecurityExchangeName" xlink:role="http://www.xbrl.org/2003/role/label" xlink:type="resource" xml:lang="en-US">Security Exchange Name</link:label>
    <link:loc xlink:type="locator" xlink:label="loc_dei_SecurityExchangeName" xlink:href="https://xbrl.sec.gov/dei/2023/dei-2023.xsd#dei_SecurityExchangeName"/>
    <link:labelArc xlink:arcrole="http://www.xbrl.org/2003/arcrole/concept-label" xlink:from="loc_dei_SecurityExchangeName" xlink:to="lab_dei_SecurityExchangeName" xlink:type="arc" order="1"/>
    <link:label id="lab_dei_WrittenCommunications_9789e498-7b2e-4fd6-8e02-89477d19e402_terseLabel_en-US" xlink:label="lab_dei_WrittenCommunications" xlink:role="http://www.xbrl.org/2003/role/terseLabel" xlink:type="resource" xml:lang="en-US">Written Communications</link:label>
    <link:label id="lab_dei_WrittenCommunications_label_en-US" xlink:label="lab_dei_WrittenCommunications" xlink:role="http://www.xbrl.org/2003/role/label" xlink:type="resource" xml:lang="en-US">Written Communications</link:label>
    <link:loc xlink:type="locator" xlink:label="loc_dei_WrittenCommunications" xlink:href="https://xbrl.sec.gov/dei/2023/dei-2023.xsd#dei_WrittenCommunications"/>
    <link:labelArc xlink:arcrole="http://www.xbrl.org/2003/arcrole/concept-label" xlink:from="loc_dei_WrittenCommunications" xlink:to="lab_dei_WrittenCommunications" xlink:type="arc" order="1"/>
    <link:label id="lab_dei_Security12bTitle_fbe747cc-8e60-400d-9400-f064e098da01_terseLabel_en-US" xlink:label="lab_dei_Security12bTitle" xlink:role="http://www.xbrl.org/2003/role/terseLabel" xlink:type="resource" xml:lang="en-US">Title of 12(b) Security</link:label>
    <link:label id="lab_dei_Security12bTitle_label_en-US" xlink:label="lab_dei_Security12bTitle" xlink:role="http://www.xbrl.org/2003/role/label" xlink:type="resource" xml:lang="en-US">Title of 12(b) Security</link:label>
    <link:loc xlink:type="locator" xlink:label="loc_dei_Security12bTitle" xlink:href="https://xbrl.sec.gov/dei/2023/dei-2023.xsd#dei_Security12bTitle"/>
    <link:labelArc xlink:arcrole="http://www.xbrl.org/2003/arcrole/concept-label" xlink:from="loc_dei_Security12bTitle" xlink:to="lab_dei_Security12bTitle" xlink:type="arc" order="1"/>
    <link:label id="lab_dei_DocumentInformationLineItems_68a1bc11-8e4d-4a8b-bc0c-9551d94581a9_terseLabel_en-US" xlink:label="lab_dei_DocumentInformationLineItems" xlink:role="http://www.xbrl.org/2003/role/terseLabel" xlink:type="resource" xml:lang="en-US">Document Information [Line Items]</link:label>
    <link:label id="lab_dei_DocumentInformationLineItems_label_en-US" xlink:label="lab_dei_DocumentInformationLineItems" xlink:role="http://www.xbrl.org/2003/role/label" xlink:type="resource" xml:lang="en-US">Document Information [Line Items]</link:label>
    <link:loc xlink:type="locator" xlink:label="loc_dei_DocumentInformationLineItems" xlink:href="https://xbrl.sec.gov/dei/2023/dei-2023.xsd#dei_DocumentInformationLineItems"/>
    <link:labelArc xlink:arcrole="http://www.xbrl.org/2003/arcrole/concept-label" xlink:from="loc_dei_DocumentInformationLineItems" xlink:to="lab_dei_DocumentInformationLineItems" xlink:type="arc" order="1"/>
    <link:label id="lab_dei_LocalPhoneNumber_8487cb4c-6c11-4f3b-a23d-e47e1ed1da5d_terseLabel_en-US" xlink:label="lab_dei_LocalPhoneNumber" xlink:role="http://www.xbrl.org/2003/role/terseLabel" xlink:type="resource" xml:lang="en-US">Local Phone Number</link:label>
    <link:label id="lab_dei_LocalPhoneNumber_label_en-US" xlink:label="lab_dei_LocalPhoneNumber" xlink:role="http://www.xbrl.org/2003/role/label" xlink:type="resource" xml:lang="en-US">Local Phone Number</link:label>
    <link:loc xlink:type="locator" xlink:label="loc_dei_LocalPhoneNumber" xlink:href="https://xbrl.sec.gov/dei/2023/dei-2023.xsd#dei_LocalPhoneNumber"/>
    <link:labelArc xlink:arcrole="http://www.xbrl.org/2003/arcrole/concept-label" xlink:from="loc_dei_LocalPhoneNumber" xlink:to="lab_dei_LocalPhoneNumber" xlink:type="arc" order="1"/>
    <link:label id="lab_dei_TradingSymbol_b3a743c9-6c0e-4343-86d8-1d105ff3a35e_terseLabel_en-US" xlink:label="lab_dei_TradingSymbol" xlink:role="http://www.xbrl.org/2003/role/terseLabel" xlink:type="resource" xml:lang="en-US">Trading Symbol</link:label>
    <link:label id="lab_dei_TradingSymbol_label_en-US" xlink:label="lab_dei_TradingSymbol" xlink:role="http://www.xbrl.org/2003/role/label" xlink:type="resource" xml:lang="en-US">Trading Symbol</link:label>
    <link:loc xlink:type="locator" xlink:label="loc_dei_TradingSymbol" xlink:href="https://xbrl.sec.gov/dei/2023/dei-2023.xsd#dei_TradingSymbol"/>
    <link:labelArc xlink:arcrole="http://www.xbrl.org/2003/arcrole/concept-label" xlink:from="loc_dei_TradingSymbol" xlink:to="lab_dei_TradingSymbol" xlink:type="arc" order="1"/>
    <link:label id="lab_dei_EntityIncorporationStateCountryCode_6ed66f7e-fe61-4abc-8780-1df7a69fe7ed_terseLabel_en-US" xlink:label="lab_dei_EntityIncorporationStateCountryCode" xlink:role="http://www.xbrl.org/2003/role/terseLabel" xlink:type="resource" xml:lang="en-US">Entity Incorporation, State or Country Code</link:label>
    <link:label id="lab_dei_EntityIncorporationStateCountryCode_label_en-US" xlink:label="lab_dei_EntityIncorporationStateCountryCode" xlink:role="http://www.xbrl.org/2003/role/label" xlink:type="resource" xml:lang="en-US">Entity Incorporation, State or Country Code</link:label>
    <link:loc xlink:type="locator" xlink:label="loc_dei_EntityIncorporationStateCountryCode" xlink:href="https://xbrl.sec.gov/dei/2023/dei-2023.xsd#dei_EntityIncorporationStateCountryCode"/>
    <link:labelArc xlink:arcrole="http://www.xbrl.org/2003/arcrole/concept-label" xlink:from="loc_dei_EntityIncorporationStateCountryCode" xlink:to="lab_dei_EntityIncorporationStateCountryCode" xlink:type="arc" order="1"/>
    <link:label id="lab_dei_EntityAddressStateOrProvince_b546cda7-1f43-48b4-9374-6478aeb131ad_terseLabel_en-US" xlink:label="lab_dei_EntityAddressStateOrProvince" xlink:role="http://www.xbrl.org/2003/role/terseLabel" xlink:type="resource" xml:lang="en-US">Entity Address, State or Province</link:label>
    <link:label id="lab_dei_EntityAddressStateOrProvince_label_en-US" xlink:label="lab_dei_EntityAddressStateOrProvince" xlink:role="http://www.xbrl.org/2003/role/label" xlink:type="resource" xml:lang="en-US">Entity Address, State or Province</link:label>
    <link:loc xlink:type="locator" xlink:label="loc_dei_EntityAddressStateOrProvince" xlink:href="https://xbrl.sec.gov/dei/2023/dei-2023.xsd#dei_EntityAddressStateOrProvince"/>
    <link:labelArc xlink:arcrole="http://www.xbrl.org/2003/arcrole/concept-label" xlink:from="loc_dei_EntityAddressStateOrProvince" xlink:to="lab_dei_EntityAddressStateOrProvince" xlink:type="arc" order="1"/>
    <link:label id="lab_dei_PreCommencementIssuerTenderOffer_2fed3de3-b892-470e-9cd8-5e2778426bda_terseLabel_en-US" xlink:label="lab_dei_PreCommencementIssuerTenderOffer" xlink:role="http://www.xbrl.org/2003/role/terseLabel" xlink:type="resource" xml:lang="en-US">Pre-commencement Issuer Tender Offer</link:label>
    <link:label id="lab_dei_PreCommencementIssuerTenderOffer_label_en-US" xlink:label="lab_dei_PreCommencementIssuerTenderOffer" xlink:role="http://www.xbrl.org/2003/role/label" xlink:type="resource" xml:lang="en-US">Pre-commencement Issuer Tender Offer</link:label>
    <link:loc xlink:type="locator" xlink:label="loc_dei_PreCommencementIssuerTenderOffer" xlink:href="https://xbrl.sec.gov/dei/2023/dei-2023.xsd#dei_PreCommencementIssuerTenderOffer"/>
    <link:labelArc xlink:arcrole="http://www.xbrl.org/2003/arcrole/concept-label" xlink:from="loc_dei_PreCommencementIssuerTenderOffer" xlink:to="lab_dei_PreCommencementIssuerTenderOffer" xlink:type="arc" order="1"/>
    <link:label id="lab_dei_EntityEmergingGrowthCompany_ec1976aa-6617-4605-b822-17db59cc7e68_terseLabel_en-US" xlink:label="lab_dei_EntityEmergingGrowthCompany" xlink:role="http://www.xbrl.org/2003/role/terseLabel" xlink:type="resource" xml:lang="en-US">Entity Emerging Growth Company</link:label>
    <link:label id="lab_dei_EntityEmergingGrowthCompany_label_en-US" xlink:label="lab_dei_EntityEmergingGrowthCompany" xlink:role="http://www.xbrl.org/2003/role/label" xlink:type="resource" xml:lang="en-US">Entity Emerging Growth Company</link:label>
    <link:loc xlink:type="locator" xlink:label="loc_dei_EntityEmergingGrowthCompany" xlink:href="https://xbrl.sec.gov/dei/2023/dei-2023.xsd#dei_EntityEmergingGrowthCompany"/>
    <link:labelArc xlink:arcrole="http://www.xbrl.org/2003/arcrole/concept-label" xlink:from="loc_dei_EntityEmergingGrowthCompany" xlink:to="lab_dei_EntityEmergingGrowthCompany" xlink:type="arc" order="1"/>
    <link:label id="lab_us-gaap_CommonClassAMember_3e7694f5-8d41-4672-b255-3d0d4e688dff_terseLabel_en-US" xlink:label="lab_us-gaap_CommonClassAMember" xlink:role="http://www.xbrl.org/2003/role/terseLabel" xlink:type="resource" xml:lang="en-US">Common Class A [Member]</link:label>
    <link:label id="lab_us-gaap_CommonClassAMember_label_en-US" xlink:label="lab_us-gaap_CommonClassAMember" xlink:role="http://www.xbrl.org/2003/role/label" xlink:type="resource" xml:lang="en-US">Common Class A [Member]</link:label>
    <link:loc xlink:type="locator" xlink:label="loc_us-gaap_CommonClassAMember" xlink:href="https://xbrl.fasb.org/us-gaap/2023/elts/us-gaap-2023.xsd#us-gaap_CommonClassAMember"/>
    <link:labelArc xlink:arcrole="http://www.xbrl.org/2003/arcrole/concept-label" xlink:from="loc_us-gaap_CommonClassAMember" xlink:to="lab_us-gaap_CommonClassAMember" xlink:type="arc" order="1"/>
    <link:label id="lab_gme_DocumentAndEntityInformationAbstract_db53a678-bc16-49c8-870f-96410d505692_terseLabel_en-US" xlink:label="lab_gme_DocumentAndEntityInformationAbstract" xlink:role="http://www.xbrl.org/2003/role/terseLabel" xlink:type="resource" xml:lang="en-US">Document And Entity Information [Abstract]</link:label>
    <link:label id="lab_gme_DocumentAndEntityInformationAbstract_label_en-US" xlink:label="lab_gme_DocumentAndEntityInformationAbstract" xlink:role="http://www.xbrl.org/2003/role/label" xlink:type="resource" xml:lang="en-US">Document And Entity Information [Abstract]</link:label>
    <link:label id="lab_gme_DocumentAndEntityInformationAbstract_documentation_en-US" xlink:label="lab_gme_DocumentAndEntityInformationAbstract" xlink:role="http://www.xbrl.org/2003/role/documentation" xlink:type="resource" xml:lang="en-US">Document And Entity Information [Abstract]</link:label>
    <link:loc xlink:type="locator" xlink:label="loc_gme_DocumentAndEntityInformationAbstract" xlink:href="gme-20241206.xsd#gme_DocumentAndEntityInformationAbstract"/>
    <link:labelArc xlink:arcrole="http://www.xbrl.org/2003/arcrole/concept-label" xlink:from="loc_gme_DocumentAndEntityInformationAbstract" xlink:to="lab_gme_DocumentAndEntityInformationAbstract" xlink:type="arc" order="1"/>
    <link:label id="lab_dei_DocumentType_6d672732-5e4d-4768-8755-882ea24b56b8_terseLabel_en-US" xlink:label="lab_dei_DocumentType" xlink:role="http://www.xbrl.org/2003/role/terseLabel" xlink:type="resource" xml:lang="en-US">Document Type</link:label>
    <link:label id="lab_dei_DocumentType_label_en-US" xlink:label="lab_dei_DocumentType" xlink:role="http://www.xbrl.org/2003/role/label" xlink:type="resource" xml:lang="en-US">Document Type</link:label>
    <link:loc xlink:type="locator" xlink:label="loc_dei_DocumentType" xlink:href="https://xbrl.sec.gov/dei/2023/dei-2023.xsd#dei_DocumentType"/>
    <link:labelArc xlink:arcrole="http://www.xbrl.org/2003/arcrole/concept-label" xlink:from="loc_dei_DocumentType" xlink:to="lab_dei_DocumentType" xlink:type="arc" order="1"/>
    <link:label id="lab_dei_AmendmentFlag_3e837841-9328-4d09-a003-156abaf2db99_terseLabel_en-US" xlink:label="lab_dei_AmendmentFlag" xlink:role="http://www.xbrl.org/2003/role/terseLabel" xlink:type="resource" xml:lang="en-US">Amendment Flag</link:label>
    <link:label id="lab_dei_AmendmentFlag_label_en-US" xlink:label="lab_dei_AmendmentFlag" xlink:role="http://www.xbrl.org/2003/role/label" xlink:type="resource" xml:lang="en-US">Amendment Flag</link:label>
    <link:loc xlink:type="locator" xlink:label="loc_dei_AmendmentFlag" xlink:href="https://xbrl.sec.gov/dei/2023/dei-2023.xsd#dei_AmendmentFlag"/>
    <link:labelArc xlink:arcrole="http://www.xbrl.org/2003/arcrole/concept-label" xlink:from="loc_dei_AmendmentFlag" xlink:to="lab_dei_AmendmentFlag" xlink:type="arc" order="1"/>
    <link:label id="lab_us-gaap_StatementClassOfStockAxis_08794576-23bb-4323-b541-8e966a76af2c_terseLabel_en-US" xlink:label="lab_us-gaap_StatementClassOfStockAxis" xlink:role="http://www.xbrl.org/2003/role/terseLabel" xlink:type="resource" xml:lang="en-US">Class of Stock [Axis]</link:label>
    <link:label id="lab_us-gaap_StatementClassOfStockAxis_label_en-US" xlink:label="lab_us-gaap_StatementClassOfStockAxis" xlink:role="http://www.xbrl.org/2003/role/label" xlink:type="resource" xml:lang="en-US">Class of Stock [Axis]</link:label>
    <link:loc xlink:type="locator" xlink:label="loc_us-gaap_StatementClassOfStockAxis" xlink:href="https://xbrl.fasb.org/us-gaap/2023/elts/us-gaap-2023.xsd#us-gaap_StatementClassOfStockAxis"/>
    <link:labelArc xlink:arcrole="http://www.xbrl.org/2003/arcrole/concept-label" xlink:from="loc_us-gaap_StatementClassOfStockAxis" xlink:to="lab_us-gaap_StatementClassOfStockAxis" xlink:type="arc" order="1"/>
    <link:label id="lab_dei_DocumentInformationTable_30f90ce6-dad5-4870-8cd6-49452512c186_terseLabel_en-US" xlink:label="lab_dei_DocumentInformationTable" xlink:role="http://www.xbrl.org/2003/role/terseLabel" xlink:type="resource" xml:lang="en-US">Document Information [Table]</link:label>
    <link:label id="lab_dei_DocumentInformationTable_label_en-US" xlink:label="lab_dei_DocumentInformationTable" xlink:role="http://www.xbrl.org/2003/role/label" xlink:type="resource" xml:lang="en-US">Document Information [Table]</link:label>
    <link:loc xlink:type="locator" xlink:label="loc_dei_DocumentInformationTable" xlink:href="https://xbrl.sec.gov/dei/2023/dei-2023.xsd#dei_DocumentInformationTable"/>
    <link:labelArc xlink:arcrole="http://www.xbrl.org/2003/arcrole/concept-label" xlink:from="loc_dei_DocumentInformationTable" xlink:to="lab_dei_DocumentInformationTable" xlink:type="arc" order="1"/>
    <link:label id="lab_dei_EntityFileNumber_0c90518f-c500-4328-bca9-fd448c033472_terseLabel_en-US" xlink:label="lab_dei_EntityFileNumber" xlink:role="http://www.xbrl.org/2003/role/terseLabel" xlink:type="resource" xml:lang="en-US">Entity File Number</link:label>
    <link:label id="lab_dei_EntityFileNumber_label_en-US" xlink:label="lab_dei_EntityFileNumber" xlink:role="http://www.xbrl.org/2003/role/label" xlink:type="resource" xml:lang="en-US">Entity File Number</link:label>
    <link:loc xlink:type="locator" xlink:label="loc_dei_EntityFileNumber" xlink:href="https://xbrl.sec.gov/dei/2023/dei-2023.xsd#dei_EntityFileNumber"/>
    <link:labelArc xlink:arcrole="http://www.xbrl.org/2003/arcrole/concept-label" xlink:from="loc_dei_EntityFileNumber" xlink:to="lab_dei_EntityFileNumber" xlink:type="arc" order="1"/>
    <link:label id="lab_dei_EntityTaxIdentificationNumber_491c548f-1ae0-4fba-9da9-2e32daea70a6_terseLabel_en-US" xlink:label="lab_dei_EntityTaxIdentificationNumber" xlink:role="http://www.xbrl.org/2003/role/terseLabel" xlink:type="resource" xml:lang="en-US">Entity Tax Identification Number</link:label>
    <link:label id="lab_dei_EntityTaxIdentificationNumber_label_en-US" xlink:label="lab_dei_EntityTaxIdentificationNumber" xlink:role="http://www.xbrl.org/2003/role/label" xlink:type="resource" xml:lang="en-US">Entity Tax Identification Number</link:label>
    <link:loc xlink:type="locator" xlink:label="loc_dei_EntityTaxIdentificationNumber" xlink:href="https://xbrl.sec.gov/dei/2023/dei-2023.xsd#dei_EntityTaxIdentificationNumber"/>
    <link:labelArc xlink:arcrole="http://www.xbrl.org/2003/arcrole/concept-label" xlink:from="loc_dei_EntityTaxIdentificationNumber" xlink:to="lab_dei_EntityTaxIdentificationNumber" xlink:type="arc" order="1"/>
    <link:label id="lab_dei_EntityAddressAddressLine1_5c677c49-95fe-4cec-b1f3-77356ba6c94c_terseLabel_en-US" xlink:label="lab_dei_EntityAddressAddressLine1" xlink:role="http://www.xbrl.org/2003/role/terseLabel" xlink:type="resource" xml:lang="en-US">Entity Address, Address Line One</link:label>
    <link:label id="lab_dei_EntityAddressAddressLine1_label_en-US" xlink:label="lab_dei_EntityAddressAddressLine1" xlink:role="http://www.xbrl.org/2003/role/label" xlink:type="resource" xml:lang="en-US">Entity Address, Address Line One</link:label>
    <link:loc xlink:type="locator" xlink:label="loc_dei_EntityAddressAddressLine1" xlink:href="https://xbrl.sec.gov/dei/2023/dei-2023.xsd#dei_EntityAddressAddressLine1"/>
    <link:labelArc xlink:arcrole="http://www.xbrl.org/2003/arcrole/concept-label" xlink:from="loc_dei_EntityAddressAddressLine1" xlink:to="lab_dei_EntityAddressAddressLine1" xlink:type="arc" order="1"/>
    <link:label id="lab_dei_EntityRegistrantName_9a4ff5e4-ca8e-4f90-9686-0bd4c5f4372e_terseLabel_en-US" xlink:label="lab_dei_EntityRegistrantName" xlink:role="http://www.xbrl.org/2003/role/terseLabel" xlink:type="resource" xml:lang="en-US">Entity Registrant Name</link:label>
    <link:label id="lab_dei_EntityRegistrantName_label_en-US" xlink:label="lab_dei_EntityRegistrantName" xlink:role="http://www.xbrl.org/2003/role/label" xlink:type="resource" xml:lang="en-US">Entity Registrant Name</link:label>
    <link:loc xlink:type="locator" xlink:label="loc_dei_EntityRegistrantName" xlink:href="https://xbrl.sec.gov/dei/2023/dei-2023.xsd#dei_EntityRegistrantName"/>
    <link:labelArc xlink:arcrole="http://www.xbrl.org/2003/arcrole/concept-label" xlink:from="loc_dei_EntityRegistrantName" xlink:to="lab_dei_EntityRegistrantName" xlink:type="arc" order="1"/>
  </link:labelLink>
</link:linkbase>
