<?xml version="1.0" encoding="UTF-8"?>

<!--XBRL Document Created with the Workiva Platform-->
<!--Copyright 2024 Workiva-->
<!--r:4ee14987-d46e-49b2-a7c7-ccdd9f5263db,g:b03d2ca8-ff2f-4445-ac0d-f56e9decccf8-->
<link:linkbase xmlns:link="http://www.xbrl.org/2003/linkbase" xmlns:xlink="http://www.w3.org/1999/xlink" xmlns:xsi="http://www.w3.org/2001/XMLSchema-instance" xmlns:xbrldt="http://xbrl.org/2005/xbrldt" xsi:schemaLocation="http://www.xbrl.org/2003/linkbase http://www.xbrl.org/2003/xbrl-linkbase-2003-12-31.xsd">
  <link:arcroleRef arcroleURI="http://xbrl.org/int/dim/arcrole/all" xlink:type="simple" xlink:href="http://www.xbrl.org/2005/xbrldt-2005.xsd#all"/>
  <link:arcroleRef arcroleURI="http://xbrl.org/int/dim/arcrole/hypercube-dimension" xlink:type="simple" xlink:href="http://www.xbrl.org/2005/xbrldt-2005.xsd#hypercube-dimension"/>
  <link:arcroleRef arcroleURI="http://xbrl.org/int/dim/arcrole/dimension-default" xlink:type="simple" xlink:href="http://www.xbrl.org/2005/xbrldt-2005.xsd#dimension-default"/>
  <link:arcroleRef arcroleURI="http://xbrl.org/int/dim/arcrole/dimension-domain" xlink:type="simple" xlink:href="http://www.xbrl.org/2005/xbrldt-2005.xsd#dimension-domain"/>
  <link:arcroleRef arcroleURI="http://xbrl.org/int/dim/arcrole/domain-member" xlink:type="simple" xlink:href="http://www.xbrl.org/2005/xbrldt-2005.xsd#domain-member"/>
  <link:roleRef roleURI="http://www.gamestop.com/role/DocumentandEntityInformationDocument" xlink:type="simple" xlink:href="gme-20240920.xsd#DocumentandEntityInformationDocument"/>
  <link:definitionLink xlink:role="http://www.gamestop.com/role/DocumentandEntityInformationDocument" xlink:type="extended">
    <link:loc xlink:type="locator" xlink:label="loc_dei_DocumentInformationLineItems_18e0e382-2f33-4734-9c15-41f6c7b64d41" xlink:href="https://xbrl.sec.gov/dei/2023/dei-2023.xsd#dei_DocumentInformationLineItems"/>
    <link:loc xlink:type="locator" xlink:label="loc_dei_DocumentInformationTable_d052796e-8ec2-4e38-8bc2-ec08b2cbde0d" xlink:href="https://xbrl.sec.gov/dei/2023/dei-2023.xsd#dei_DocumentInformationTable"/>
    <link:definitionArc xlink:arcrole="http://xbrl.org/int/dim/arcrole/all" xlink:from="loc_dei_DocumentInformationLineItems_18e0e382-2f33-4734-9c15-41f6c7b64d41" xlink:to="loc_dei_DocumentInformationTable_d052796e-8ec2-4e38-8bc2-ec08b2cbde0d" xlink:type="arc" order="1" xbrldt:closed="true" xbrldt:contextElement="segment"/>
    <link:loc xlink:type="locator" xlink:label="loc_us-gaap_StatementClassOfStockAxis_8d0b1e59-ab01-47be-9967-0191cc5fc7ec" xlink:href="https://xbrl.fasb.org/us-gaap/2023/elts/us-gaap-2023.xsd#us-gaap_StatementClassOfStockAxis"/>
    <link:definitionArc xlink:arcrole="http://xbrl.org/int/dim/arcrole/hypercube-dimension" xlink:from="loc_dei_DocumentInformationTable_d052796e-8ec2-4e38-8bc2-ec08b2cbde0d" xlink:to="loc_us-gaap_StatementClassOfStockAxis_8d0b1e59-ab01-47be-9967-0191cc5fc7ec" xlink:type="arc" order="1"/>
    <link:loc xlink:type="locator" xlink:label="loc_us-gaap_ClassOfStockDomain_8d0b1e59-ab01-47be-9967-0191cc5fc7ec_default" xlink:href="https://xbrl.fasb.org/us-gaap/2023/elts/us-gaap-2023.xsd#us-gaap_ClassOfStockDomain"/>
    <link:definitionArc xlink:arcrole="http://xbrl.org/int/dim/arcrole/dimension-default" xlink:from="loc_us-gaap_StatementClassOfStockAxis_8d0b1e59-ab01-47be-9967-0191cc5fc7ec" xlink:to="loc_us-gaap_ClassOfStockDomain_8d0b1e59-ab01-47be-9967-0191cc5fc7ec_default" xlink:type="arc" order="1"/>
    <link:loc xlink:type="locator" xlink:label="loc_us-gaap_ClassOfStockDomain_801290c0-c5b4-4784-b4a7-380d4b5dac7e" xlink:href="https://xbrl.fasb.org/us-gaap/2023/elts/us-gaap-2023.xsd#us-gaap_ClassOfStockDomain"/>
    <link:definitionArc xlink:arcrole="http://xbrl.org/int/dim/arcrole/dimension-domain" xlink:from="loc_us-gaap_StatementClassOfStockAxis_8d0b1e59-ab01-47be-9967-0191cc5fc7ec" xlink:to="loc_us-gaap_ClassOfStockDomain_801290c0-c5b4-4784-b4a7-380d4b5dac7e" xlink:type="arc" order="1"/>
    <link:loc xlink:type="locator" xlink:label="loc_us-gaap_CommonClassAMember_058a063d-f278-4121-ae56-ede158339bd4" xlink:href="https://xbrl.fasb.org/us-gaap/2023/elts/us-gaap-2023.xsd#us-gaap_CommonClassAMember"/>
    <link:definitionArc xlink:arcrole="http://xbrl.org/int/dim/arcrole/domain-member" xlink:from="loc_us-gaap_ClassOfStockDomain_801290c0-c5b4-4784-b4a7-380d4b5dac7e" xlink:to="loc_us-gaap_CommonClassAMember_058a063d-f278-4121-ae56-ede158339bd4" xlink:type="arc" order="0"/>
    <link:loc xlink:type="locator" xlink:label="loc_dei_EntityCentralIndexKey_9abdae81-c24c-48f1-92b4-46ae351f727e" xlink:href="https://xbrl.sec.gov/dei/2023/dei-2023.xsd#dei_EntityCentralIndexKey"/>
    <link:definitionArc xlink:arcrole="http://xbrl.org/int/dim/arcrole/domain-member" xlink:from="loc_dei_DocumentInformationLineItems_18e0e382-2f33-4734-9c15-41f6c7b64d41" xlink:to="loc_dei_EntityCentralIndexKey_9abdae81-c24c-48f1-92b4-46ae351f727e" xlink:type="arc" order="0"/>
    <link:loc xlink:type="locator" xlink:label="loc_dei_DocumentFiscalPeriodFocus_fed006fa-46b1-4a0d-b1d8-5993b7e630d6" xlink:href="https://xbrl.sec.gov/dei/2023/dei-2023.xsd#dei_DocumentFiscalPeriodFocus"/>
    <link:definitionArc xlink:arcrole="http://xbrl.org/int/dim/arcrole/domain-member" xlink:from="loc_dei_DocumentInformationLineItems_18e0e382-2f33-4734-9c15-41f6c7b64d41" xlink:to="loc_dei_DocumentFiscalPeriodFocus_fed006fa-46b1-4a0d-b1d8-5993b7e630d6" xlink:type="arc" order="1"/>
    <link:loc xlink:type="locator" xlink:label="loc_dei_DocumentFiscalYearFocus_8913e921-5c5a-4fa7-b730-adc91705328e" xlink:href="https://xbrl.sec.gov/dei/2023/dei-2023.xsd#dei_DocumentFiscalYearFocus"/>
    <link:definitionArc xlink:arcrole="http://xbrl.org/int/dim/arcrole/domain-member" xlink:from="loc_dei_DocumentInformationLineItems_18e0e382-2f33-4734-9c15-41f6c7b64d41" xlink:to="loc_dei_DocumentFiscalYearFocus_8913e921-5c5a-4fa7-b730-adc91705328e" xlink:type="arc" order="2"/>
    <link:loc xlink:type="locator" xlink:label="loc_dei_AmendmentFlag_1014197d-bdcb-4b2f-875f-dfac6e548c6e" xlink:href="https://xbrl.sec.gov/dei/2023/dei-2023.xsd#dei_AmendmentFlag"/>
    <link:definitionArc xlink:arcrole="http://xbrl.org/int/dim/arcrole/domain-member" xlink:from="loc_dei_DocumentInformationLineItems_18e0e382-2f33-4734-9c15-41f6c7b64d41" xlink:to="loc_dei_AmendmentFlag_1014197d-bdcb-4b2f-875f-dfac6e548c6e" xlink:type="arc" order="3"/>
    <link:loc xlink:type="locator" xlink:label="loc_dei_Security12bTitle_0dacf22a-6f01-4fe8-acf8-6ae9e27ff6f3" xlink:href="https://xbrl.sec.gov/dei/2023/dei-2023.xsd#dei_Security12bTitle"/>
    <link:definitionArc xlink:arcrole="http://xbrl.org/int/dim/arcrole/domain-member" xlink:from="loc_dei_DocumentInformationLineItems_18e0e382-2f33-4734-9c15-41f6c7b64d41" xlink:to="loc_dei_Security12bTitle_0dacf22a-6f01-4fe8-acf8-6ae9e27ff6f3" xlink:type="arc" order="4"/>
    <link:loc xlink:type="locator" xlink:label="loc_dei_EntityIncorporationStateCountryCode_b8e31992-e129-4cd7-b6f0-6ebbeae111eb" xlink:href="https://xbrl.sec.gov/dei/2023/dei-2023.xsd#dei_EntityIncorporationStateCountryCode"/>
    <link:definitionArc xlink:arcrole="http://xbrl.org/int/dim/arcrole/domain-member" xlink:from="loc_dei_DocumentInformationLineItems_18e0e382-2f33-4734-9c15-41f6c7b64d41" xlink:to="loc_dei_EntityIncorporationStateCountryCode_b8e31992-e129-4cd7-b6f0-6ebbeae111eb" xlink:type="arc" order="5"/>
    <link:loc xlink:type="locator" xlink:label="loc_dei_DocumentType_20105153-9a49-4457-a67d-374470398239" xlink:href="https://xbrl.sec.gov/dei/2023/dei-2023.xsd#dei_DocumentType"/>
    <link:definitionArc xlink:arcrole="http://xbrl.org/int/dim/arcrole/domain-member" xlink:from="loc_dei_DocumentInformationLineItems_18e0e382-2f33-4734-9c15-41f6c7b64d41" xlink:to="loc_dei_DocumentType_20105153-9a49-4457-a67d-374470398239" xlink:type="arc" order="6"/>
    <link:loc xlink:type="locator" xlink:label="loc_dei_DocumentPeriodEndDate_87ffd68b-51e8-43ad-b16e-bccfe4a31e61" xlink:href="https://xbrl.sec.gov/dei/2023/dei-2023.xsd#dei_DocumentPeriodEndDate"/>
    <link:definitionArc xlink:arcrole="http://xbrl.org/int/dim/arcrole/domain-member" xlink:from="loc_dei_DocumentInformationLineItems_18e0e382-2f33-4734-9c15-41f6c7b64d41" xlink:to="loc_dei_DocumentPeriodEndDate_87ffd68b-51e8-43ad-b16e-bccfe4a31e61" xlink:type="arc" order="7"/>
    <link:loc xlink:type="locator" xlink:label="loc_dei_EntityRegistrantName_24932373-6a59-4e75-8636-1b4d903d6cb6" xlink:href="https://xbrl.sec.gov/dei/2023/dei-2023.xsd#dei_EntityRegistrantName"/>
    <link:definitionArc xlink:arcrole="http://xbrl.org/int/dim/arcrole/domain-member" xlink:from="loc_dei_DocumentInformationLineItems_18e0e382-2f33-4734-9c15-41f6c7b64d41" xlink:to="loc_dei_EntityRegistrantName_24932373-6a59-4e75-8636-1b4d903d6cb6" xlink:type="arc" order="8"/>
    <link:loc xlink:type="locator" xlink:label="loc_dei_EntityFileNumber_ce05ed90-f5f8-402c-8154-6d58e883bdf9" xlink:href="https://xbrl.sec.gov/dei/2023/dei-2023.xsd#dei_EntityFileNumber"/>
    <link:definitionArc xlink:arcrole="http://xbrl.org/int/dim/arcrole/domain-member" xlink:from="loc_dei_DocumentInformationLineItems_18e0e382-2f33-4734-9c15-41f6c7b64d41" xlink:to="loc_dei_EntityFileNumber_ce05ed90-f5f8-402c-8154-6d58e883bdf9" xlink:type="arc" order="9"/>
    <link:loc xlink:type="locator" xlink:label="loc_dei_EntityTaxIdentificationNumber_81685c47-38d5-4ba4-9720-248787afce27" xlink:href="https://xbrl.sec.gov/dei/2023/dei-2023.xsd#dei_EntityTaxIdentificationNumber"/>
    <link:definitionArc xlink:arcrole="http://xbrl.org/int/dim/arcrole/domain-member" xlink:from="loc_dei_DocumentInformationLineItems_18e0e382-2f33-4734-9c15-41f6c7b64d41" xlink:to="loc_dei_EntityTaxIdentificationNumber_81685c47-38d5-4ba4-9720-248787afce27" xlink:type="arc" order="10"/>
    <link:loc xlink:type="locator" xlink:label="loc_dei_EntityAddressAddressLine1_05d64457-b223-4e71-b829-3dea68c0b720" xlink:href="https://xbrl.sec.gov/dei/2023/dei-2023.xsd#dei_EntityAddressAddressLine1"/>
    <link:definitionArc xlink:arcrole="http://xbrl.org/int/dim/arcrole/domain-member" xlink:from="loc_dei_DocumentInformationLineItems_18e0e382-2f33-4734-9c15-41f6c7b64d41" xlink:to="loc_dei_EntityAddressAddressLine1_05d64457-b223-4e71-b829-3dea68c0b720" xlink:type="arc" order="11"/>
    <link:loc xlink:type="locator" xlink:label="loc_dei_EntityAddressCityOrTown_5000154c-1ee7-4795-9ac8-9641adb1af96" xlink:href="https://xbrl.sec.gov/dei/2023/dei-2023.xsd#dei_EntityAddressCityOrTown"/>
    <link:definitionArc xlink:arcrole="http://xbrl.org/int/dim/arcrole/domain-member" xlink:from="loc_dei_DocumentInformationLineItems_18e0e382-2f33-4734-9c15-41f6c7b64d41" xlink:to="loc_dei_EntityAddressCityOrTown_5000154c-1ee7-4795-9ac8-9641adb1af96" xlink:type="arc" order="12"/>
    <link:loc xlink:type="locator" xlink:label="loc_dei_EntityAddressStateOrProvince_3b7726bb-c2d7-4e1b-9a05-00673d827dd2" xlink:href="https://xbrl.sec.gov/dei/2023/dei-2023.xsd#dei_EntityAddressStateOrProvince"/>
    <link:definitionArc xlink:arcrole="http://xbrl.org/int/dim/arcrole/domain-member" xlink:from="loc_dei_DocumentInformationLineItems_18e0e382-2f33-4734-9c15-41f6c7b64d41" xlink:to="loc_dei_EntityAddressStateOrProvince_3b7726bb-c2d7-4e1b-9a05-00673d827dd2" xlink:type="arc" order="13"/>
    <link:loc xlink:type="locator" xlink:label="loc_dei_EntityAddressPostalZipCode_a56ba8fe-1555-4544-9378-56f0a04bd849" xlink:href="https://xbrl.sec.gov/dei/2023/dei-2023.xsd#dei_EntityAddressPostalZipCode"/>
    <link:definitionArc xlink:arcrole="http://xbrl.org/int/dim/arcrole/domain-member" xlink:from="loc_dei_DocumentInformationLineItems_18e0e382-2f33-4734-9c15-41f6c7b64d41" xlink:to="loc_dei_EntityAddressPostalZipCode_a56ba8fe-1555-4544-9378-56f0a04bd849" xlink:type="arc" order="14"/>
    <link:loc xlink:type="locator" xlink:label="loc_dei_CityAreaCode_d704f084-f09f-4d0a-9d27-2cc815180f05" xlink:href="https://xbrl.sec.gov/dei/2023/dei-2023.xsd#dei_CityAreaCode"/>
    <link:definitionArc xlink:arcrole="http://xbrl.org/int/dim/arcrole/domain-member" xlink:from="loc_dei_DocumentInformationLineItems_18e0e382-2f33-4734-9c15-41f6c7b64d41" xlink:to="loc_dei_CityAreaCode_d704f084-f09f-4d0a-9d27-2cc815180f05" xlink:type="arc" order="15"/>
    <link:loc xlink:type="locator" xlink:label="loc_dei_LocalPhoneNumber_b833cfc4-56b2-41b3-b179-0d29db0a57be" xlink:href="https://xbrl.sec.gov/dei/2023/dei-2023.xsd#dei_LocalPhoneNumber"/>
    <link:definitionArc xlink:arcrole="http://xbrl.org/int/dim/arcrole/domain-member" xlink:from="loc_dei_DocumentInformationLineItems_18e0e382-2f33-4734-9c15-41f6c7b64d41" xlink:to="loc_dei_LocalPhoneNumber_b833cfc4-56b2-41b3-b179-0d29db0a57be" xlink:type="arc" order="16"/>
    <link:loc xlink:type="locator" xlink:label="loc_dei_WrittenCommunications_a5bb71e0-e3ae-4ae9-a43f-d06f617d5dfe" xlink:href="https://xbrl.sec.gov/dei/2023/dei-2023.xsd#dei_WrittenCommunications"/>
    <link:definitionArc xlink:arcrole="http://xbrl.org/int/dim/arcrole/domain-member" xlink:from="loc_dei_DocumentInformationLineItems_18e0e382-2f33-4734-9c15-41f6c7b64d41" xlink:to="loc_dei_WrittenCommunications_a5bb71e0-e3ae-4ae9-a43f-d06f617d5dfe" xlink:type="arc" order="17"/>
    <link:loc xlink:type="locator" xlink:label="loc_dei_SolicitingMaterial_027e58b0-e52f-4179-8d1c-e0b3ab4b0da1" xlink:href="https://xbrl.sec.gov/dei/2023/dei-2023.xsd#dei_SolicitingMaterial"/>
    <link:definitionArc xlink:arcrole="http://xbrl.org/int/dim/arcrole/domain-member" xlink:from="loc_dei_DocumentInformationLineItems_18e0e382-2f33-4734-9c15-41f6c7b64d41" xlink:to="loc_dei_SolicitingMaterial_027e58b0-e52f-4179-8d1c-e0b3ab4b0da1" xlink:type="arc" order="18"/>
    <link:loc xlink:type="locator" xlink:label="loc_dei_PreCommencementTenderOffer_db11c22d-d0ea-45df-be40-dbcfa5b9faf8" xlink:href="https://xbrl.sec.gov/dei/2023/dei-2023.xsd#dei_PreCommencementTenderOffer"/>
    <link:definitionArc xlink:arcrole="http://xbrl.org/int/dim/arcrole/domain-member" xlink:from="loc_dei_DocumentInformationLineItems_18e0e382-2f33-4734-9c15-41f6c7b64d41" xlink:to="loc_dei_PreCommencementTenderOffer_db11c22d-d0ea-45df-be40-dbcfa5b9faf8" xlink:type="arc" order="19"/>
    <link:loc xlink:type="locator" xlink:label="loc_dei_PreCommencementIssuerTenderOffer_ed0eb7a6-e10a-4030-97b0-b88e3c551d1c" xlink:href="https://xbrl.sec.gov/dei/2023/dei-2023.xsd#dei_PreCommencementIssuerTenderOffer"/>
    <link:definitionArc xlink:arcrole="http://xbrl.org/int/dim/arcrole/domain-member" xlink:from="loc_dei_DocumentInformationLineItems_18e0e382-2f33-4734-9c15-41f6c7b64d41" xlink:to="loc_dei_PreCommencementIssuerTenderOffer_ed0eb7a6-e10a-4030-97b0-b88e3c551d1c" xlink:type="arc" order="20"/>
    <link:loc xlink:type="locator" xlink:label="loc_dei_TradingSymbol_5fd06bf0-3266-4438-b77d-304ae4497131" xlink:href="https://xbrl.sec.gov/dei/2023/dei-2023.xsd#dei_TradingSymbol"/>
    <link:definitionArc xlink:arcrole="http://xbrl.org/int/dim/arcrole/domain-member" xlink:from="loc_dei_DocumentInformationLineItems_18e0e382-2f33-4734-9c15-41f6c7b64d41" xlink:to="loc_dei_TradingSymbol_5fd06bf0-3266-4438-b77d-304ae4497131" xlink:type="arc" order="21"/>
    <link:loc xlink:type="locator" xlink:label="loc_dei_SecurityExchangeName_471c1829-a1b6-40a2-bd46-30ec4eba5966" xlink:href="https://xbrl.sec.gov/dei/2023/dei-2023.xsd#dei_SecurityExchangeName"/>
    <link:definitionArc xlink:arcrole="http://xbrl.org/int/dim/arcrole/domain-member" xlink:from="loc_dei_DocumentInformationLineItems_18e0e382-2f33-4734-9c15-41f6c7b64d41" xlink:to="loc_dei_SecurityExchangeName_471c1829-a1b6-40a2-bd46-30ec4eba5966" xlink:type="arc" order="22"/>
    <link:loc xlink:type="locator" xlink:label="loc_dei_EntityEmergingGrowthCompany_e2271228-f90c-441a-9860-374f469f4e98" xlink:href="https://xbrl.sec.gov/dei/2023/dei-2023.xsd#dei_EntityEmergingGrowthCompany"/>
    <link:definitionArc xlink:arcrole="http://xbrl.org/int/dim/arcrole/domain-member" xlink:from="loc_dei_DocumentInformationLineItems_18e0e382-2f33-4734-9c15-41f6c7b64d41" xlink:to="loc_dei_EntityEmergingGrowthCompany_e2271228-f90c-441a-9860-374f469f4e98" xlink:type="arc" order="23"/>
  </link:definitionLink>
</link:linkbase>
