<?xml version="1.0" encoding="UTF-8"?>

<!--XBRL Document Created with the Workiva Platform-->
<!--Copyright 2024 Workiva-->
<!--r:996e26af-412c-42d4-8ac4-6f206bfcf861,g:d2e9e57a-d8a9-4165-a142-21621661881c-->
<link:linkbase xmlns:link="http://www.xbrl.org/2003/linkbase" xmlns:xlink="http://www.w3.org/1999/xlink" xmlns:xsi="http://www.w3.org/2001/XMLSchema-instance" xmlns:xbrldt="http://xbrl.org/2005/xbrldt" xsi:schemaLocation="http://www.xbrl.org/2003/linkbase http://www.xbrl.org/2003/xbrl-linkbase-2003-12-31.xsd">
  <link:arcroleRef arcroleURI="http://xbrl.org/int/dim/arcrole/all" xlink:type="simple" xlink:href="http://www.xbrl.org/2005/xbrldt-2005.xsd#all"/>
  <link:arcroleRef arcroleURI="http://xbrl.org/int/dim/arcrole/hypercube-dimension" xlink:type="simple" xlink:href="http://www.xbrl.org/2005/xbrldt-2005.xsd#hypercube-dimension"/>
  <link:arcroleRef arcroleURI="http://xbrl.org/int/dim/arcrole/dimension-default" xlink:type="simple" xlink:href="http://www.xbrl.org/2005/xbrldt-2005.xsd#dimension-default"/>
  <link:arcroleRef arcroleURI="http://xbrl.org/int/dim/arcrole/dimension-domain" xlink:type="simple" xlink:href="http://www.xbrl.org/2005/xbrldt-2005.xsd#dimension-domain"/>
  <link:arcroleRef arcroleURI="http://xbrl.org/int/dim/arcrole/domain-member" xlink:type="simple" xlink:href="http://www.xbrl.org/2005/xbrldt-2005.xsd#domain-member"/>
  <link:roleRef roleURI="http://www.gamestop.com/role/DocumentandEntityInformationDocument" xlink:type="simple" xlink:href="gme-20240910.xsd#DocumentandEntityInformationDocument"/>
  <link:definitionLink xlink:role="http://www.gamestop.com/role/DocumentandEntityInformationDocument" xlink:type="extended">
    <link:loc xlink:type="locator" xlink:label="loc_dei_DocumentInformationLineItems_042a31f2-00c3-4a2a-a930-2734e0d49395" xlink:href="https://xbrl.sec.gov/dei/2023/dei-2023.xsd#dei_DocumentInformationLineItems"/>
    <link:loc xlink:type="locator" xlink:label="loc_dei_DocumentInformationTable_ac96ec67-dce8-48fb-992d-bb6ccc28200a" xlink:href="https://xbrl.sec.gov/dei/2023/dei-2023.xsd#dei_DocumentInformationTable"/>
    <link:definitionArc xlink:arcrole="http://xbrl.org/int/dim/arcrole/all" xlink:from="loc_dei_DocumentInformationLineItems_042a31f2-00c3-4a2a-a930-2734e0d49395" xlink:to="loc_dei_DocumentInformationTable_ac96ec67-dce8-48fb-992d-bb6ccc28200a" xlink:type="arc" order="1" xbrldt:closed="true" xbrldt:contextElement="segment"/>
    <link:loc xlink:type="locator" xlink:label="loc_us-gaap_StatementClassOfStockAxis_14ce14c2-3b17-48a2-a34c-8f19504618c9" xlink:href="https://xbrl.fasb.org/us-gaap/2023/elts/us-gaap-2023.xsd#us-gaap_StatementClassOfStockAxis"/>
    <link:definitionArc xlink:arcrole="http://xbrl.org/int/dim/arcrole/hypercube-dimension" xlink:from="loc_dei_DocumentInformationTable_ac96ec67-dce8-48fb-992d-bb6ccc28200a" xlink:to="loc_us-gaap_StatementClassOfStockAxis_14ce14c2-3b17-48a2-a34c-8f19504618c9" xlink:type="arc" order="1"/>
    <link:loc xlink:type="locator" xlink:label="loc_us-gaap_ClassOfStockDomain_14ce14c2-3b17-48a2-a34c-8f19504618c9_default" xlink:href="https://xbrl.fasb.org/us-gaap/2023/elts/us-gaap-2023.xsd#us-gaap_ClassOfStockDomain"/>
    <link:definitionArc xlink:arcrole="http://xbrl.org/int/dim/arcrole/dimension-default" xlink:from="loc_us-gaap_StatementClassOfStockAxis_14ce14c2-3b17-48a2-a34c-8f19504618c9" xlink:to="loc_us-gaap_ClassOfStockDomain_14ce14c2-3b17-48a2-a34c-8f19504618c9_default" xlink:type="arc" order="1"/>
    <link:loc xlink:type="locator" xlink:label="loc_us-gaap_ClassOfStockDomain_2914a3d4-5f3c-4318-92ff-f31d7ca7d963" xlink:href="https://xbrl.fasb.org/us-gaap/2023/elts/us-gaap-2023.xsd#us-gaap_ClassOfStockDomain"/>
    <link:definitionArc xlink:arcrole="http://xbrl.org/int/dim/arcrole/dimension-domain" xlink:from="loc_us-gaap_StatementClassOfStockAxis_14ce14c2-3b17-48a2-a34c-8f19504618c9" xlink:to="loc_us-gaap_ClassOfStockDomain_2914a3d4-5f3c-4318-92ff-f31d7ca7d963" xlink:type="arc" order="1"/>
    <link:loc xlink:type="locator" xlink:label="loc_us-gaap_CommonClassAMember_207293f6-fa69-415f-96b9-50c732cd3fc3" xlink:href="https://xbrl.fasb.org/us-gaap/2023/elts/us-gaap-2023.xsd#us-gaap_CommonClassAMember"/>
    <link:definitionArc xlink:arcrole="http://xbrl.org/int/dim/arcrole/domain-member" xlink:from="loc_us-gaap_ClassOfStockDomain_2914a3d4-5f3c-4318-92ff-f31d7ca7d963" xlink:to="loc_us-gaap_CommonClassAMember_207293f6-fa69-415f-96b9-50c732cd3fc3" xlink:type="arc" order="0"/>
    <link:loc xlink:type="locator" xlink:label="loc_dei_EntityCentralIndexKey_a6e4179a-3c26-4003-92b1-c5f76e807f23" xlink:href="https://xbrl.sec.gov/dei/2023/dei-2023.xsd#dei_EntityCentralIndexKey"/>
    <link:definitionArc xlink:arcrole="http://xbrl.org/int/dim/arcrole/domain-member" xlink:from="loc_dei_DocumentInformationLineItems_042a31f2-00c3-4a2a-a930-2734e0d49395" xlink:to="loc_dei_EntityCentralIndexKey_a6e4179a-3c26-4003-92b1-c5f76e807f23" xlink:type="arc" order="0"/>
    <link:loc xlink:type="locator" xlink:label="loc_dei_DocumentFiscalPeriodFocus_0d73f60f-6162-4b31-8697-9d252758a414" xlink:href="https://xbrl.sec.gov/dei/2023/dei-2023.xsd#dei_DocumentFiscalPeriodFocus"/>
    <link:definitionArc xlink:arcrole="http://xbrl.org/int/dim/arcrole/domain-member" xlink:from="loc_dei_DocumentInformationLineItems_042a31f2-00c3-4a2a-a930-2734e0d49395" xlink:to="loc_dei_DocumentFiscalPeriodFocus_0d73f60f-6162-4b31-8697-9d252758a414" xlink:type="arc" order="1"/>
    <link:loc xlink:type="locator" xlink:label="loc_dei_DocumentFiscalYearFocus_520a5bb3-d68d-4173-9450-0727abd7488a" xlink:href="https://xbrl.sec.gov/dei/2023/dei-2023.xsd#dei_DocumentFiscalYearFocus"/>
    <link:definitionArc xlink:arcrole="http://xbrl.org/int/dim/arcrole/domain-member" xlink:from="loc_dei_DocumentInformationLineItems_042a31f2-00c3-4a2a-a930-2734e0d49395" xlink:to="loc_dei_DocumentFiscalYearFocus_520a5bb3-d68d-4173-9450-0727abd7488a" xlink:type="arc" order="2"/>
    <link:loc xlink:type="locator" xlink:label="loc_dei_AmendmentFlag_540e59a7-7518-430e-9595-2c52fb6c9870" xlink:href="https://xbrl.sec.gov/dei/2023/dei-2023.xsd#dei_AmendmentFlag"/>
    <link:definitionArc xlink:arcrole="http://xbrl.org/int/dim/arcrole/domain-member" xlink:from="loc_dei_DocumentInformationLineItems_042a31f2-00c3-4a2a-a930-2734e0d49395" xlink:to="loc_dei_AmendmentFlag_540e59a7-7518-430e-9595-2c52fb6c9870" xlink:type="arc" order="3"/>
    <link:loc xlink:type="locator" xlink:label="loc_dei_Security12bTitle_0fa826af-8fca-4433-b5f0-95df78d8a403" xlink:href="https://xbrl.sec.gov/dei/2023/dei-2023.xsd#dei_Security12bTitle"/>
    <link:definitionArc xlink:arcrole="http://xbrl.org/int/dim/arcrole/domain-member" xlink:from="loc_dei_DocumentInformationLineItems_042a31f2-00c3-4a2a-a930-2734e0d49395" xlink:to="loc_dei_Security12bTitle_0fa826af-8fca-4433-b5f0-95df78d8a403" xlink:type="arc" order="4"/>
    <link:loc xlink:type="locator" xlink:label="loc_dei_EntityIncorporationStateCountryCode_021f875b-283c-4b28-8be9-62517b8e8385" xlink:href="https://xbrl.sec.gov/dei/2023/dei-2023.xsd#dei_EntityIncorporationStateCountryCode"/>
    <link:definitionArc xlink:arcrole="http://xbrl.org/int/dim/arcrole/domain-member" xlink:from="loc_dei_DocumentInformationLineItems_042a31f2-00c3-4a2a-a930-2734e0d49395" xlink:to="loc_dei_EntityIncorporationStateCountryCode_021f875b-283c-4b28-8be9-62517b8e8385" xlink:type="arc" order="5"/>
    <link:loc xlink:type="locator" xlink:label="loc_dei_DocumentType_0a13f96c-9e41-440b-bbca-683175c5f056" xlink:href="https://xbrl.sec.gov/dei/2023/dei-2023.xsd#dei_DocumentType"/>
    <link:definitionArc xlink:arcrole="http://xbrl.org/int/dim/arcrole/domain-member" xlink:from="loc_dei_DocumentInformationLineItems_042a31f2-00c3-4a2a-a930-2734e0d49395" xlink:to="loc_dei_DocumentType_0a13f96c-9e41-440b-bbca-683175c5f056" xlink:type="arc" order="6"/>
    <link:loc xlink:type="locator" xlink:label="loc_dei_DocumentPeriodEndDate_c3ebfe9b-c131-4817-8238-01ab53ab0a1f" xlink:href="https://xbrl.sec.gov/dei/2023/dei-2023.xsd#dei_DocumentPeriodEndDate"/>
    <link:definitionArc xlink:arcrole="http://xbrl.org/int/dim/arcrole/domain-member" xlink:from="loc_dei_DocumentInformationLineItems_042a31f2-00c3-4a2a-a930-2734e0d49395" xlink:to="loc_dei_DocumentPeriodEndDate_c3ebfe9b-c131-4817-8238-01ab53ab0a1f" xlink:type="arc" order="7"/>
    <link:loc xlink:type="locator" xlink:label="loc_dei_EntityRegistrantName_7f105405-5de5-420a-9945-a29eee856d5a" xlink:href="https://xbrl.sec.gov/dei/2023/dei-2023.xsd#dei_EntityRegistrantName"/>
    <link:definitionArc xlink:arcrole="http://xbrl.org/int/dim/arcrole/domain-member" xlink:from="loc_dei_DocumentInformationLineItems_042a31f2-00c3-4a2a-a930-2734e0d49395" xlink:to="loc_dei_EntityRegistrantName_7f105405-5de5-420a-9945-a29eee856d5a" xlink:type="arc" order="8"/>
    <link:loc xlink:type="locator" xlink:label="loc_dei_EntityFileNumber_57aafeb1-607c-4402-af44-2d4608022473" xlink:href="https://xbrl.sec.gov/dei/2023/dei-2023.xsd#dei_EntityFileNumber"/>
    <link:definitionArc xlink:arcrole="http://xbrl.org/int/dim/arcrole/domain-member" xlink:from="loc_dei_DocumentInformationLineItems_042a31f2-00c3-4a2a-a930-2734e0d49395" xlink:to="loc_dei_EntityFileNumber_57aafeb1-607c-4402-af44-2d4608022473" xlink:type="arc" order="9"/>
    <link:loc xlink:type="locator" xlink:label="loc_dei_EntityTaxIdentificationNumber_7917b923-4f81-4e13-b009-c5e83de3af4e" xlink:href="https://xbrl.sec.gov/dei/2023/dei-2023.xsd#dei_EntityTaxIdentificationNumber"/>
    <link:definitionArc xlink:arcrole="http://xbrl.org/int/dim/arcrole/domain-member" xlink:from="loc_dei_DocumentInformationLineItems_042a31f2-00c3-4a2a-a930-2734e0d49395" xlink:to="loc_dei_EntityTaxIdentificationNumber_7917b923-4f81-4e13-b009-c5e83de3af4e" xlink:type="arc" order="10"/>
    <link:loc xlink:type="locator" xlink:label="loc_dei_EntityAddressAddressLine1_ae8453b6-5887-43f0-b889-392ab0fd22a8" xlink:href="https://xbrl.sec.gov/dei/2023/dei-2023.xsd#dei_EntityAddressAddressLine1"/>
    <link:definitionArc xlink:arcrole="http://xbrl.org/int/dim/arcrole/domain-member" xlink:from="loc_dei_DocumentInformationLineItems_042a31f2-00c3-4a2a-a930-2734e0d49395" xlink:to="loc_dei_EntityAddressAddressLine1_ae8453b6-5887-43f0-b889-392ab0fd22a8" xlink:type="arc" order="11"/>
    <link:loc xlink:type="locator" xlink:label="loc_dei_EntityAddressCityOrTown_702ca55c-c9ec-4327-9012-93a79556e7e8" xlink:href="https://xbrl.sec.gov/dei/2023/dei-2023.xsd#dei_EntityAddressCityOrTown"/>
    <link:definitionArc xlink:arcrole="http://xbrl.org/int/dim/arcrole/domain-member" xlink:from="loc_dei_DocumentInformationLineItems_042a31f2-00c3-4a2a-a930-2734e0d49395" xlink:to="loc_dei_EntityAddressCityOrTown_702ca55c-c9ec-4327-9012-93a79556e7e8" xlink:type="arc" order="12"/>
    <link:loc xlink:type="locator" xlink:label="loc_dei_EntityAddressStateOrProvince_6ca8facf-134b-4194-8980-5d9ae32c8ec2" xlink:href="https://xbrl.sec.gov/dei/2023/dei-2023.xsd#dei_EntityAddressStateOrProvince"/>
    <link:definitionArc xlink:arcrole="http://xbrl.org/int/dim/arcrole/domain-member" xlink:from="loc_dei_DocumentInformationLineItems_042a31f2-00c3-4a2a-a930-2734e0d49395" xlink:to="loc_dei_EntityAddressStateOrProvince_6ca8facf-134b-4194-8980-5d9ae32c8ec2" xlink:type="arc" order="13"/>
    <link:loc xlink:type="locator" xlink:label="loc_dei_EntityAddressPostalZipCode_2e88b684-2281-46d9-9289-d7a375bbffaa" xlink:href="https://xbrl.sec.gov/dei/2023/dei-2023.xsd#dei_EntityAddressPostalZipCode"/>
    <link:definitionArc xlink:arcrole="http://xbrl.org/int/dim/arcrole/domain-member" xlink:from="loc_dei_DocumentInformationLineItems_042a31f2-00c3-4a2a-a930-2734e0d49395" xlink:to="loc_dei_EntityAddressPostalZipCode_2e88b684-2281-46d9-9289-d7a375bbffaa" xlink:type="arc" order="14"/>
    <link:loc xlink:type="locator" xlink:label="loc_dei_CityAreaCode_459a60e1-0f43-4216-a8f1-4225b1181a34" xlink:href="https://xbrl.sec.gov/dei/2023/dei-2023.xsd#dei_CityAreaCode"/>
    <link:definitionArc xlink:arcrole="http://xbrl.org/int/dim/arcrole/domain-member" xlink:from="loc_dei_DocumentInformationLineItems_042a31f2-00c3-4a2a-a930-2734e0d49395" xlink:to="loc_dei_CityAreaCode_459a60e1-0f43-4216-a8f1-4225b1181a34" xlink:type="arc" order="15"/>
    <link:loc xlink:type="locator" xlink:label="loc_dei_LocalPhoneNumber_4f4682d1-a57d-4977-8798-ab0f95684b60" xlink:href="https://xbrl.sec.gov/dei/2023/dei-2023.xsd#dei_LocalPhoneNumber"/>
    <link:definitionArc xlink:arcrole="http://xbrl.org/int/dim/arcrole/domain-member" xlink:from="loc_dei_DocumentInformationLineItems_042a31f2-00c3-4a2a-a930-2734e0d49395" xlink:to="loc_dei_LocalPhoneNumber_4f4682d1-a57d-4977-8798-ab0f95684b60" xlink:type="arc" order="16"/>
    <link:loc xlink:type="locator" xlink:label="loc_dei_WrittenCommunications_6bd88404-fa78-490f-aa85-c661492deaad" xlink:href="https://xbrl.sec.gov/dei/2023/dei-2023.xsd#dei_WrittenCommunications"/>
    <link:definitionArc xlink:arcrole="http://xbrl.org/int/dim/arcrole/domain-member" xlink:from="loc_dei_DocumentInformationLineItems_042a31f2-00c3-4a2a-a930-2734e0d49395" xlink:to="loc_dei_WrittenCommunications_6bd88404-fa78-490f-aa85-c661492deaad" xlink:type="arc" order="17"/>
    <link:loc xlink:type="locator" xlink:label="loc_dei_SolicitingMaterial_e78ed841-a70c-4fcb-86f8-6958c147af67" xlink:href="https://xbrl.sec.gov/dei/2023/dei-2023.xsd#dei_SolicitingMaterial"/>
    <link:definitionArc xlink:arcrole="http://xbrl.org/int/dim/arcrole/domain-member" xlink:from="loc_dei_DocumentInformationLineItems_042a31f2-00c3-4a2a-a930-2734e0d49395" xlink:to="loc_dei_SolicitingMaterial_e78ed841-a70c-4fcb-86f8-6958c147af67" xlink:type="arc" order="18"/>
    <link:loc xlink:type="locator" xlink:label="loc_dei_PreCommencementTenderOffer_f38fa247-91cd-4169-aaf3-242eec184b00" xlink:href="https://xbrl.sec.gov/dei/2023/dei-2023.xsd#dei_PreCommencementTenderOffer"/>
    <link:definitionArc xlink:arcrole="http://xbrl.org/int/dim/arcrole/domain-member" xlink:from="loc_dei_DocumentInformationLineItems_042a31f2-00c3-4a2a-a930-2734e0d49395" xlink:to="loc_dei_PreCommencementTenderOffer_f38fa247-91cd-4169-aaf3-242eec184b00" xlink:type="arc" order="19"/>
    <link:loc xlink:type="locator" xlink:label="loc_dei_PreCommencementIssuerTenderOffer_e6d5c284-b6b7-4223-91fd-fc812aa0bb33" xlink:href="https://xbrl.sec.gov/dei/2023/dei-2023.xsd#dei_PreCommencementIssuerTenderOffer"/>
    <link:definitionArc xlink:arcrole="http://xbrl.org/int/dim/arcrole/domain-member" xlink:from="loc_dei_DocumentInformationLineItems_042a31f2-00c3-4a2a-a930-2734e0d49395" xlink:to="loc_dei_PreCommencementIssuerTenderOffer_e6d5c284-b6b7-4223-91fd-fc812aa0bb33" xlink:type="arc" order="20"/>
    <link:loc xlink:type="locator" xlink:label="loc_dei_TradingSymbol_a90ff49c-3a71-4449-a8cb-90dac93f8aa4" xlink:href="https://xbrl.sec.gov/dei/2023/dei-2023.xsd#dei_TradingSymbol"/>
    <link:definitionArc xlink:arcrole="http://xbrl.org/int/dim/arcrole/domain-member" xlink:from="loc_dei_DocumentInformationLineItems_042a31f2-00c3-4a2a-a930-2734e0d49395" xlink:to="loc_dei_TradingSymbol_a90ff49c-3a71-4449-a8cb-90dac93f8aa4" xlink:type="arc" order="21"/>
    <link:loc xlink:type="locator" xlink:label="loc_dei_SecurityExchangeName_0fce274d-e7e7-426f-9fb0-84791b899905" xlink:href="https://xbrl.sec.gov/dei/2023/dei-2023.xsd#dei_SecurityExchangeName"/>
    <link:definitionArc xlink:arcrole="http://xbrl.org/int/dim/arcrole/domain-member" xlink:from="loc_dei_DocumentInformationLineItems_042a31f2-00c3-4a2a-a930-2734e0d49395" xlink:to="loc_dei_SecurityExchangeName_0fce274d-e7e7-426f-9fb0-84791b899905" xlink:type="arc" order="22"/>
    <link:loc xlink:type="locator" xlink:label="loc_dei_EntityEmergingGrowthCompany_d54bd7eb-933c-4f35-9e00-8751decd9938" xlink:href="https://xbrl.sec.gov/dei/2023/dei-2023.xsd#dei_EntityEmergingGrowthCompany"/>
    <link:definitionArc xlink:arcrole="http://xbrl.org/int/dim/arcrole/domain-member" xlink:from="loc_dei_DocumentInformationLineItems_042a31f2-00c3-4a2a-a930-2734e0d49395" xlink:to="loc_dei_EntityEmergingGrowthCompany_d54bd7eb-933c-4f35-9e00-8751decd9938" xlink:type="arc" order="23"/>
  </link:definitionLink>
</link:linkbase>
