<?xml version="1.0" encoding="UTF-8"?>

<!--XBRL Document Created with the Workiva Platform-->
<!--Copyright 2025 Workiva-->
<!--r:5e2ad783-a1f9-4667-b19e-c171b6d2d014,g:59bb06b6-e697-4e2a-b370-01e68cf6d1fe-->
<link:linkbase xmlns:link="http://www.xbrl.org/2003/linkbase" xmlns:xlink="http://www.w3.org/1999/xlink" xmlns:xsi="http://www.w3.org/2001/XMLSchema-instance" xmlns:xbrldt="http://xbrl.org/2005/xbrldt" xsi:schemaLocation="http://www.xbrl.org/2003/linkbase http://www.xbrl.org/2003/xbrl-linkbase-2003-12-31.xsd">
  <link:arcroleRef arcroleURI="http://xbrl.org/int/dim/arcrole/all" xlink:type="simple" xlink:href="http://www.xbrl.org/2005/xbrldt-2005.xsd#all"/>
  <link:arcroleRef arcroleURI="http://xbrl.org/int/dim/arcrole/hypercube-dimension" xlink:type="simple" xlink:href="http://www.xbrl.org/2005/xbrldt-2005.xsd#hypercube-dimension"/>
  <link:arcroleRef arcroleURI="http://xbrl.org/int/dim/arcrole/dimension-default" xlink:type="simple" xlink:href="http://www.xbrl.org/2005/xbrldt-2005.xsd#dimension-default"/>
  <link:arcroleRef arcroleURI="http://xbrl.org/int/dim/arcrole/dimension-domain" xlink:type="simple" xlink:href="http://www.xbrl.org/2005/xbrldt-2005.xsd#dimension-domain"/>
  <link:arcroleRef arcroleURI="http://xbrl.org/int/dim/arcrole/domain-member" xlink:type="simple" xlink:href="http://www.xbrl.org/2005/xbrldt-2005.xsd#domain-member"/>
  <link:roleRef roleURI="http://www.gamestop.com/role/Cover" xlink:type="simple" xlink:href="gme-20250218.xsd#Cover"/>
  <link:definitionLink xlink:role="http://www.gamestop.com/role/Cover" xlink:type="extended">
    <link:loc xlink:type="locator" xlink:label="loc_dei_DocumentInformationLineItems_06e2b961-4214-49e4-8b2c-530c153dc32c" xlink:href="https://xbrl.sec.gov/dei/2024/dei-2024.xsd#dei_DocumentInformationLineItems"/>
    <link:loc xlink:type="locator" xlink:label="loc_dei_DocumentInformationTable_9497ac7e-af05-4c93-a752-2693fead6a4c" xlink:href="https://xbrl.sec.gov/dei/2024/dei-2024.xsd#dei_DocumentInformationTable"/>
    <link:definitionArc xlink:arcrole="http://xbrl.org/int/dim/arcrole/all" xlink:from="loc_dei_DocumentInformationLineItems_06e2b961-4214-49e4-8b2c-530c153dc32c" xlink:to="loc_dei_DocumentInformationTable_9497ac7e-af05-4c93-a752-2693fead6a4c" xlink:type="arc" order="1" xbrldt:closed="true" xbrldt:contextElement="segment"/>
    <link:loc xlink:type="locator" xlink:label="loc_dei_DocumentInformationDocumentAxis_7b42c1a1-8e6e-4d1e-9e96-d37334394f71" xlink:href="https://xbrl.sec.gov/dei/2024/dei-2024.xsd#dei_DocumentInformationDocumentAxis"/>
    <link:definitionArc xlink:arcrole="http://xbrl.org/int/dim/arcrole/hypercube-dimension" xlink:from="loc_dei_DocumentInformationTable_9497ac7e-af05-4c93-a752-2693fead6a4c" xlink:to="loc_dei_DocumentInformationDocumentAxis_7b42c1a1-8e6e-4d1e-9e96-d37334394f71" xlink:type="arc" order="1"/>
    <link:loc xlink:type="locator" xlink:label="loc_dei_DocumentDomain_7b42c1a1-8e6e-4d1e-9e96-d37334394f71_default" xlink:href="https://xbrl.sec.gov/dei/2024/dei-2024.xsd#dei_DocumentDomain"/>
    <link:definitionArc xlink:arcrole="http://xbrl.org/int/dim/arcrole/dimension-default" xlink:from="loc_dei_DocumentInformationDocumentAxis_7b42c1a1-8e6e-4d1e-9e96-d37334394f71" xlink:to="loc_dei_DocumentDomain_7b42c1a1-8e6e-4d1e-9e96-d37334394f71_default" xlink:type="arc" order="1"/>
    <link:loc xlink:type="locator" xlink:label="loc_dei_DocumentDomain_30e2deac-e397-4d32-af85-8afcdb4a8394" xlink:href="https://xbrl.sec.gov/dei/2024/dei-2024.xsd#dei_DocumentDomain"/>
    <link:definitionArc xlink:arcrole="http://xbrl.org/int/dim/arcrole/dimension-domain" xlink:from="loc_dei_DocumentInformationDocumentAxis_7b42c1a1-8e6e-4d1e-9e96-d37334394f71" xlink:to="loc_dei_DocumentDomain_30e2deac-e397-4d32-af85-8afcdb4a8394" xlink:type="arc" order="1"/>
    <link:loc xlink:type="locator" xlink:label="loc_dei_DocumentType_af6464a5-abd6-4caa-93c2-db9114ce7489" xlink:href="https://xbrl.sec.gov/dei/2024/dei-2024.xsd#dei_DocumentType"/>
    <link:definitionArc xlink:arcrole="http://xbrl.org/int/dim/arcrole/domain-member" xlink:from="loc_dei_DocumentInformationLineItems_06e2b961-4214-49e4-8b2c-530c153dc32c" xlink:to="loc_dei_DocumentType_af6464a5-abd6-4caa-93c2-db9114ce7489" xlink:type="arc" order="0"/>
    <link:loc xlink:type="locator" xlink:label="loc_dei_DocumentPeriodEndDate_9425de3e-cc93-47bf-9dbe-5d71609d691d" xlink:href="https://xbrl.sec.gov/dei/2024/dei-2024.xsd#dei_DocumentPeriodEndDate"/>
    <link:definitionArc xlink:arcrole="http://xbrl.org/int/dim/arcrole/domain-member" xlink:from="loc_dei_DocumentInformationLineItems_06e2b961-4214-49e4-8b2c-530c153dc32c" xlink:to="loc_dei_DocumentPeriodEndDate_9425de3e-cc93-47bf-9dbe-5d71609d691d" xlink:type="arc" order="1"/>
    <link:loc xlink:type="locator" xlink:label="loc_dei_EntityRegistrantName_d2eead23-defb-4196-868c-7d690ed39a30" xlink:href="https://xbrl.sec.gov/dei/2024/dei-2024.xsd#dei_EntityRegistrantName"/>
    <link:definitionArc xlink:arcrole="http://xbrl.org/int/dim/arcrole/domain-member" xlink:from="loc_dei_DocumentInformationLineItems_06e2b961-4214-49e4-8b2c-530c153dc32c" xlink:to="loc_dei_EntityRegistrantName_d2eead23-defb-4196-868c-7d690ed39a30" xlink:type="arc" order="2"/>
    <link:loc xlink:type="locator" xlink:label="loc_dei_EntityIncorporationStateCountryCode_b0475c6f-e265-44e8-950b-5529b2a04878" xlink:href="https://xbrl.sec.gov/dei/2024/dei-2024.xsd#dei_EntityIncorporationStateCountryCode"/>
    <link:definitionArc xlink:arcrole="http://xbrl.org/int/dim/arcrole/domain-member" xlink:from="loc_dei_DocumentInformationLineItems_06e2b961-4214-49e4-8b2c-530c153dc32c" xlink:to="loc_dei_EntityIncorporationStateCountryCode_b0475c6f-e265-44e8-950b-5529b2a04878" xlink:type="arc" order="3"/>
    <link:loc xlink:type="locator" xlink:label="loc_dei_EntityFileNumber_54ac5e20-974c-4925-a336-fb6d4351ba07" xlink:href="https://xbrl.sec.gov/dei/2024/dei-2024.xsd#dei_EntityFileNumber"/>
    <link:definitionArc xlink:arcrole="http://xbrl.org/int/dim/arcrole/domain-member" xlink:from="loc_dei_DocumentInformationLineItems_06e2b961-4214-49e4-8b2c-530c153dc32c" xlink:to="loc_dei_EntityFileNumber_54ac5e20-974c-4925-a336-fb6d4351ba07" xlink:type="arc" order="4"/>
    <link:loc xlink:type="locator" xlink:label="loc_dei_EntityTaxIdentificationNumber_d5bfe988-4add-46e0-9a5e-a1903b32ad2f" xlink:href="https://xbrl.sec.gov/dei/2024/dei-2024.xsd#dei_EntityTaxIdentificationNumber"/>
    <link:definitionArc xlink:arcrole="http://xbrl.org/int/dim/arcrole/domain-member" xlink:from="loc_dei_DocumentInformationLineItems_06e2b961-4214-49e4-8b2c-530c153dc32c" xlink:to="loc_dei_EntityTaxIdentificationNumber_d5bfe988-4add-46e0-9a5e-a1903b32ad2f" xlink:type="arc" order="5"/>
    <link:loc xlink:type="locator" xlink:label="loc_dei_EntityAddressAddressLine1_a7c35035-c34e-4d25-84bd-f3a3f04f86ca" xlink:href="https://xbrl.sec.gov/dei/2024/dei-2024.xsd#dei_EntityAddressAddressLine1"/>
    <link:definitionArc xlink:arcrole="http://xbrl.org/int/dim/arcrole/domain-member" xlink:from="loc_dei_DocumentInformationLineItems_06e2b961-4214-49e4-8b2c-530c153dc32c" xlink:to="loc_dei_EntityAddressAddressLine1_a7c35035-c34e-4d25-84bd-f3a3f04f86ca" xlink:type="arc" order="6"/>
    <link:loc xlink:type="locator" xlink:label="loc_dei_EntityAddressCityOrTown_46b155a4-0de7-4ea4-88a4-44ca8b6ed052" xlink:href="https://xbrl.sec.gov/dei/2024/dei-2024.xsd#dei_EntityAddressCityOrTown"/>
    <link:definitionArc xlink:arcrole="http://xbrl.org/int/dim/arcrole/domain-member" xlink:from="loc_dei_DocumentInformationLineItems_06e2b961-4214-49e4-8b2c-530c153dc32c" xlink:to="loc_dei_EntityAddressCityOrTown_46b155a4-0de7-4ea4-88a4-44ca8b6ed052" xlink:type="arc" order="7"/>
    <link:loc xlink:type="locator" xlink:label="loc_dei_EntityAddressStateOrProvince_7ac9d137-e9a7-44d2-920f-a8e0f1d5ed6c" xlink:href="https://xbrl.sec.gov/dei/2024/dei-2024.xsd#dei_EntityAddressStateOrProvince"/>
    <link:definitionArc xlink:arcrole="http://xbrl.org/int/dim/arcrole/domain-member" xlink:from="loc_dei_DocumentInformationLineItems_06e2b961-4214-49e4-8b2c-530c153dc32c" xlink:to="loc_dei_EntityAddressStateOrProvince_7ac9d137-e9a7-44d2-920f-a8e0f1d5ed6c" xlink:type="arc" order="8"/>
    <link:loc xlink:type="locator" xlink:label="loc_dei_EntityAddressPostalZipCode_6eb7d5fa-9a67-4467-8206-24e46b0555df" xlink:href="https://xbrl.sec.gov/dei/2024/dei-2024.xsd#dei_EntityAddressPostalZipCode"/>
    <link:definitionArc xlink:arcrole="http://xbrl.org/int/dim/arcrole/domain-member" xlink:from="loc_dei_DocumentInformationLineItems_06e2b961-4214-49e4-8b2c-530c153dc32c" xlink:to="loc_dei_EntityAddressPostalZipCode_6eb7d5fa-9a67-4467-8206-24e46b0555df" xlink:type="arc" order="9"/>
    <link:loc xlink:type="locator" xlink:label="loc_dei_CityAreaCode_d3ab3054-a467-4e98-9ab9-0be6b6fe0ac9" xlink:href="https://xbrl.sec.gov/dei/2024/dei-2024.xsd#dei_CityAreaCode"/>
    <link:definitionArc xlink:arcrole="http://xbrl.org/int/dim/arcrole/domain-member" xlink:from="loc_dei_DocumentInformationLineItems_06e2b961-4214-49e4-8b2c-530c153dc32c" xlink:to="loc_dei_CityAreaCode_d3ab3054-a467-4e98-9ab9-0be6b6fe0ac9" xlink:type="arc" order="10"/>
    <link:loc xlink:type="locator" xlink:label="loc_dei_LocalPhoneNumber_d2b97e77-4b2b-4f52-b4dc-68c8e1bff9e1" xlink:href="https://xbrl.sec.gov/dei/2024/dei-2024.xsd#dei_LocalPhoneNumber"/>
    <link:definitionArc xlink:arcrole="http://xbrl.org/int/dim/arcrole/domain-member" xlink:from="loc_dei_DocumentInformationLineItems_06e2b961-4214-49e4-8b2c-530c153dc32c" xlink:to="loc_dei_LocalPhoneNumber_d2b97e77-4b2b-4f52-b4dc-68c8e1bff9e1" xlink:type="arc" order="11"/>
    <link:loc xlink:type="locator" xlink:label="loc_dei_WrittenCommunications_53d58e87-43dc-4b5b-a0aa-58a3f5e936c8" xlink:href="https://xbrl.sec.gov/dei/2024/dei-2024.xsd#dei_WrittenCommunications"/>
    <link:definitionArc xlink:arcrole="http://xbrl.org/int/dim/arcrole/domain-member" xlink:from="loc_dei_DocumentInformationLineItems_06e2b961-4214-49e4-8b2c-530c153dc32c" xlink:to="loc_dei_WrittenCommunications_53d58e87-43dc-4b5b-a0aa-58a3f5e936c8" xlink:type="arc" order="12"/>
    <link:loc xlink:type="locator" xlink:label="loc_dei_SolicitingMaterial_7f434627-0b46-461e-a1a2-fc29c171fd1e" xlink:href="https://xbrl.sec.gov/dei/2024/dei-2024.xsd#dei_SolicitingMaterial"/>
    <link:definitionArc xlink:arcrole="http://xbrl.org/int/dim/arcrole/domain-member" xlink:from="loc_dei_DocumentInformationLineItems_06e2b961-4214-49e4-8b2c-530c153dc32c" xlink:to="loc_dei_SolicitingMaterial_7f434627-0b46-461e-a1a2-fc29c171fd1e" xlink:type="arc" order="13"/>
    <link:loc xlink:type="locator" xlink:label="loc_dei_PreCommencementTenderOffer_8bf64d5f-8503-43bf-b21e-540344abc255" xlink:href="https://xbrl.sec.gov/dei/2024/dei-2024.xsd#dei_PreCommencementTenderOffer"/>
    <link:definitionArc xlink:arcrole="http://xbrl.org/int/dim/arcrole/domain-member" xlink:from="loc_dei_DocumentInformationLineItems_06e2b961-4214-49e4-8b2c-530c153dc32c" xlink:to="loc_dei_PreCommencementTenderOffer_8bf64d5f-8503-43bf-b21e-540344abc255" xlink:type="arc" order="14"/>
    <link:loc xlink:type="locator" xlink:label="loc_dei_PreCommencementIssuerTenderOffer_ccf433f5-ddbe-4c2a-ba38-55716f7e8629" xlink:href="https://xbrl.sec.gov/dei/2024/dei-2024.xsd#dei_PreCommencementIssuerTenderOffer"/>
    <link:definitionArc xlink:arcrole="http://xbrl.org/int/dim/arcrole/domain-member" xlink:from="loc_dei_DocumentInformationLineItems_06e2b961-4214-49e4-8b2c-530c153dc32c" xlink:to="loc_dei_PreCommencementIssuerTenderOffer_ccf433f5-ddbe-4c2a-ba38-55716f7e8629" xlink:type="arc" order="15"/>
    <link:loc xlink:type="locator" xlink:label="loc_dei_Security12bTitle_d7a1c091-19a1-4a76-970b-8c1bed456961" xlink:href="https://xbrl.sec.gov/dei/2024/dei-2024.xsd#dei_Security12bTitle"/>
    <link:definitionArc xlink:arcrole="http://xbrl.org/int/dim/arcrole/domain-member" xlink:from="loc_dei_DocumentInformationLineItems_06e2b961-4214-49e4-8b2c-530c153dc32c" xlink:to="loc_dei_Security12bTitle_d7a1c091-19a1-4a76-970b-8c1bed456961" xlink:type="arc" order="16"/>
    <link:loc xlink:type="locator" xlink:label="loc_dei_TradingSymbol_efe48c2b-0218-4774-9e7b-88df0217e0d4" xlink:href="https://xbrl.sec.gov/dei/2024/dei-2024.xsd#dei_TradingSymbol"/>
    <link:definitionArc xlink:arcrole="http://xbrl.org/int/dim/arcrole/domain-member" xlink:from="loc_dei_DocumentInformationLineItems_06e2b961-4214-49e4-8b2c-530c153dc32c" xlink:to="loc_dei_TradingSymbol_efe48c2b-0218-4774-9e7b-88df0217e0d4" xlink:type="arc" order="17"/>
    <link:loc xlink:type="locator" xlink:label="loc_dei_SecurityExchangeName_f45ae029-a10f-4704-a00f-20472c47c748" xlink:href="https://xbrl.sec.gov/dei/2024/dei-2024.xsd#dei_SecurityExchangeName"/>
    <link:definitionArc xlink:arcrole="http://xbrl.org/int/dim/arcrole/domain-member" xlink:from="loc_dei_DocumentInformationLineItems_06e2b961-4214-49e4-8b2c-530c153dc32c" xlink:to="loc_dei_SecurityExchangeName_f45ae029-a10f-4704-a00f-20472c47c748" xlink:type="arc" order="18"/>
    <link:loc xlink:type="locator" xlink:label="loc_dei_EntityEmergingGrowthCompany_ea629c0d-5283-4796-a34c-82ee16a00f41" xlink:href="https://xbrl.sec.gov/dei/2024/dei-2024.xsd#dei_EntityEmergingGrowthCompany"/>
    <link:definitionArc xlink:arcrole="http://xbrl.org/int/dim/arcrole/domain-member" xlink:from="loc_dei_DocumentInformationLineItems_06e2b961-4214-49e4-8b2c-530c153dc32c" xlink:to="loc_dei_EntityEmergingGrowthCompany_ea629c0d-5283-4796-a34c-82ee16a00f41" xlink:type="arc" order="19"/>
    <link:loc xlink:type="locator" xlink:label="loc_dei_EntityCentralIndexKey_c08eba0e-c685-43a7-b277-02dab75c5fa8" xlink:href="https://xbrl.sec.gov/dei/2024/dei-2024.xsd#dei_EntityCentralIndexKey"/>
    <link:definitionArc xlink:arcrole="http://xbrl.org/int/dim/arcrole/domain-member" xlink:from="loc_dei_DocumentInformationLineItems_06e2b961-4214-49e4-8b2c-530c153dc32c" xlink:to="loc_dei_EntityCentralIndexKey_c08eba0e-c685-43a7-b277-02dab75c5fa8" xlink:type="arc" order="20"/>
    <link:loc xlink:type="locator" xlink:label="loc_dei_AmendmentFlag_af8dc01e-941e-4633-ba01-69413c1b74d8" xlink:href="https://xbrl.sec.gov/dei/2024/dei-2024.xsd#dei_AmendmentFlag"/>
    <link:definitionArc xlink:arcrole="http://xbrl.org/int/dim/arcrole/domain-member" xlink:from="loc_dei_DocumentInformationLineItems_06e2b961-4214-49e4-8b2c-530c153dc32c" xlink:to="loc_dei_AmendmentFlag_af8dc01e-941e-4633-ba01-69413c1b74d8" xlink:type="arc" order="21"/>
  </link:definitionLink>
</link:linkbase>
