<?xml version="1.0" encoding="utf-8"?>
<!--Generated by DFIN XBRL Instance Document - http://www.dfinsolutions.com/ - Version R3.0 - on 25-April-2025 [02:10:47] {AM}-->
<linkbase xmlns="http://www.xbrl.org/2003/linkbase" xmlns:xsi="http://www.w3.org/2001/XMLSchema-instance" xmlns:xlink="http://www.w3.org/1999/xlink" xsi:schemaLocation="http://www.xbrl.org/2003/linkbase http://www.xbrl.org/2003/xbrl-linkbase-2003-12-31.xsd" xmlns:xbrldt="http://xbrl.org/2005/xbrldt">
<roleRef xlink:type="simple" xlink:href="https://xbrl.sec.gov/ecd/2024/ecd-2024.xsd#IndividualsOnly" roleURI="http://xbrl.sec.gov/ecd/role/IndividualsOnly" />
<arcroleRef arcroleURI="http://xbrl.org/int/dim/arcrole/all" xlink:type="simple" xlink:href="http://www.xbrl.org/2005/xbrldt-2005.xsd#all" />
<arcroleRef arcroleURI="http://xbrl.org/int/dim/arcrole/dimension-default" xlink:type="simple" xlink:href="http://www.xbrl.org/2005/xbrldt-2005.xsd#dimension-default" />
<arcroleRef arcroleURI="http://xbrl.org/int/dim/arcrole/dimension-domain" xlink:type="simple" xlink:href="http://www.xbrl.org/2005/xbrldt-2005.xsd#dimension-domain" />
<arcroleRef arcroleURI="http://xbrl.org/int/dim/arcrole/domain-member" xlink:type="simple" xlink:href="http://www.xbrl.org/2005/xbrldt-2005.xsd#domain-member" />
<arcroleRef arcroleURI="http://xbrl.org/int/dim/arcrole/hypercube-dimension" xlink:type="simple" xlink:href="http://www.xbrl.org/2005/xbrldt-2005.xsd#hypercube-dimension" />
<arcroleRef arcroleURI="http://xbrl.org/int/dim/arcrole/notAll" xlink:type="simple" xlink:href="http://www.xbrl.org/2005/xbrldt-2005.xsd#notAll" />
<definitionLink xlink:type="extended" xlink:role="http://xbrl.sec.gov/ecd/role/IndividualsOnly">
<loc xlink:type="locator" xlink:href="https://xbrl.sec.gov/ecd/2024/ecd-2024.xsd#ecd_AllIndividualsMember" xlink:label="loc_ecd_AllIndividualsMember_117111606" />
<loc xlink:type="locator" xlink:href="gme-20250201.xsd#gme_RyanCohenMember" xlink:label="loc_GME_RyanCohenMember_117111640" />
<definitionArc xlink:type="arc" xlink:arcrole="http://xbrl.org/int/dim/arcrole/domain-member" xlink:from="loc_ecd_AllIndividualsMember_117111606" xlink:to="loc_GME_RyanCohenMember_117111640" order="100" />
<loc xlink:type="locator" xlink:href="gme-20250201.xsd#gme_MarkRobinsonMember" xlink:label="loc_GME_MarkRobinsonMember_117111641" />
<definitionArc xlink:type="arc" xlink:arcrole="http://xbrl.org/int/dim/arcrole/domain-member" xlink:from="loc_ecd_AllIndividualsMember_117111606" xlink:to="loc_GME_MarkRobinsonMember_117111641" order="101" />
<loc xlink:type="locator" xlink:href="gme-20250201.xsd#gme_MatthewFurlongMember" xlink:label="loc_GME_MatthewFurlongMember_117111642" />
<definitionArc xlink:type="arc" xlink:arcrole="http://xbrl.org/int/dim/arcrole/domain-member" xlink:from="loc_ecd_AllIndividualsMember_117111606" xlink:to="loc_GME_MatthewFurlongMember_117111642" order="102" />
<loc xlink:type="locator" xlink:href="gme-20250201.xsd#gme_GeorgeE.ShermanMember" xlink:label="loc_GME_GeorgeE.ShermanMember_117111643" />
<definitionArc xlink:type="arc" xlink:arcrole="http://xbrl.org/int/dim/arcrole/domain-member" xlink:from="loc_ecd_AllIndividualsMember_117111606" xlink:to="loc_GME_GeorgeE.ShermanMember_117111643" order="103" />
</definitionLink>
</linkbase>