<?xml version="1.0" encoding="utf-8"?>
<!--Generated by DFIN XBRL Instance Document - http://www.dfinsolutions.com/ - Version R3.0 - on 25-April-2025 [02:10:47] {AM}-->
<linkbase xmlns="http://www.xbrl.org/2003/linkbase" xmlns:xsi="http://www.w3.org/2001/XMLSchema-instance" xmlns:xlink="http://www.w3.org/1999/xlink" xsi:schemaLocation="http://www.xbrl.org/2003/linkbase http://www.xbrl.org/2003/xbrl-linkbase-2003-12-31.xsd">
<roleRef xlink:type="simple" xlink:href="https://xbrl.sec.gov/ecd/2024/ecd-2024.xsd#PvpDisclosure" roleURI="http://xbrl.sec.gov/ecd/role/PvpDisclosure" />
<presentationLink xlink:type="extended" xlink:role="http://xbrl.sec.gov/ecd/role/PvpDisclosure">
<loc xlink:type="locator" xlink:href="https://xbrl.sec.gov/ecd/2024/ecd-2024.xsd#ecd_AllIndividualsMember" xlink:label="loc_ecd_AllIndividualsMember_117111605" />
<loc xlink:type="locator" xlink:href="gme-20250201.xsd#gme_RyanCohenMember" xlink:label="loc_GME_RyanCohenMember_117111640" />
<presentationArc xlink:type="arc" xlink:arcrole="http://www.xbrl.org/2003/arcrole/parent-child" xlink:from="loc_ecd_AllIndividualsMember_117111605" xlink:to="loc_GME_RyanCohenMember_117111640" order="100" preferredLabel="http://www.xbrl.org/2003/role/label" />
<loc xlink:type="locator" xlink:href="gme-20250201.xsd#gme_MarkRobinsonMember" xlink:label="loc_GME_MarkRobinsonMember_117111641" />
<presentationArc xlink:type="arc" xlink:arcrole="http://www.xbrl.org/2003/arcrole/parent-child" xlink:from="loc_ecd_AllIndividualsMember_117111605" xlink:to="loc_GME_MarkRobinsonMember_117111641" order="101" preferredLabel="http://www.xbrl.org/2003/role/label" />
<loc xlink:type="locator" xlink:href="gme-20250201.xsd#gme_MatthewFurlongMember" xlink:label="loc_GME_MatthewFurlongMember_117111642" />
<presentationArc xlink:type="arc" xlink:arcrole="http://www.xbrl.org/2003/arcrole/parent-child" xlink:from="loc_ecd_AllIndividualsMember_117111605" xlink:to="loc_GME_MatthewFurlongMember_117111642" order="102" preferredLabel="http://www.xbrl.org/2003/role/label" />
<loc xlink:type="locator" xlink:href="gme-20250201.xsd#gme_GeorgeE.ShermanMember" xlink:label="loc_GME_GeorgeE.ShermanMember_117111643" />
<presentationArc xlink:type="arc" xlink:arcrole="http://www.xbrl.org/2003/arcrole/parent-child" xlink:from="loc_ecd_AllIndividualsMember_117111605" xlink:to="loc_GME_GeorgeE.ShermanMember_117111643" order="103" preferredLabel="http://www.xbrl.org/2003/role/label" />
</presentationLink>
</linkbase>