<?xml version="1.0" encoding="utf-8"?>
<!--Generated by DFIN XBRL Instance Document - http://www.dfinsolutions.com/ - Version R3.0 - on 25-April-2025 [02:10:47] {AM}-->
<linkbase xmlns="http://www.xbrl.org/2003/linkbase" xmlns:xsi="http://www.w3.org/2001/XMLSchema-instance" xmlns:xlink="http://www.w3.org/1999/xlink" xsi:schemaLocation="http://www.xbrl.org/2003/linkbase http://www.xbrl.org/2003/xbrl-linkbase-2003-12-31.xsd">
<roleRef xlink:type="simple" xlink:href="http://www.xbrl.org/lrr/role/negated-2009-12-16.xsd#negatedLabel" roleURI="http://www.xbrl.org/2009/role/negatedLabel" />
<roleRef xlink:type="simple" xlink:href="http://www.xbrl.org/lrr/role/negated-2009-12-16.xsd#negatedPeriodEndLabel" roleURI="http://www.xbrl.org/2009/role/negatedPeriodEndLabel" />
<roleRef xlink:type="simple" xlink:href="http://www.xbrl.org/lrr/role/negated-2009-12-16.xsd#negatedPeriodStartLabel" roleURI="http://www.xbrl.org/2009/role/negatedPeriodStartLabel" />
<roleRef xlink:type="simple" xlink:href="http://www.xbrl.org/lrr/role/negated-2009-12-16.xsd#negatedTotalLabel" roleURI="http://www.xbrl.org/2009/role/negatedTotalLabel" />
<roleRef xlink:type="simple" xlink:href="http://www.xbrl.org/lrr/role/negated-2009-12-16.xsd#negatedNetLabel" roleURI="http://www.xbrl.org/2009/role/negatedNetLabel" />
<roleRef xlink:type="simple" xlink:href="http://www.xbrl.org/lrr/role/negated-2009-12-16.xsd#negatedTerseLabel" roleURI="http://www.xbrl.org/2009/role/negatedTerseLabel" />
<roleRef xlink:type="simple" xlink:href="http://www.xbrl.org/lrr/role/net-2009-12-16.xsd#netLabel" roleURI="http://www.xbrl.org/2009/role/netLabel" />
<labelLink xlink:type="extended" xlink:role="http://www.xbrl.org/2003/role/link">
<loc xlink:type="locator" xlink:href="gme-20250201.xsd#gme_GeorgeE.ShermanMember" xlink:label="loc_gme_GeorgeE.ShermanMember" />
<label xlink:type="resource" xlink:role="http://www.xbrl.org/2003/role/label" xlink:label="lab_gme_GeorgeE.ShermanMember" xml:lang="en-US">George E. Sherman [Member]</label>
<labelArc xlink:type="arc" xlink:arcrole="http://www.xbrl.org/2003/arcrole/concept-label" xlink:from="loc_gme_GeorgeE.ShermanMember" xlink:to="lab_gme_GeorgeE.ShermanMember" />
<loc xlink:type="locator" xlink:href="gme-20250201.xsd#gme_MarkRobinsonMember" xlink:label="loc_gme_MarkRobinsonMember" />
<label xlink:type="resource" xlink:role="http://www.xbrl.org/2003/role/label" xlink:label="lab_gme_MarkRobinsonMember" xml:lang="en-US">Mark Robinson [Member]</label>
<labelArc xlink:type="arc" xlink:arcrole="http://www.xbrl.org/2003/arcrole/concept-label" xlink:from="loc_gme_MarkRobinsonMember" xlink:to="lab_gme_MarkRobinsonMember" />
<loc xlink:type="locator" xlink:href="gme-20250201.xsd#gme_MatthewFurlongMember" xlink:label="loc_gme_MatthewFurlongMember" />
<label xlink:type="resource" xlink:role="http://www.xbrl.org/2003/role/label" xlink:label="lab_gme_MatthewFurlongMember" xml:lang="en-US">Matthew Furlong [Member]</label>
<labelArc xlink:type="arc" xlink:arcrole="http://www.xbrl.org/2003/arcrole/concept-label" xlink:from="loc_gme_MatthewFurlongMember" xlink:to="lab_gme_MatthewFurlongMember" />
<loc xlink:type="locator" xlink:href="gme-20250201.xsd#gme_RyanCohenMember" xlink:label="loc_gme_RyanCohenMember" />
<label xlink:type="resource" xlink:role="http://www.xbrl.org/2003/role/label" xlink:label="lab_gme_RyanCohenMember" xml:lang="en-US">Ryan Cohen [Member]</label>
<labelArc xlink:type="arc" xlink:arcrole="http://www.xbrl.org/2003/arcrole/concept-label" xlink:from="loc_gme_RyanCohenMember" xlink:to="lab_gme_RyanCohenMember" />
</labelLink>
</linkbase>