<?xml version="1.0" encoding="UTF-8"?>

<!--XBRL Document Created with the Workiva Platform-->
<!--Copyright 2024 Workiva-->
<!--r:84a45403-05c2-468f-b6d1-56e96247af3a,g:739e71d9-8279-45e6-94f5-18fafb5a7926-->
<link:linkbase xmlns:link="http://www.xbrl.org/2003/linkbase" xmlns:xlink="http://www.w3.org/1999/xlink" xmlns:xsi="http://www.w3.org/2001/XMLSchema-instance" xsi:schemaLocation="http://www.xbrl.org/2003/linkbase http://www.xbrl.org/2003/xbrl-linkbase-2003-12-31.xsd">
  <link:roleRef roleURI="http://www.gamestop.com/role/CONDENSEDCONSOLIDATEDBALANCESHEETS" xlink:type="simple" xlink:href="gme-20241102.xsd#CONDENSEDCONSOLIDATEDBALANCESHEETS"/>
  <link:calculationLink xlink:role="http://www.gamestop.com/role/CONDENSEDCONSOLIDATEDBALANCESHEETS" xlink:type="extended">
    <link:loc xlink:type="locator" xlink:label="loc_us-gaap_LiabilitiesCurrent_de8a418e-a1da-4266-8a40-2926c12663f5" xlink:href="https://xbrl.fasb.org/us-gaap/2024/elts/us-gaap-2024.xsd#us-gaap_LiabilitiesCurrent"/>
    <link:loc xlink:type="locator" xlink:label="loc_us-gaap_AccruedLiabilitiesCurrent_cf88a81a-a9d8-443b-ab4b-0b3aa408dfcb" xlink:href="https://xbrl.fasb.org/us-gaap/2024/elts/us-gaap-2024.xsd#us-gaap_AccruedLiabilitiesCurrent"/>
    <link:calculationArc order="1" weight="1.0" xlink:arcrole="http://www.xbrl.org/2003/arcrole/summation-item" xlink:from="loc_us-gaap_LiabilitiesCurrent_de8a418e-a1da-4266-8a40-2926c12663f5" xlink:to="loc_us-gaap_AccruedLiabilitiesCurrent_cf88a81a-a9d8-443b-ab4b-0b3aa408dfcb" xlink:type="arc"/>
    <link:loc xlink:type="locator" xlink:label="loc_us-gaap_OperatingLeaseLiabilityCurrent_93a54fce-9ef6-4b1e-9676-4acd1d9627b1" xlink:href="https://xbrl.fasb.org/us-gaap/2024/elts/us-gaap-2024.xsd#us-gaap_OperatingLeaseLiabilityCurrent"/>
    <link:calculationArc order="2" weight="1.0" xlink:arcrole="http://www.xbrl.org/2003/arcrole/summation-item" xlink:from="loc_us-gaap_LiabilitiesCurrent_de8a418e-a1da-4266-8a40-2926c12663f5" xlink:to="loc_us-gaap_OperatingLeaseLiabilityCurrent_93a54fce-9ef6-4b1e-9676-4acd1d9627b1" xlink:type="arc"/>
    <link:loc xlink:type="locator" xlink:label="loc_us-gaap_AccountsPayableCurrent_07d1e2aa-608c-4a0e-b547-23e469a028f4" xlink:href="https://xbrl.fasb.org/us-gaap/2024/elts/us-gaap-2024.xsd#us-gaap_AccountsPayableCurrent"/>
    <link:calculationArc order="3" weight="1.0" xlink:arcrole="http://www.xbrl.org/2003/arcrole/summation-item" xlink:from="loc_us-gaap_LiabilitiesCurrent_de8a418e-a1da-4266-8a40-2926c12663f5" xlink:to="loc_us-gaap_AccountsPayableCurrent_07d1e2aa-608c-4a0e-b547-23e469a028f4" xlink:type="arc"/>
    <link:loc xlink:type="locator" xlink:label="loc_us-gaap_LongTermDebtCurrent_b87c3ea9-2173-4d8c-9e0f-0184094454bf" xlink:href="https://xbrl.fasb.org/us-gaap/2024/elts/us-gaap-2024.xsd#us-gaap_LongTermDebtCurrent"/>
    <link:calculationArc order="4" weight="1.0" xlink:arcrole="http://www.xbrl.org/2003/arcrole/summation-item" xlink:from="loc_us-gaap_LiabilitiesCurrent_de8a418e-a1da-4266-8a40-2926c12663f5" xlink:to="loc_us-gaap_LongTermDebtCurrent_b87c3ea9-2173-4d8c-9e0f-0184094454bf" xlink:type="arc"/>
    <link:loc xlink:type="locator" xlink:label="loc_us-gaap_StockholdersEquity_fe242e0e-40a7-40fb-9482-b0107cd1b119" xlink:href="https://xbrl.fasb.org/us-gaap/2024/elts/us-gaap-2024.xsd#us-gaap_StockholdersEquity"/>
    <link:loc xlink:type="locator" xlink:label="loc_us-gaap_CommonStockValue_7d8e7f28-a288-4f77-bc26-6b7cbfc6cf2d" xlink:href="https://xbrl.fasb.org/us-gaap/2024/elts/us-gaap-2024.xsd#us-gaap_CommonStockValue"/>
    <link:calculationArc order="1" weight="1.0" xlink:arcrole="http://www.xbrl.org/2003/arcrole/summation-item" xlink:from="loc_us-gaap_StockholdersEquity_fe242e0e-40a7-40fb-9482-b0107cd1b119" xlink:to="loc_us-gaap_CommonStockValue_7d8e7f28-a288-4f77-bc26-6b7cbfc6cf2d" xlink:type="arc"/>
    <link:loc xlink:type="locator" xlink:label="loc_us-gaap_RetainedEarningsAccumulatedDeficit_a617180c-6485-4f88-ba91-98f23e5642d1" xlink:href="https://xbrl.fasb.org/us-gaap/2024/elts/us-gaap-2024.xsd#us-gaap_RetainedEarningsAccumulatedDeficit"/>
    <link:calculationArc order="2" weight="1.0" xlink:arcrole="http://www.xbrl.org/2003/arcrole/summation-item" xlink:from="loc_us-gaap_StockholdersEquity_fe242e0e-40a7-40fb-9482-b0107cd1b119" xlink:to="loc_us-gaap_RetainedEarningsAccumulatedDeficit_a617180c-6485-4f88-ba91-98f23e5642d1" xlink:type="arc"/>
    <link:loc xlink:type="locator" xlink:label="loc_us-gaap_AccumulatedOtherComprehensiveIncomeLossNetOfTax_8a83fb7d-b4e8-455d-9e24-56f61626b87f" xlink:href="https://xbrl.fasb.org/us-gaap/2024/elts/us-gaap-2024.xsd#us-gaap_AccumulatedOtherComprehensiveIncomeLossNetOfTax"/>
    <link:calculationArc order="3" weight="1.0" xlink:arcrole="http://www.xbrl.org/2003/arcrole/summation-item" xlink:from="loc_us-gaap_StockholdersEquity_fe242e0e-40a7-40fb-9482-b0107cd1b119" xlink:to="loc_us-gaap_AccumulatedOtherComprehensiveIncomeLossNetOfTax_8a83fb7d-b4e8-455d-9e24-56f61626b87f" xlink:type="arc"/>
    <link:loc xlink:type="locator" xlink:label="loc_us-gaap_AdditionalPaidInCapitalCommonStock_06391bee-8de7-4268-8655-592cfe963156" xlink:href="https://xbrl.fasb.org/us-gaap/2024/elts/us-gaap-2024.xsd#us-gaap_AdditionalPaidInCapitalCommonStock"/>
    <link:calculationArc order="4" weight="1.0" xlink:arcrole="http://www.xbrl.org/2003/arcrole/summation-item" xlink:from="loc_us-gaap_StockholdersEquity_fe242e0e-40a7-40fb-9482-b0107cd1b119" xlink:to="loc_us-gaap_AdditionalPaidInCapitalCommonStock_06391bee-8de7-4268-8655-592cfe963156" xlink:type="arc"/>
    <link:loc xlink:type="locator" xlink:label="loc_us-gaap_AssetsCurrent_ecb8cd8d-f162-4c82-8545-b2034de33b8d" xlink:href="https://xbrl.fasb.org/us-gaap/2024/elts/us-gaap-2024.xsd#us-gaap_AssetsCurrent"/>
    <link:loc xlink:type="locator" xlink:label="loc_us-gaap_CashAndCashEquivalentsAtCarryingValue_4a5ed95b-4be4-4942-a3e3-0ace182ffcac" xlink:href="https://xbrl.fasb.org/us-gaap/2024/elts/us-gaap-2024.xsd#us-gaap_CashAndCashEquivalentsAtCarryingValue"/>
    <link:calculationArc order="1" weight="1.0" xlink:arcrole="http://www.xbrl.org/2003/arcrole/summation-item" xlink:from="loc_us-gaap_AssetsCurrent_ecb8cd8d-f162-4c82-8545-b2034de33b8d" xlink:to="loc_us-gaap_CashAndCashEquivalentsAtCarryingValue_4a5ed95b-4be4-4942-a3e3-0ace182ffcac" xlink:type="arc"/>
    <link:loc xlink:type="locator" xlink:label="loc_us-gaap_InventoryNet_a6f2003e-6977-4212-b998-c41d3fafad1d" xlink:href="https://xbrl.fasb.org/us-gaap/2024/elts/us-gaap-2024.xsd#us-gaap_InventoryNet"/>
    <link:calculationArc order="2" weight="1.0" xlink:arcrole="http://www.xbrl.org/2003/arcrole/summation-item" xlink:from="loc_us-gaap_AssetsCurrent_ecb8cd8d-f162-4c82-8545-b2034de33b8d" xlink:to="loc_us-gaap_InventoryNet_a6f2003e-6977-4212-b998-c41d3fafad1d" xlink:type="arc"/>
    <link:loc xlink:type="locator" xlink:label="loc_us-gaap_ReceivablesNetCurrent_acd032b5-b7bb-4e0e-9748-6bd7216f3e5d" xlink:href="https://xbrl.fasb.org/us-gaap/2024/elts/us-gaap-2024.xsd#us-gaap_ReceivablesNetCurrent"/>
    <link:calculationArc order="3" weight="1.0" xlink:arcrole="http://www.xbrl.org/2003/arcrole/summation-item" xlink:from="loc_us-gaap_AssetsCurrent_ecb8cd8d-f162-4c82-8545-b2034de33b8d" xlink:to="loc_us-gaap_ReceivablesNetCurrent_acd032b5-b7bb-4e0e-9748-6bd7216f3e5d" xlink:type="arc"/>
    <link:loc xlink:type="locator" xlink:label="loc_us-gaap_PrepaidExpenseCurrent_5f7bfc52-a473-423b-b78c-388abc08d8e0" xlink:href="https://xbrl.fasb.org/us-gaap/2024/elts/us-gaap-2024.xsd#us-gaap_PrepaidExpenseCurrent"/>
    <link:calculationArc order="4" weight="1.0" xlink:arcrole="http://www.xbrl.org/2003/arcrole/summation-item" xlink:from="loc_us-gaap_AssetsCurrent_ecb8cd8d-f162-4c82-8545-b2034de33b8d" xlink:to="loc_us-gaap_PrepaidExpenseCurrent_5f7bfc52-a473-423b-b78c-388abc08d8e0" xlink:type="arc"/>
    <link:loc xlink:type="locator" xlink:label="loc_us-gaap_MarketableSecuritiesCurrent_9460c874-1e56-482d-bad2-ad9ea3d2f5c8" xlink:href="https://xbrl.fasb.org/us-gaap/2024/elts/us-gaap-2024.xsd#us-gaap_MarketableSecuritiesCurrent"/>
    <link:calculationArc order="5" weight="1.0" xlink:arcrole="http://www.xbrl.org/2003/arcrole/summation-item" xlink:from="loc_us-gaap_AssetsCurrent_ecb8cd8d-f162-4c82-8545-b2034de33b8d" xlink:to="loc_us-gaap_MarketableSecuritiesCurrent_9460c874-1e56-482d-bad2-ad9ea3d2f5c8" xlink:type="arc"/>
    <link:loc xlink:type="locator" xlink:label="loc_us-gaap_Liabilities_b6f49120-40a3-4397-a24b-c80beb41f5af" xlink:href="https://xbrl.fasb.org/us-gaap/2024/elts/us-gaap-2024.xsd#us-gaap_Liabilities"/>
    <link:loc xlink:type="locator" xlink:label="loc_us-gaap_LiabilitiesCurrent_c90d3856-66ad-428d-88a2-9cd19ede4664" xlink:href="https://xbrl.fasb.org/us-gaap/2024/elts/us-gaap-2024.xsd#us-gaap_LiabilitiesCurrent"/>
    <link:calculationArc order="1" weight="1.0" xlink:arcrole="http://www.xbrl.org/2003/arcrole/summation-item" xlink:from="loc_us-gaap_Liabilities_b6f49120-40a3-4397-a24b-c80beb41f5af" xlink:to="loc_us-gaap_LiabilitiesCurrent_c90d3856-66ad-428d-88a2-9cd19ede4664" xlink:type="arc"/>
    <link:loc xlink:type="locator" xlink:label="loc_us-gaap_LongTermDebtNoncurrent_a925aa3f-19b0-4a23-82b3-380df0101d51" xlink:href="https://xbrl.fasb.org/us-gaap/2024/elts/us-gaap-2024.xsd#us-gaap_LongTermDebtNoncurrent"/>
    <link:calculationArc order="2" weight="1.0" xlink:arcrole="http://www.xbrl.org/2003/arcrole/summation-item" xlink:from="loc_us-gaap_Liabilities_b6f49120-40a3-4397-a24b-c80beb41f5af" xlink:to="loc_us-gaap_LongTermDebtNoncurrent_a925aa3f-19b0-4a23-82b3-380df0101d51" xlink:type="arc"/>
    <link:loc xlink:type="locator" xlink:label="loc_us-gaap_OperatingLeaseLiabilityNoncurrent_bbd66535-c1ff-4d7d-be9f-13dcb1ebee2c" xlink:href="https://xbrl.fasb.org/us-gaap/2024/elts/us-gaap-2024.xsd#us-gaap_OperatingLeaseLiabilityNoncurrent"/>
    <link:calculationArc order="3" weight="1.0" xlink:arcrole="http://www.xbrl.org/2003/arcrole/summation-item" xlink:from="loc_us-gaap_Liabilities_b6f49120-40a3-4397-a24b-c80beb41f5af" xlink:to="loc_us-gaap_OperatingLeaseLiabilityNoncurrent_bbd66535-c1ff-4d7d-be9f-13dcb1ebee2c" xlink:type="arc"/>
    <link:loc xlink:type="locator" xlink:label="loc_us-gaap_OtherLiabilitiesNoncurrent_d56faf69-edd3-436e-8c1f-7c471520c352" xlink:href="https://xbrl.fasb.org/us-gaap/2024/elts/us-gaap-2024.xsd#us-gaap_OtherLiabilitiesNoncurrent"/>
    <link:calculationArc order="4" weight="1.0" xlink:arcrole="http://www.xbrl.org/2003/arcrole/summation-item" xlink:from="loc_us-gaap_Liabilities_b6f49120-40a3-4397-a24b-c80beb41f5af" xlink:to="loc_us-gaap_OtherLiabilitiesNoncurrent_d56faf69-edd3-436e-8c1f-7c471520c352" xlink:type="arc"/>
    <link:loc xlink:type="locator" xlink:label="loc_us-gaap_Assets_8325635f-356d-42c7-ab89-c65b4fdfd43f" xlink:href="https://xbrl.fasb.org/us-gaap/2024/elts/us-gaap-2024.xsd#us-gaap_Assets"/>
    <link:loc xlink:type="locator" xlink:label="loc_us-gaap_AssetsCurrent_553cfdd6-9067-4e27-8f5c-f6e5cfe4fb60" xlink:href="https://xbrl.fasb.org/us-gaap/2024/elts/us-gaap-2024.xsd#us-gaap_AssetsCurrent"/>
    <link:calculationArc order="1" weight="1.0" xlink:arcrole="http://www.xbrl.org/2003/arcrole/summation-item" xlink:from="loc_us-gaap_Assets_8325635f-356d-42c7-ab89-c65b4fdfd43f" xlink:to="loc_us-gaap_AssetsCurrent_553cfdd6-9067-4e27-8f5c-f6e5cfe4fb60" xlink:type="arc"/>
    <link:loc xlink:type="locator" xlink:label="loc_us-gaap_DeferredIncomeTaxAssetsNet_1051c8e8-9ba0-4b01-b9c2-4e52dc544bd4" xlink:href="https://xbrl.fasb.org/us-gaap/2024/elts/us-gaap-2024.xsd#us-gaap_DeferredIncomeTaxAssetsNet"/>
    <link:calculationArc order="2" weight="1.0" xlink:arcrole="http://www.xbrl.org/2003/arcrole/summation-item" xlink:from="loc_us-gaap_Assets_8325635f-356d-42c7-ab89-c65b4fdfd43f" xlink:to="loc_us-gaap_DeferredIncomeTaxAssetsNet_1051c8e8-9ba0-4b01-b9c2-4e52dc544bd4" xlink:type="arc"/>
    <link:loc xlink:type="locator" xlink:label="loc_us-gaap_PropertyPlantAndEquipmentNet_a73701be-a4a7-461a-a159-6224a1e0bdef" xlink:href="https://xbrl.fasb.org/us-gaap/2024/elts/us-gaap-2024.xsd#us-gaap_PropertyPlantAndEquipmentNet"/>
    <link:calculationArc order="3" weight="1.0" xlink:arcrole="http://www.xbrl.org/2003/arcrole/summation-item" xlink:from="loc_us-gaap_Assets_8325635f-356d-42c7-ab89-c65b4fdfd43f" xlink:to="loc_us-gaap_PropertyPlantAndEquipmentNet_a73701be-a4a7-461a-a159-6224a1e0bdef" xlink:type="arc"/>
    <link:loc xlink:type="locator" xlink:label="loc_us-gaap_OtherAssetsNoncurrent_7660e454-87f4-4dee-8a4b-e26247f41b43" xlink:href="https://xbrl.fasb.org/us-gaap/2024/elts/us-gaap-2024.xsd#us-gaap_OtherAssetsNoncurrent"/>
    <link:calculationArc order="4" weight="1.0" xlink:arcrole="http://www.xbrl.org/2003/arcrole/summation-item" xlink:from="loc_us-gaap_Assets_8325635f-356d-42c7-ab89-c65b4fdfd43f" xlink:to="loc_us-gaap_OtherAssetsNoncurrent_7660e454-87f4-4dee-8a4b-e26247f41b43" xlink:type="arc"/>
    <link:loc xlink:type="locator" xlink:label="loc_us-gaap_OperatingLeaseRightOfUseAsset_3a1598d1-1e69-46e5-bc83-288c86434dbb" xlink:href="https://xbrl.fasb.org/us-gaap/2024/elts/us-gaap-2024.xsd#us-gaap_OperatingLeaseRightOfUseAsset"/>
    <link:calculationArc order="5" weight="1.0" xlink:arcrole="http://www.xbrl.org/2003/arcrole/summation-item" xlink:from="loc_us-gaap_Assets_8325635f-356d-42c7-ab89-c65b4fdfd43f" xlink:to="loc_us-gaap_OperatingLeaseRightOfUseAsset_3a1598d1-1e69-46e5-bc83-288c86434dbb" xlink:type="arc"/>
    <link:loc xlink:type="locator" xlink:label="loc_us-gaap_LiabilitiesAndStockholdersEquity_a410a1a9-5a9e-488e-8b4b-f9b15929fffb" xlink:href="https://xbrl.fasb.org/us-gaap/2024/elts/us-gaap-2024.xsd#us-gaap_LiabilitiesAndStockholdersEquity"/>
    <link:loc xlink:type="locator" xlink:label="loc_us-gaap_StockholdersEquity_ce658ef1-be67-4244-993c-cc6afc11802a" xlink:href="https://xbrl.fasb.org/us-gaap/2024/elts/us-gaap-2024.xsd#us-gaap_StockholdersEquity"/>
    <link:calculationArc order="1" weight="1.0" xlink:arcrole="http://www.xbrl.org/2003/arcrole/summation-item" xlink:from="loc_us-gaap_LiabilitiesAndStockholdersEquity_a410a1a9-5a9e-488e-8b4b-f9b15929fffb" xlink:to="loc_us-gaap_StockholdersEquity_ce658ef1-be67-4244-993c-cc6afc11802a" xlink:type="arc"/>
    <link:loc xlink:type="locator" xlink:label="loc_us-gaap_Liabilities_583e5786-7684-4026-92af-8d0b32cd4ecf" xlink:href="https://xbrl.fasb.org/us-gaap/2024/elts/us-gaap-2024.xsd#us-gaap_Liabilities"/>
    <link:calculationArc order="2" weight="1.0" xlink:arcrole="http://www.xbrl.org/2003/arcrole/summation-item" xlink:from="loc_us-gaap_LiabilitiesAndStockholdersEquity_a410a1a9-5a9e-488e-8b4b-f9b15929fffb" xlink:to="loc_us-gaap_Liabilities_583e5786-7684-4026-92af-8d0b32cd4ecf" xlink:type="arc"/>
  </link:calculationLink>
  <link:roleRef roleURI="http://www.gamestop.com/role/CONDENSEDCONSOLIDATEDSTATEMENTSOFOPERATIONS" xlink:type="simple" xlink:href="gme-20241102.xsd#CONDENSEDCONSOLIDATEDSTATEMENTSOFOPERATIONS"/>
  <link:calculationLink xlink:role="http://www.gamestop.com/role/CONDENSEDCONSOLIDATEDSTATEMENTSOFOPERATIONS" xlink:type="extended">
    <link:loc xlink:type="locator" xlink:label="loc_us-gaap_GrossProfit_2566138f-3481-4277-85ae-742c8197c6bc" xlink:href="https://xbrl.fasb.org/us-gaap/2024/elts/us-gaap-2024.xsd#us-gaap_GrossProfit"/>
    <link:loc xlink:type="locator" xlink:label="loc_us-gaap_CostOfRevenue_fd115cea-0988-4b31-abd4-ebf06ea55d54" xlink:href="https://xbrl.fasb.org/us-gaap/2024/elts/us-gaap-2024.xsd#us-gaap_CostOfRevenue"/>
    <link:calculationArc order="1" weight="-1.0" xlink:arcrole="http://www.xbrl.org/2003/arcrole/summation-item" xlink:from="loc_us-gaap_GrossProfit_2566138f-3481-4277-85ae-742c8197c6bc" xlink:to="loc_us-gaap_CostOfRevenue_fd115cea-0988-4b31-abd4-ebf06ea55d54" xlink:type="arc"/>
    <link:loc xlink:type="locator" xlink:label="loc_us-gaap_Revenues_bc82b113-4d9d-456d-a954-6f6c386ea77f" xlink:href="https://xbrl.fasb.org/us-gaap/2024/elts/us-gaap-2024.xsd#us-gaap_Revenues"/>
    <link:calculationArc order="2" weight="1.0" xlink:arcrole="http://www.xbrl.org/2003/arcrole/summation-item" xlink:from="loc_us-gaap_GrossProfit_2566138f-3481-4277-85ae-742c8197c6bc" xlink:to="loc_us-gaap_Revenues_bc82b113-4d9d-456d-a954-6f6c386ea77f" xlink:type="arc"/>
    <link:loc xlink:type="locator" xlink:label="loc_us-gaap_IncomeLossFromContinuingOperationsBeforeIncomeTaxesExtraordinaryItemsNoncontrollingInterest_ca2680f9-d018-4beb-8764-7f6605b0539d" xlink:href="https://xbrl.fasb.org/us-gaap/2024/elts/us-gaap-2024.xsd#us-gaap_IncomeLossFromContinuingOperationsBeforeIncomeTaxesExtraordinaryItemsNoncontrollingInterest"/>
    <link:loc xlink:type="locator" xlink:label="loc_us-gaap_OperatingIncomeLoss_547ba05a-7bac-4e51-954e-6dc1856f6402" xlink:href="https://xbrl.fasb.org/us-gaap/2024/elts/us-gaap-2024.xsd#us-gaap_OperatingIncomeLoss"/>
    <link:calculationArc order="1" weight="1.0" xlink:arcrole="http://www.xbrl.org/2003/arcrole/summation-item" xlink:from="loc_us-gaap_IncomeLossFromContinuingOperationsBeforeIncomeTaxesExtraordinaryItemsNoncontrollingInterest_ca2680f9-d018-4beb-8764-7f6605b0539d" xlink:to="loc_us-gaap_OperatingIncomeLoss_547ba05a-7bac-4e51-954e-6dc1856f6402" xlink:type="arc"/>
    <link:loc xlink:type="locator" xlink:label="loc_us-gaap_InterestIncomeExpenseNonoperatingNet_95e46341-c4d0-4522-85f8-8b6687d84427" xlink:href="https://xbrl.fasb.org/us-gaap/2024/elts/us-gaap-2024.xsd#us-gaap_InterestIncomeExpenseNonoperatingNet"/>
    <link:calculationArc order="2" weight="1.0" xlink:arcrole="http://www.xbrl.org/2003/arcrole/summation-item" xlink:from="loc_us-gaap_IncomeLossFromContinuingOperationsBeforeIncomeTaxesExtraordinaryItemsNoncontrollingInterest_ca2680f9-d018-4beb-8764-7f6605b0539d" xlink:to="loc_us-gaap_InterestIncomeExpenseNonoperatingNet_95e46341-c4d0-4522-85f8-8b6687d84427" xlink:type="arc"/>
    <link:loc xlink:type="locator" xlink:label="loc_us-gaap_OtherNonoperatingIncomeExpense_48005b63-34fa-4a01-bd82-e51161c52def" xlink:href="https://xbrl.fasb.org/us-gaap/2024/elts/us-gaap-2024.xsd#us-gaap_OtherNonoperatingIncomeExpense"/>
    <link:calculationArc order="3" weight="1.0" xlink:arcrole="http://www.xbrl.org/2003/arcrole/summation-item" xlink:from="loc_us-gaap_IncomeLossFromContinuingOperationsBeforeIncomeTaxesExtraordinaryItemsNoncontrollingInterest_ca2680f9-d018-4beb-8764-7f6605b0539d" xlink:to="loc_us-gaap_OtherNonoperatingIncomeExpense_48005b63-34fa-4a01-bd82-e51161c52def" xlink:type="arc"/>
    <link:loc xlink:type="locator" xlink:label="loc_us-gaap_OperatingIncomeLoss_bbdfab7e-d035-4002-a3b2-d80e8c523dce" xlink:href="https://xbrl.fasb.org/us-gaap/2024/elts/us-gaap-2024.xsd#us-gaap_OperatingIncomeLoss"/>
    <link:loc xlink:type="locator" xlink:label="loc_us-gaap_GrossProfit_e7fd4694-b447-4f63-981e-ab75e61116d7" xlink:href="https://xbrl.fasb.org/us-gaap/2024/elts/us-gaap-2024.xsd#us-gaap_GrossProfit"/>
    <link:calculationArc order="1" weight="1.0" xlink:arcrole="http://www.xbrl.org/2003/arcrole/summation-item" xlink:from="loc_us-gaap_OperatingIncomeLoss_bbdfab7e-d035-4002-a3b2-d80e8c523dce" xlink:to="loc_us-gaap_GrossProfit_e7fd4694-b447-4f63-981e-ab75e61116d7" xlink:type="arc"/>
    <link:loc xlink:type="locator" xlink:label="loc_us-gaap_SellingGeneralAndAdministrativeExpense_d99a39a9-c126-4175-a846-ae49ff1fafff" xlink:href="https://xbrl.fasb.org/us-gaap/2024/elts/us-gaap-2024.xsd#us-gaap_SellingGeneralAndAdministrativeExpense"/>
    <link:calculationArc order="2" weight="-1.0" xlink:arcrole="http://www.xbrl.org/2003/arcrole/summation-item" xlink:from="loc_us-gaap_OperatingIncomeLoss_bbdfab7e-d035-4002-a3b2-d80e8c523dce" xlink:to="loc_us-gaap_SellingGeneralAndAdministrativeExpense_d99a39a9-c126-4175-a846-ae49ff1fafff" xlink:type="arc"/>
    <link:loc xlink:type="locator" xlink:label="loc_us-gaap_AssetImpairmentCharges_162cad4e-f5fe-460b-8b39-7d203763bcf4" xlink:href="https://xbrl.fasb.org/us-gaap/2024/elts/us-gaap-2024.xsd#us-gaap_AssetImpairmentCharges"/>
    <link:calculationArc order="3" weight="-1.0" xlink:arcrole="http://www.xbrl.org/2003/arcrole/summation-item" xlink:from="loc_us-gaap_OperatingIncomeLoss_bbdfab7e-d035-4002-a3b2-d80e8c523dce" xlink:to="loc_us-gaap_AssetImpairmentCharges_162cad4e-f5fe-460b-8b39-7d203763bcf4" xlink:type="arc"/>
    <link:loc xlink:type="locator" xlink:label="loc_us-gaap_NetIncomeLoss_b60ad51c-59a2-4183-85dd-6d8afc0ed1e6" xlink:href="https://xbrl.fasb.org/us-gaap/2024/elts/us-gaap-2024.xsd#us-gaap_NetIncomeLoss"/>
    <link:loc xlink:type="locator" xlink:label="loc_us-gaap_IncomeLossFromContinuingOperationsBeforeIncomeTaxesExtraordinaryItemsNoncontrollingInterest_57c8239f-8d8d-4091-8ebb-d129fbd7e0cd" xlink:href="https://xbrl.fasb.org/us-gaap/2024/elts/us-gaap-2024.xsd#us-gaap_IncomeLossFromContinuingOperationsBeforeIncomeTaxesExtraordinaryItemsNoncontrollingInterest"/>
    <link:calculationArc order="1" weight="1.0" xlink:arcrole="http://www.xbrl.org/2003/arcrole/summation-item" xlink:from="loc_us-gaap_NetIncomeLoss_b60ad51c-59a2-4183-85dd-6d8afc0ed1e6" xlink:to="loc_us-gaap_IncomeLossFromContinuingOperationsBeforeIncomeTaxesExtraordinaryItemsNoncontrollingInterest_57c8239f-8d8d-4091-8ebb-d129fbd7e0cd" xlink:type="arc"/>
    <link:loc xlink:type="locator" xlink:label="loc_us-gaap_IncomeTaxExpenseBenefit_f008e500-d129-4b5d-84fe-3fb075644f60" xlink:href="https://xbrl.fasb.org/us-gaap/2024/elts/us-gaap-2024.xsd#us-gaap_IncomeTaxExpenseBenefit"/>
    <link:calculationArc order="2" weight="-1.0" xlink:arcrole="http://www.xbrl.org/2003/arcrole/summation-item" xlink:from="loc_us-gaap_NetIncomeLoss_b60ad51c-59a2-4183-85dd-6d8afc0ed1e6" xlink:to="loc_us-gaap_IncomeTaxExpenseBenefit_f008e500-d129-4b5d-84fe-3fb075644f60" xlink:type="arc"/>
  </link:calculationLink>
  <link:roleRef roleURI="http://www.gamestop.com/role/CONDENSEDCONSOLIDATEDSTATEMENTSOFCOMPREHENSIVEINCOMELOSS" xlink:type="simple" xlink:href="gme-20241102.xsd#CONDENSEDCONSOLIDATEDSTATEMENTSOFCOMPREHENSIVEINCOMELOSS"/>
  <link:calculationLink xlink:role="http://www.gamestop.com/role/CONDENSEDCONSOLIDATEDSTATEMENTSOFCOMPREHENSIVEINCOMELOSS" xlink:type="extended">
    <link:loc xlink:type="locator" xlink:label="loc_us-gaap_ComprehensiveIncomeNetOfTax_199aa45b-47dc-4e62-b60a-5ed0d5b12969" xlink:href="https://xbrl.fasb.org/us-gaap/2024/elts/us-gaap-2024.xsd#us-gaap_ComprehensiveIncomeNetOfTax"/>
    <link:loc xlink:type="locator" xlink:label="loc_us-gaap_NetIncomeLoss_8246eb25-fe45-4489-b964-403eb55f6de9" xlink:href="https://xbrl.fasb.org/us-gaap/2024/elts/us-gaap-2024.xsd#us-gaap_NetIncomeLoss"/>
    <link:calculationArc order="1" weight="1.0" xlink:arcrole="http://www.xbrl.org/2003/arcrole/summation-item" xlink:from="loc_us-gaap_ComprehensiveIncomeNetOfTax_199aa45b-47dc-4e62-b60a-5ed0d5b12969" xlink:to="loc_us-gaap_NetIncomeLoss_8246eb25-fe45-4489-b964-403eb55f6de9" xlink:type="arc"/>
    <link:loc xlink:type="locator" xlink:label="loc_us-gaap_OtherComprehensiveIncomeForeignCurrencyTransactionAndTranslationAdjustmentNetOfTaxPortionAttributableToParent_5a51ec70-bc32-4d63-9ce2-34fc4bb49b99" xlink:href="https://xbrl.fasb.org/us-gaap/2024/elts/us-gaap-2024.xsd#us-gaap_OtherComprehensiveIncomeForeignCurrencyTransactionAndTranslationAdjustmentNetOfTaxPortionAttributableToParent"/>
    <link:calculationArc order="2" weight="1.0" xlink:arcrole="http://www.xbrl.org/2003/arcrole/summation-item" xlink:from="loc_us-gaap_ComprehensiveIncomeNetOfTax_199aa45b-47dc-4e62-b60a-5ed0d5b12969" xlink:to="loc_us-gaap_OtherComprehensiveIncomeForeignCurrencyTransactionAndTranslationAdjustmentNetOfTaxPortionAttributableToParent_5a51ec70-bc32-4d63-9ce2-34fc4bb49b99" xlink:type="arc"/>
    <link:loc xlink:type="locator" xlink:label="loc_us-gaap_OtherComprehensiveIncomeLossForeignCurrencyTransactionAndTranslationReclassificationAdjustmentFromAOCIRealizedUponSaleOrLiquidationNetOfTax_98972fd6-c0d9-400c-8d75-51ce13f35ea1" xlink:href="https://xbrl.fasb.org/us-gaap/2024/elts/us-gaap-2024.xsd#us-gaap_OtherComprehensiveIncomeLossForeignCurrencyTransactionAndTranslationReclassificationAdjustmentFromAOCIRealizedUponSaleOrLiquidationNetOfTax"/>
    <link:calculationArc order="3" weight="-1.0" xlink:arcrole="http://www.xbrl.org/2003/arcrole/summation-item" xlink:from="loc_us-gaap_ComprehensiveIncomeNetOfTax_199aa45b-47dc-4e62-b60a-5ed0d5b12969" xlink:to="loc_us-gaap_OtherComprehensiveIncomeLossForeignCurrencyTransactionAndTranslationReclassificationAdjustmentFromAOCIRealizedUponSaleOrLiquidationNetOfTax_98972fd6-c0d9-400c-8d75-51ce13f35ea1" xlink:type="arc"/>
    <link:loc xlink:type="locator" xlink:label="loc_us-gaap_OtherComprehensiveIncomeAvailableforsaleSecuritiesAdjustmentNetOfTaxPortionAttributableToParent_ad3f0467-4770-489a-b479-e2cbfee7b61b" xlink:href="https://xbrl.fasb.org/us-gaap/2024/elts/us-gaap-2024.xsd#us-gaap_OtherComprehensiveIncomeAvailableforsaleSecuritiesAdjustmentNetOfTaxPortionAttributableToParent"/>
    <link:calculationArc order="4" weight="1.0" xlink:arcrole="http://www.xbrl.org/2003/arcrole/summation-item" xlink:from="loc_us-gaap_ComprehensiveIncomeNetOfTax_199aa45b-47dc-4e62-b60a-5ed0d5b12969" xlink:to="loc_us-gaap_OtherComprehensiveIncomeAvailableforsaleSecuritiesAdjustmentNetOfTaxPortionAttributableToParent_ad3f0467-4770-489a-b479-e2cbfee7b61b" xlink:type="arc"/>
    <link:loc xlink:type="locator" xlink:label="loc_us-gaap_OtherComprehensiveIncomeLossReclassificationAdjustmentFromAOCIForSaleOfSecuritiesNetOfTax_aa833310-b4cd-49e5-b665-2ec8177bd85d" xlink:href="https://xbrl.fasb.org/us-gaap/2024/elts/us-gaap-2024.xsd#us-gaap_OtherComprehensiveIncomeLossReclassificationAdjustmentFromAOCIForSaleOfSecuritiesNetOfTax"/>
    <link:calculationArc order="5" weight="-1.0" xlink:arcrole="http://www.xbrl.org/2003/arcrole/summation-item" xlink:from="loc_us-gaap_ComprehensiveIncomeNetOfTax_199aa45b-47dc-4e62-b60a-5ed0d5b12969" xlink:to="loc_us-gaap_OtherComprehensiveIncomeLossReclassificationAdjustmentFromAOCIForSaleOfSecuritiesNetOfTax_aa833310-b4cd-49e5-b665-2ec8177bd85d" xlink:type="arc"/>
  </link:calculationLink>
  <link:roleRef roleURI="http://www.gamestop.com/role/CONDENSEDCONSOLIDATEDSTATEMENTSOFCASHFLOWS" xlink:type="simple" xlink:href="gme-20241102.xsd#CONDENSEDCONSOLIDATEDSTATEMENTSOFCASHFLOWS"/>
  <link:calculationLink xlink:role="http://www.gamestop.com/role/CONDENSEDCONSOLIDATEDSTATEMENTSOFCASHFLOWS" xlink:type="extended">
    <link:loc xlink:type="locator" xlink:label="loc_us-gaap_NetCashProvidedByUsedInOperatingActivities_b900c56a-ef2f-4e49-878d-297eef0c42db" xlink:href="https://xbrl.fasb.org/us-gaap/2024/elts/us-gaap-2024.xsd#us-gaap_NetCashProvidedByUsedInOperatingActivities"/>
    <link:loc xlink:type="locator" xlink:label="loc_us-gaap_IncreaseDecreaseInPrepaidDeferredExpenseAndOtherAssets_304e3410-8b94-4746-884b-96bc308d403c" xlink:href="https://xbrl.fasb.org/us-gaap/2024/elts/us-gaap-2024.xsd#us-gaap_IncreaseDecreaseInPrepaidDeferredExpenseAndOtherAssets"/>
    <link:calculationArc order="1" weight="-1.0" xlink:arcrole="http://www.xbrl.org/2003/arcrole/summation-item" xlink:from="loc_us-gaap_NetCashProvidedByUsedInOperatingActivities_b900c56a-ef2f-4e49-878d-297eef0c42db" xlink:to="loc_us-gaap_IncreaseDecreaseInPrepaidDeferredExpenseAndOtherAssets_304e3410-8b94-4746-884b-96bc308d403c" xlink:type="arc"/>
    <link:loc xlink:type="locator" xlink:label="loc_us-gaap_OtherOperatingActivitiesCashFlowStatement_34f727e9-5b02-4edc-bfd5-50797f860b13" xlink:href="https://xbrl.fasb.org/us-gaap/2024/elts/us-gaap-2024.xsd#us-gaap_OtherOperatingActivitiesCashFlowStatement"/>
    <link:calculationArc order="2" weight="1.0" xlink:arcrole="http://www.xbrl.org/2003/arcrole/summation-item" xlink:from="loc_us-gaap_NetCashProvidedByUsedInOperatingActivities_b900c56a-ef2f-4e49-878d-297eef0c42db" xlink:to="loc_us-gaap_OtherOperatingActivitiesCashFlowStatement_34f727e9-5b02-4edc-bfd5-50797f860b13" xlink:type="arc"/>
    <link:loc xlink:type="locator" xlink:label="loc_us-gaap_IncreaseDecreaseInAccountsPayableAndAccruedLiabilities_97636761-4d18-4b9c-bcc1-bd60b18b5d00" xlink:href="https://xbrl.fasb.org/us-gaap/2024/elts/us-gaap-2024.xsd#us-gaap_IncreaseDecreaseInAccountsPayableAndAccruedLiabilities"/>
    <link:calculationArc order="3" weight="1.0" xlink:arcrole="http://www.xbrl.org/2003/arcrole/summation-item" xlink:from="loc_us-gaap_NetCashProvidedByUsedInOperatingActivities_b900c56a-ef2f-4e49-878d-297eef0c42db" xlink:to="loc_us-gaap_IncreaseDecreaseInAccountsPayableAndAccruedLiabilities_97636761-4d18-4b9c-bcc1-bd60b18b5d00" xlink:type="arc"/>
    <link:loc xlink:type="locator" xlink:label="loc_gme_IncreaseDecreaseInRightOfUseAssetsAndLeaseLiabilities_864b53bf-50ab-4e91-84ce-5a12c725999b" xlink:href="gme-20241102.xsd#gme_IncreaseDecreaseInRightOfUseAssetsAndLeaseLiabilities"/>
    <link:calculationArc order="4" weight="-1.0" xlink:arcrole="http://www.xbrl.org/2003/arcrole/summation-item" xlink:from="loc_us-gaap_NetCashProvidedByUsedInOperatingActivities_b900c56a-ef2f-4e49-878d-297eef0c42db" xlink:to="loc_gme_IncreaseDecreaseInRightOfUseAssetsAndLeaseLiabilities_864b53bf-50ab-4e91-84ce-5a12c725999b" xlink:type="arc"/>
    <link:loc xlink:type="locator" xlink:label="loc_us-gaap_NetIncomeLoss_1a4efd57-d791-4a0b-ad83-04cb836ea41c" xlink:href="https://xbrl.fasb.org/us-gaap/2024/elts/us-gaap-2024.xsd#us-gaap_NetIncomeLoss"/>
    <link:calculationArc order="5" weight="1.0" xlink:arcrole="http://www.xbrl.org/2003/arcrole/summation-item" xlink:from="loc_us-gaap_NetCashProvidedByUsedInOperatingActivities_b900c56a-ef2f-4e49-878d-297eef0c42db" xlink:to="loc_us-gaap_NetIncomeLoss_1a4efd57-d791-4a0b-ad83-04cb836ea41c" xlink:type="arc"/>
    <link:loc xlink:type="locator" xlink:label="loc_us-gaap_ShareBasedCompensation_fb71c21c-b0b7-413b-acb2-7a7ee0fcb16a" xlink:href="https://xbrl.fasb.org/us-gaap/2024/elts/us-gaap-2024.xsd#us-gaap_ShareBasedCompensation"/>
    <link:calculationArc order="6" weight="1.0" xlink:arcrole="http://www.xbrl.org/2003/arcrole/summation-item" xlink:from="loc_us-gaap_NetCashProvidedByUsedInOperatingActivities_b900c56a-ef2f-4e49-878d-297eef0c42db" xlink:to="loc_us-gaap_ShareBasedCompensation_fb71c21c-b0b7-413b-acb2-7a7ee0fcb16a" xlink:type="arc"/>
    <link:loc xlink:type="locator" xlink:label="loc_us-gaap_IncreaseDecreaseInInventories_511c3d1c-e5e0-4c3d-a62a-b5e6d87eff7c" xlink:href="https://xbrl.fasb.org/us-gaap/2024/elts/us-gaap-2024.xsd#us-gaap_IncreaseDecreaseInInventories"/>
    <link:calculationArc order="7" weight="-1.0" xlink:arcrole="http://www.xbrl.org/2003/arcrole/summation-item" xlink:from="loc_us-gaap_NetCashProvidedByUsedInOperatingActivities_b900c56a-ef2f-4e49-878d-297eef0c42db" xlink:to="loc_us-gaap_IncreaseDecreaseInInventories_511c3d1c-e5e0-4c3d-a62a-b5e6d87eff7c" xlink:type="arc"/>
    <link:loc xlink:type="locator" xlink:label="loc_us-gaap_IncreaseDecreaseInOtherNoncurrentLiabilities_5f55a368-1790-4f8b-95b7-c4146e9b4884" xlink:href="https://xbrl.fasb.org/us-gaap/2024/elts/us-gaap-2024.xsd#us-gaap_IncreaseDecreaseInOtherNoncurrentLiabilities"/>
    <link:calculationArc order="8" weight="1.0" xlink:arcrole="http://www.xbrl.org/2003/arcrole/summation-item" xlink:from="loc_us-gaap_NetCashProvidedByUsedInOperatingActivities_b900c56a-ef2f-4e49-878d-297eef0c42db" xlink:to="loc_us-gaap_IncreaseDecreaseInOtherNoncurrentLiabilities_5f55a368-1790-4f8b-95b7-c4146e9b4884" xlink:type="arc"/>
    <link:loc xlink:type="locator" xlink:label="loc_us-gaap_OtherDepreciationAndAmortization_3836d2c7-8de6-4923-a45f-ffc10e275f51" xlink:href="https://xbrl.fasb.org/us-gaap/2024/elts/us-gaap-2024.xsd#us-gaap_OtherDepreciationAndAmortization"/>
    <link:calculationArc order="9" weight="1.0" xlink:arcrole="http://www.xbrl.org/2003/arcrole/summation-item" xlink:from="loc_us-gaap_NetCashProvidedByUsedInOperatingActivities_b900c56a-ef2f-4e49-878d-297eef0c42db" xlink:to="loc_us-gaap_OtherDepreciationAndAmortization_3836d2c7-8de6-4923-a45f-ffc10e275f51" xlink:type="arc"/>
    <link:loc xlink:type="locator" xlink:label="loc_us-gaap_IncreaseDecreaseInReceivables_7af25797-e6cd-471e-add6-7427faf71935" xlink:href="https://xbrl.fasb.org/us-gaap/2024/elts/us-gaap-2024.xsd#us-gaap_IncreaseDecreaseInReceivables"/>
    <link:calculationArc order="10" weight="-1.0" xlink:arcrole="http://www.xbrl.org/2003/arcrole/summation-item" xlink:from="loc_us-gaap_NetCashProvidedByUsedInOperatingActivities_b900c56a-ef2f-4e49-878d-297eef0c42db" xlink:to="loc_us-gaap_IncreaseDecreaseInReceivables_7af25797-e6cd-471e-add6-7427faf71935" xlink:type="arc"/>
    <link:loc xlink:type="locator" xlink:label="loc_gme_PrepaidIncomeTaxesAndAccruedIncomeTaxesPayable_b5bffdf0-41f8-463a-872e-5cef771b5748" xlink:href="gme-20241102.xsd#gme_PrepaidIncomeTaxesAndAccruedIncomeTaxesPayable"/>
    <link:calculationArc order="11" weight="-1.0" xlink:arcrole="http://www.xbrl.org/2003/arcrole/summation-item" xlink:from="loc_us-gaap_NetCashProvidedByUsedInOperatingActivities_b900c56a-ef2f-4e49-878d-297eef0c42db" xlink:to="loc_gme_PrepaidIncomeTaxesAndAccruedIncomeTaxesPayable_b5bffdf0-41f8-463a-872e-5cef771b5748" xlink:type="arc"/>
    <link:loc xlink:type="locator" xlink:label="loc_us-gaap_GainLossOnSaleOfPropertyPlantEquipment_daea601e-b999-4984-b62b-656131919a25" xlink:href="https://xbrl.fasb.org/us-gaap/2024/elts/us-gaap-2024.xsd#us-gaap_GainLossOnSaleOfPropertyPlantEquipment"/>
    <link:calculationArc order="12" weight="-1.0" xlink:arcrole="http://www.xbrl.org/2003/arcrole/summation-item" xlink:from="loc_us-gaap_NetCashProvidedByUsedInOperatingActivities_b900c56a-ef2f-4e49-878d-297eef0c42db" xlink:to="loc_us-gaap_GainLossOnSaleOfPropertyPlantEquipment_daea601e-b999-4984-b62b-656131919a25" xlink:type="arc"/>
    <link:loc xlink:type="locator" xlink:label="loc_us-gaap_AssetImpairmentCharges_98f61f4a-7726-45b6-be1f-d8f302813c70" xlink:href="https://xbrl.fasb.org/us-gaap/2024/elts/us-gaap-2024.xsd#us-gaap_AssetImpairmentCharges"/>
    <link:calculationArc order="13" weight="1.0" xlink:arcrole="http://www.xbrl.org/2003/arcrole/summation-item" xlink:from="loc_us-gaap_NetCashProvidedByUsedInOperatingActivities_b900c56a-ef2f-4e49-878d-297eef0c42db" xlink:to="loc_us-gaap_AssetImpairmentCharges_98f61f4a-7726-45b6-be1f-d8f302813c70" xlink:type="arc"/>
    <link:loc xlink:type="locator" xlink:label="loc_us-gaap_NetCashProvidedByUsedInInvestingActivities_2a51e694-f678-4614-8729-e9c10c791d51" xlink:href="https://xbrl.fasb.org/us-gaap/2024/elts/us-gaap-2024.xsd#us-gaap_NetCashProvidedByUsedInInvestingActivities"/>
    <link:loc xlink:type="locator" xlink:label="loc_us-gaap_ProceedsFromSaleOfPropertyPlantAndEquipment_97fc9c1f-d9ab-4289-a2e5-8a7b5ac7c0c6" xlink:href="https://xbrl.fasb.org/us-gaap/2024/elts/us-gaap-2024.xsd#us-gaap_ProceedsFromSaleOfPropertyPlantAndEquipment"/>
    <link:calculationArc order="1" weight="1.0" xlink:arcrole="http://www.xbrl.org/2003/arcrole/summation-item" xlink:from="loc_us-gaap_NetCashProvidedByUsedInInvestingActivities_2a51e694-f678-4614-8729-e9c10c791d51" xlink:to="loc_us-gaap_ProceedsFromSaleOfPropertyPlantAndEquipment_97fc9c1f-d9ab-4289-a2e5-8a7b5ac7c0c6" xlink:type="arc"/>
    <link:loc xlink:type="locator" xlink:label="loc_us-gaap_PaymentsToAcquireMarketableSecurities_6d444480-bb1f-4e09-a07d-4bbef1e054ae" xlink:href="https://xbrl.fasb.org/us-gaap/2024/elts/us-gaap-2024.xsd#us-gaap_PaymentsToAcquireMarketableSecurities"/>
    <link:calculationArc order="2" weight="-1.0" xlink:arcrole="http://www.xbrl.org/2003/arcrole/summation-item" xlink:from="loc_us-gaap_NetCashProvidedByUsedInInvestingActivities_2a51e694-f678-4614-8729-e9c10c791d51" xlink:to="loc_us-gaap_PaymentsToAcquireMarketableSecurities_6d444480-bb1f-4e09-a07d-4bbef1e054ae" xlink:type="arc"/>
    <link:loc xlink:type="locator" xlink:label="loc_us-gaap_ProceedsFromSaleAndMaturityOfMarketableSecurities_b2ffa087-d84e-4785-8af5-42095112e4df" xlink:href="https://xbrl.fasb.org/us-gaap/2024/elts/us-gaap-2024.xsd#us-gaap_ProceedsFromSaleAndMaturityOfMarketableSecurities"/>
    <link:calculationArc order="3" weight="1.0" xlink:arcrole="http://www.xbrl.org/2003/arcrole/summation-item" xlink:from="loc_us-gaap_NetCashProvidedByUsedInInvestingActivities_2a51e694-f678-4614-8729-e9c10c791d51" xlink:to="loc_us-gaap_ProceedsFromSaleAndMaturityOfMarketableSecurities_b2ffa087-d84e-4785-8af5-42095112e4df" xlink:type="arc"/>
    <link:loc xlink:type="locator" xlink:label="loc_us-gaap_ProceedsFromSaleOfOtherAssetsInvestingActivities_21790579-0b73-4039-a548-1892a7160178" xlink:href="https://xbrl.fasb.org/us-gaap/2024/elts/us-gaap-2024.xsd#us-gaap_ProceedsFromSaleOfOtherAssetsInvestingActivities"/>
    <link:calculationArc order="4" weight="1.0" xlink:arcrole="http://www.xbrl.org/2003/arcrole/summation-item" xlink:from="loc_us-gaap_NetCashProvidedByUsedInInvestingActivities_2a51e694-f678-4614-8729-e9c10c791d51" xlink:to="loc_us-gaap_ProceedsFromSaleOfOtherAssetsInvestingActivities_21790579-0b73-4039-a548-1892a7160178" xlink:type="arc"/>
    <link:loc xlink:type="locator" xlink:label="loc_us-gaap_PaymentsToAcquirePropertyPlantAndEquipment_93b4da10-c39c-4a08-b0c2-34b63c4096c5" xlink:href="https://xbrl.fasb.org/us-gaap/2024/elts/us-gaap-2024.xsd#us-gaap_PaymentsToAcquirePropertyPlantAndEquipment"/>
    <link:calculationArc order="5" weight="-1.0" xlink:arcrole="http://www.xbrl.org/2003/arcrole/summation-item" xlink:from="loc_us-gaap_NetCashProvidedByUsedInInvestingActivities_2a51e694-f678-4614-8729-e9c10c791d51" xlink:to="loc_us-gaap_PaymentsToAcquirePropertyPlantAndEquipment_93b4da10-c39c-4a08-b0c2-34b63c4096c5" xlink:type="arc"/>
    <link:loc xlink:type="locator" xlink:label="loc_us-gaap_PaymentsForProceedsFromOtherInvestingActivities_36e1af81-eb4e-4a4d-a007-adfeb06b50a0" xlink:href="https://xbrl.fasb.org/us-gaap/2024/elts/us-gaap-2024.xsd#us-gaap_PaymentsForProceedsFromOtherInvestingActivities"/>
    <link:calculationArc order="6" weight="-1.0" xlink:arcrole="http://www.xbrl.org/2003/arcrole/summation-item" xlink:from="loc_us-gaap_NetCashProvidedByUsedInInvestingActivities_2a51e694-f678-4614-8729-e9c10c791d51" xlink:to="loc_us-gaap_PaymentsForProceedsFromOtherInvestingActivities_36e1af81-eb4e-4a4d-a007-adfeb06b50a0" xlink:type="arc"/>
    <link:loc xlink:type="locator" xlink:label="loc_us-gaap_CashCashEquivalentsRestrictedCashAndRestrictedCashEquivalentsPeriodIncreaseDecreaseIncludingExchangeRateEffect_d5a61ab1-4ecc-4048-8652-32e3d900d073" xlink:href="https://xbrl.fasb.org/us-gaap/2024/elts/us-gaap-2024.xsd#us-gaap_CashCashEquivalentsRestrictedCashAndRestrictedCashEquivalentsPeriodIncreaseDecreaseIncludingExchangeRateEffect"/>
    <link:loc xlink:type="locator" xlink:label="loc_us-gaap_NetCashProvidedByUsedInFinancingActivities_04c75f80-00b1-47b0-896c-df026b04ab06" xlink:href="https://xbrl.fasb.org/us-gaap/2024/elts/us-gaap-2024.xsd#us-gaap_NetCashProvidedByUsedInFinancingActivities"/>
    <link:calculationArc order="1" weight="1.0" xlink:arcrole="http://www.xbrl.org/2003/arcrole/summation-item" xlink:from="loc_us-gaap_CashCashEquivalentsRestrictedCashAndRestrictedCashEquivalentsPeriodIncreaseDecreaseIncludingExchangeRateEffect_d5a61ab1-4ecc-4048-8652-32e3d900d073" xlink:to="loc_us-gaap_NetCashProvidedByUsedInFinancingActivities_04c75f80-00b1-47b0-896c-df026b04ab06" xlink:type="arc"/>
    <link:loc xlink:type="locator" xlink:label="loc_us-gaap_EffectOfExchangeRateOnCashCashEquivalentsRestrictedCashAndRestrictedCashEquivalents_7c6b80df-6a43-4902-853b-6ef56de4586f" xlink:href="https://xbrl.fasb.org/us-gaap/2024/elts/us-gaap-2024.xsd#us-gaap_EffectOfExchangeRateOnCashCashEquivalentsRestrictedCashAndRestrictedCashEquivalents"/>
    <link:calculationArc order="2" weight="1.0" xlink:arcrole="http://www.xbrl.org/2003/arcrole/summation-item" xlink:from="loc_us-gaap_CashCashEquivalentsRestrictedCashAndRestrictedCashEquivalentsPeriodIncreaseDecreaseIncludingExchangeRateEffect_d5a61ab1-4ecc-4048-8652-32e3d900d073" xlink:to="loc_us-gaap_EffectOfExchangeRateOnCashCashEquivalentsRestrictedCashAndRestrictedCashEquivalents_7c6b80df-6a43-4902-853b-6ef56de4586f" xlink:type="arc"/>
    <link:loc xlink:type="locator" xlink:label="loc_us-gaap_NetCashProvidedByUsedInInvestingActivities_d842768c-edb1-4e75-b485-51e28b4253d4" xlink:href="https://xbrl.fasb.org/us-gaap/2024/elts/us-gaap-2024.xsd#us-gaap_NetCashProvidedByUsedInInvestingActivities"/>
    <link:calculationArc order="3" weight="1.0" xlink:arcrole="http://www.xbrl.org/2003/arcrole/summation-item" xlink:from="loc_us-gaap_CashCashEquivalentsRestrictedCashAndRestrictedCashEquivalentsPeriodIncreaseDecreaseIncludingExchangeRateEffect_d5a61ab1-4ecc-4048-8652-32e3d900d073" xlink:to="loc_us-gaap_NetCashProvidedByUsedInInvestingActivities_d842768c-edb1-4e75-b485-51e28b4253d4" xlink:type="arc"/>
    <link:loc xlink:type="locator" xlink:label="loc_us-gaap_NetCashProvidedByUsedInOperatingActivities_dac8ff63-d64c-4771-a491-4081eae4778d" xlink:href="https://xbrl.fasb.org/us-gaap/2024/elts/us-gaap-2024.xsd#us-gaap_NetCashProvidedByUsedInOperatingActivities"/>
    <link:calculationArc order="4" weight="1.0" xlink:arcrole="http://www.xbrl.org/2003/arcrole/summation-item" xlink:from="loc_us-gaap_CashCashEquivalentsRestrictedCashAndRestrictedCashEquivalentsPeriodIncreaseDecreaseIncludingExchangeRateEffect_d5a61ab1-4ecc-4048-8652-32e3d900d073" xlink:to="loc_us-gaap_NetCashProvidedByUsedInOperatingActivities_dac8ff63-d64c-4771-a491-4081eae4778d" xlink:type="arc"/>
    <link:loc xlink:type="locator" xlink:label="loc_us-gaap_NetCashProvidedByUsedInFinancingActivities_eb602f94-5476-40b6-8479-e67072715895" xlink:href="https://xbrl.fasb.org/us-gaap/2024/elts/us-gaap-2024.xsd#us-gaap_NetCashProvidedByUsedInFinancingActivities"/>
    <link:loc xlink:type="locator" xlink:label="loc_us-gaap_ProceedsFromIssuanceOfCommonStock_a870f622-5c6b-43b5-9f92-e9ec8cb62034" xlink:href="https://xbrl.fasb.org/us-gaap/2024/elts/us-gaap-2024.xsd#us-gaap_ProceedsFromIssuanceOfCommonStock"/>
    <link:calculationArc order="1" weight="1.0" xlink:arcrole="http://www.xbrl.org/2003/arcrole/summation-item" xlink:from="loc_us-gaap_NetCashProvidedByUsedInFinancingActivities_eb602f94-5476-40b6-8479-e67072715895" xlink:to="loc_us-gaap_ProceedsFromIssuanceOfCommonStock_a870f622-5c6b-43b5-9f92-e9ec8cb62034" xlink:type="arc"/>
    <link:loc xlink:type="locator" xlink:label="loc_gme_SettlementOfStockBasedAwards_3e99ce3d-40fe-4ada-9331-58eb4d5bb38b" xlink:href="gme-20241102.xsd#gme_SettlementOfStockBasedAwards"/>
    <link:calculationArc order="2" weight="-1.0" xlink:arcrole="http://www.xbrl.org/2003/arcrole/summation-item" xlink:from="loc_us-gaap_NetCashProvidedByUsedInFinancingActivities_eb602f94-5476-40b6-8479-e67072715895" xlink:to="loc_gme_SettlementOfStockBasedAwards_3e99ce3d-40fe-4ada-9331-58eb4d5bb38b" xlink:type="arc"/>
    <link:loc xlink:type="locator" xlink:label="loc_us-gaap_RepaymentsOfDebt_1c9cdd0d-6d01-4824-bc91-7ccc25007f12" xlink:href="https://xbrl.fasb.org/us-gaap/2024/elts/us-gaap-2024.xsd#us-gaap_RepaymentsOfDebt"/>
    <link:calculationArc order="3" weight="-1.0" xlink:arcrole="http://www.xbrl.org/2003/arcrole/summation-item" xlink:from="loc_us-gaap_NetCashProvidedByUsedInFinancingActivities_eb602f94-5476-40b6-8479-e67072715895" xlink:to="loc_us-gaap_RepaymentsOfDebt_1c9cdd0d-6d01-4824-bc91-7ccc25007f12" xlink:type="arc"/>
  </link:calculationLink>
  <link:roleRef roleURI="http://www.gamestop.com/role/SummaryofSignificantAccountingPoliciesCashCashEquivalentsandRestrictedCashDetails" xlink:type="simple" xlink:href="gme-20241102.xsd#SummaryofSignificantAccountingPoliciesCashCashEquivalentsandRestrictedCashDetails"/>
  <link:calculationLink xlink:role="http://www.gamestop.com/role/SummaryofSignificantAccountingPoliciesCashCashEquivalentsandRestrictedCashDetails" xlink:type="extended">
    <link:loc xlink:type="locator" xlink:label="loc_us-gaap_CashCashEquivalentsRestrictedCashAndRestrictedCashEquivalents_2cf78840-59f0-4cba-91e1-36925e3cce61" xlink:href="https://xbrl.fasb.org/us-gaap/2024/elts/us-gaap-2024.xsd#us-gaap_CashCashEquivalentsRestrictedCashAndRestrictedCashEquivalents"/>
    <link:loc xlink:type="locator" xlink:label="loc_us-gaap_CashAndCashEquivalentsAtCarryingValue_9efbdf25-a157-40ef-8e56-8ddbb6a575a5" xlink:href="https://xbrl.fasb.org/us-gaap/2024/elts/us-gaap-2024.xsd#us-gaap_CashAndCashEquivalentsAtCarryingValue"/>
    <link:calculationArc order="1" weight="1.0" xlink:arcrole="http://www.xbrl.org/2003/arcrole/summation-item" xlink:from="loc_us-gaap_CashCashEquivalentsRestrictedCashAndRestrictedCashEquivalents_2cf78840-59f0-4cba-91e1-36925e3cce61" xlink:to="loc_us-gaap_CashAndCashEquivalentsAtCarryingValue_9efbdf25-a157-40ef-8e56-8ddbb6a575a5" xlink:type="arc"/>
    <link:loc xlink:type="locator" xlink:label="loc_us-gaap_RestrictedCashAndCashEquivalentsAtCarryingValue_b02d07ce-086c-449a-8642-4ea5e89592a9" xlink:href="https://xbrl.fasb.org/us-gaap/2024/elts/us-gaap-2024.xsd#us-gaap_RestrictedCashAndCashEquivalentsAtCarryingValue"/>
    <link:calculationArc order="2" weight="1.0" xlink:arcrole="http://www.xbrl.org/2003/arcrole/summation-item" xlink:from="loc_us-gaap_CashCashEquivalentsRestrictedCashAndRestrictedCashEquivalents_2cf78840-59f0-4cba-91e1-36925e3cce61" xlink:to="loc_us-gaap_RestrictedCashAndCashEquivalentsAtCarryingValue_b02d07ce-086c-449a-8642-4ea5e89592a9" xlink:type="arc"/>
    <link:loc xlink:type="locator" xlink:label="loc_us-gaap_RestrictedCashAndCashEquivalentsNoncurrent_badcf853-3da9-4915-9788-4bd5d12afe70" xlink:href="https://xbrl.fasb.org/us-gaap/2024/elts/us-gaap-2024.xsd#us-gaap_RestrictedCashAndCashEquivalentsNoncurrent"/>
    <link:calculationArc order="3" weight="1.0" xlink:arcrole="http://www.xbrl.org/2003/arcrole/summation-item" xlink:from="loc_us-gaap_CashCashEquivalentsRestrictedCashAndRestrictedCashEquivalents_2cf78840-59f0-4cba-91e1-36925e3cce61" xlink:to="loc_us-gaap_RestrictedCashAndCashEquivalentsNoncurrent_badcf853-3da9-4915-9788-4bd5d12afe70" xlink:type="arc"/>
  </link:calculationLink>
  <link:roleRef roleURI="http://www.gamestop.com/role/FairValueMeasurementsFairValueofAssetsandLiabilitiesMeasuredatFairValueonRecurringBasisDetails" xlink:type="simple" xlink:href="gme-20241102.xsd#FairValueMeasurementsFairValueofAssetsandLiabilitiesMeasuredatFairValueonRecurringBasisDetails"/>
  <link:calculationLink xlink:role="http://www.gamestop.com/role/FairValueMeasurementsFairValueofAssetsandLiabilitiesMeasuredatFairValueonRecurringBasisDetails" xlink:type="extended">
    <link:loc xlink:type="locator" xlink:label="loc_us-gaap_LiabilitiesFairValueDisclosure_f4e0a23c-2d19-418d-8aab-fa226b239188" xlink:href="https://xbrl.fasb.org/us-gaap/2024/elts/us-gaap-2024.xsd#us-gaap_LiabilitiesFairValueDisclosure"/>
    <link:loc xlink:type="locator" xlink:label="loc_gme_DeferredCompensationPlanLiabilitiesFairValueDisclosure_39cd7d8e-fc93-4cfc-bd84-064f33e11fee" xlink:href="gme-20241102.xsd#gme_DeferredCompensationPlanLiabilitiesFairValueDisclosure"/>
    <link:calculationArc order="1" weight="1.0" xlink:arcrole="http://www.xbrl.org/2003/arcrole/summation-item" xlink:from="loc_us-gaap_LiabilitiesFairValueDisclosure_f4e0a23c-2d19-418d-8aab-fa226b239188" xlink:to="loc_gme_DeferredCompensationPlanLiabilitiesFairValueDisclosure_39cd7d8e-fc93-4cfc-bd84-064f33e11fee" xlink:type="arc"/>
    <link:loc xlink:type="locator" xlink:label="loc_us-gaap_ForeignCurrencyDerivativeInstrumentsNotDesignatedAsHedgingInstrumentsLiabilityAtFairValue_5e220f10-a033-4fef-917e-04672e40a366" xlink:href="https://xbrl.fasb.org/us-gaap/2024/elts/us-gaap-2024.xsd#us-gaap_ForeignCurrencyDerivativeInstrumentsNotDesignatedAsHedgingInstrumentsLiabilityAtFairValue"/>
    <link:calculationArc order="2" weight="1.0" xlink:arcrole="http://www.xbrl.org/2003/arcrole/summation-item" xlink:from="loc_us-gaap_LiabilitiesFairValueDisclosure_f4e0a23c-2d19-418d-8aab-fa226b239188" xlink:to="loc_us-gaap_ForeignCurrencyDerivativeInstrumentsNotDesignatedAsHedgingInstrumentsLiabilityAtFairValue_5e220f10-a033-4fef-917e-04672e40a366" xlink:type="arc"/>
    <link:loc xlink:type="locator" xlink:label="loc_us-gaap_AvailableForSaleDebtSecuritiesAmortizedCostBasis_cf6e8eaa-71eb-4e2b-a370-674eba28dc86" xlink:href="https://xbrl.fasb.org/us-gaap/2024/elts/us-gaap-2024.xsd#us-gaap_AvailableForSaleDebtSecuritiesAmortizedCostBasis"/>
    <link:loc xlink:type="locator" xlink:label="loc_us-gaap_AvailableForSaleSecuritiesDebtSecurities_f4011ee2-5056-4998-8ef2-d1a14f1cdb64" xlink:href="https://xbrl.fasb.org/us-gaap/2024/elts/us-gaap-2024.xsd#us-gaap_AvailableForSaleSecuritiesDebtSecurities"/>
    <link:calculationArc order="1" weight="1.0" xlink:arcrole="http://www.xbrl.org/2003/arcrole/summation-item" xlink:from="loc_us-gaap_AvailableForSaleDebtSecuritiesAmortizedCostBasis_cf6e8eaa-71eb-4e2b-a370-674eba28dc86" xlink:to="loc_us-gaap_AvailableForSaleSecuritiesDebtSecurities_f4011ee2-5056-4998-8ef2-d1a14f1cdb64" xlink:type="arc"/>
    <link:loc xlink:type="locator" xlink:label="loc_us-gaap_AvailableForSaleDebtSecuritiesAccumulatedGrossUnrealizedLossBeforeTax_76183a1d-a448-432f-8191-16f5b03c03b8" xlink:href="https://xbrl.fasb.org/us-gaap/2024/elts/us-gaap-2024.xsd#us-gaap_AvailableForSaleDebtSecuritiesAccumulatedGrossUnrealizedLossBeforeTax"/>
    <link:calculationArc order="2" weight="1.0" xlink:arcrole="http://www.xbrl.org/2003/arcrole/summation-item" xlink:from="loc_us-gaap_AvailableForSaleDebtSecuritiesAmortizedCostBasis_cf6e8eaa-71eb-4e2b-a370-674eba28dc86" xlink:to="loc_us-gaap_AvailableForSaleDebtSecuritiesAccumulatedGrossUnrealizedLossBeforeTax_76183a1d-a448-432f-8191-16f5b03c03b8" xlink:type="arc"/>
    <link:loc xlink:type="locator" xlink:label="loc_us-gaap_AvailableForSaleDebtSecuritiesAccumulatedGrossUnrealizedGainBeforeTax_1da10626-71bf-400c-9d8e-9f7848a2d772" xlink:href="https://xbrl.fasb.org/us-gaap/2024/elts/us-gaap-2024.xsd#us-gaap_AvailableForSaleDebtSecuritiesAccumulatedGrossUnrealizedGainBeforeTax"/>
    <link:calculationArc order="3" weight="-1.0" xlink:arcrole="http://www.xbrl.org/2003/arcrole/summation-item" xlink:from="loc_us-gaap_AvailableForSaleDebtSecuritiesAmortizedCostBasis_cf6e8eaa-71eb-4e2b-a370-674eba28dc86" xlink:to="loc_us-gaap_AvailableForSaleDebtSecuritiesAccumulatedGrossUnrealizedGainBeforeTax_1da10626-71bf-400c-9d8e-9f7848a2d772" xlink:type="arc"/>
  </link:calculationLink>
  <link:roleRef roleURI="http://www.gamestop.com/role/EarningsPerShareDetails" xlink:type="simple" xlink:href="gme-20241102.xsd#EarningsPerShareDetails"/>
  <link:calculationLink xlink:role="http://www.gamestop.com/role/EarningsPerShareDetails" xlink:type="extended">
    <link:loc xlink:type="locator" xlink:label="loc_us-gaap_WeightedAverageNumberOfDilutedSharesOutstanding_725dd054-ee03-496a-a940-8fd4a9297820" xlink:href="https://xbrl.fasb.org/us-gaap/2024/elts/us-gaap-2024.xsd#us-gaap_WeightedAverageNumberOfDilutedSharesOutstanding"/>
    <link:loc xlink:type="locator" xlink:label="loc_us-gaap_WeightedAverageNumberDilutedSharesOutstandingAdjustment_297668c8-fd30-442a-9df9-9a82ca56889d" xlink:href="https://xbrl.fasb.org/us-gaap/2024/elts/us-gaap-2024.xsd#us-gaap_WeightedAverageNumberDilutedSharesOutstandingAdjustment"/>
    <link:calculationArc order="1" weight="1.0" xlink:arcrole="http://www.xbrl.org/2003/arcrole/summation-item" xlink:from="loc_us-gaap_WeightedAverageNumberOfDilutedSharesOutstanding_725dd054-ee03-496a-a940-8fd4a9297820" xlink:to="loc_us-gaap_WeightedAverageNumberDilutedSharesOutstandingAdjustment_297668c8-fd30-442a-9df9-9a82ca56889d" xlink:type="arc"/>
    <link:loc xlink:type="locator" xlink:label="loc_us-gaap_WeightedAverageNumberOfSharesOutstandingBasic_d7b584e5-e43b-42a1-8cf5-f77971af7674" xlink:href="https://xbrl.fasb.org/us-gaap/2024/elts/us-gaap-2024.xsd#us-gaap_WeightedAverageNumberOfSharesOutstandingBasic"/>
    <link:calculationArc order="2" weight="1.0" xlink:arcrole="http://www.xbrl.org/2003/arcrole/summation-item" xlink:from="loc_us-gaap_WeightedAverageNumberOfDilutedSharesOutstanding_725dd054-ee03-496a-a940-8fd4a9297820" xlink:to="loc_us-gaap_WeightedAverageNumberOfSharesOutstandingBasic_d7b584e5-e43b-42a1-8cf5-f77971af7674" xlink:type="arc"/>
  </link:calculationLink>
</link:linkbase>
