<?xml version="1.0" encoding="UTF-8"?>

<!--XBRL Document Created with the Workiva Platform-->
<!--Copyright 2024 Workiva-->
<!--r:a03c96a0-4cf3-46fc-8215-5f01c852a37a,g:987cdef0-aaa3-4c5b-a7af-f617a444ab77-->
<link:linkbase xmlns:link="http://www.xbrl.org/2003/linkbase" xmlns:xlink="http://www.w3.org/1999/xlink" xmlns:xsi="http://www.w3.org/2001/XMLSchema-instance" xsi:schemaLocation="http://www.xbrl.org/2003/linkbase http://www.xbrl.org/2003/xbrl-linkbase-2003-12-31.xsd">
  <link:roleRef roleURI="http://www.gamestop.com/role/CONDENSEDCONSOLIDATEDBALANCESHEETS" xlink:type="simple" xlink:href="gme-20240803.xsd#CONDENSEDCONSOLIDATEDBALANCESHEETS"/>
  <link:calculationLink xlink:role="http://www.gamestop.com/role/CONDENSEDCONSOLIDATEDBALANCESHEETS" xlink:type="extended">
    <link:loc xlink:type="locator" xlink:label="loc_us-gaap_LiabilitiesCurrent_6480a498-8c28-4cda-a876-130b3025ff87" xlink:href="https://xbrl.fasb.org/us-gaap/2024/elts/us-gaap-2024.xsd#us-gaap_LiabilitiesCurrent"/>
    <link:loc xlink:type="locator" xlink:label="loc_us-gaap_AccruedLiabilitiesCurrent_9e2a3e28-508c-4b69-8b06-8029e44b5956" xlink:href="https://xbrl.fasb.org/us-gaap/2024/elts/us-gaap-2024.xsd#us-gaap_AccruedLiabilitiesCurrent"/>
    <link:calculationArc order="1" weight="1.0" xlink:arcrole="http://www.xbrl.org/2003/arcrole/summation-item" xlink:from="loc_us-gaap_LiabilitiesCurrent_6480a498-8c28-4cda-a876-130b3025ff87" xlink:to="loc_us-gaap_AccruedLiabilitiesCurrent_9e2a3e28-508c-4b69-8b06-8029e44b5956" xlink:type="arc"/>
    <link:loc xlink:type="locator" xlink:label="loc_us-gaap_OperatingLeaseLiabilityCurrent_d3f1f193-189f-48cb-a0f6-5c7fe058e04f" xlink:href="https://xbrl.fasb.org/us-gaap/2024/elts/us-gaap-2024.xsd#us-gaap_OperatingLeaseLiabilityCurrent"/>
    <link:calculationArc order="2" weight="1.0" xlink:arcrole="http://www.xbrl.org/2003/arcrole/summation-item" xlink:from="loc_us-gaap_LiabilitiesCurrent_6480a498-8c28-4cda-a876-130b3025ff87" xlink:to="loc_us-gaap_OperatingLeaseLiabilityCurrent_d3f1f193-189f-48cb-a0f6-5c7fe058e04f" xlink:type="arc"/>
    <link:loc xlink:type="locator" xlink:label="loc_us-gaap_AccountsPayableCurrent_60b9ced7-9331-4359-9418-9421afcc22ec" xlink:href="https://xbrl.fasb.org/us-gaap/2024/elts/us-gaap-2024.xsd#us-gaap_AccountsPayableCurrent"/>
    <link:calculationArc order="3" weight="1.0" xlink:arcrole="http://www.xbrl.org/2003/arcrole/summation-item" xlink:from="loc_us-gaap_LiabilitiesCurrent_6480a498-8c28-4cda-a876-130b3025ff87" xlink:to="loc_us-gaap_AccountsPayableCurrent_60b9ced7-9331-4359-9418-9421afcc22ec" xlink:type="arc"/>
    <link:loc xlink:type="locator" xlink:label="loc_us-gaap_LongTermDebtCurrent_fc7fd617-462a-496e-879b-ceb76d42307c" xlink:href="https://xbrl.fasb.org/us-gaap/2024/elts/us-gaap-2024.xsd#us-gaap_LongTermDebtCurrent"/>
    <link:calculationArc order="4" weight="1.0" xlink:arcrole="http://www.xbrl.org/2003/arcrole/summation-item" xlink:from="loc_us-gaap_LiabilitiesCurrent_6480a498-8c28-4cda-a876-130b3025ff87" xlink:to="loc_us-gaap_LongTermDebtCurrent_fc7fd617-462a-496e-879b-ceb76d42307c" xlink:type="arc"/>
    <link:loc xlink:type="locator" xlink:label="loc_us-gaap_LiabilitiesAndStockholdersEquity_9f49afc4-bbb6-4be4-b241-6556e4dd3385" xlink:href="https://xbrl.fasb.org/us-gaap/2024/elts/us-gaap-2024.xsd#us-gaap_LiabilitiesAndStockholdersEquity"/>
    <link:loc xlink:type="locator" xlink:label="loc_us-gaap_StockholdersEquity_9675e1f4-e6e3-4594-b6da-f710caadac76" xlink:href="https://xbrl.fasb.org/us-gaap/2024/elts/us-gaap-2024.xsd#us-gaap_StockholdersEquity"/>
    <link:calculationArc order="1" weight="1.0" xlink:arcrole="http://www.xbrl.org/2003/arcrole/summation-item" xlink:from="loc_us-gaap_LiabilitiesAndStockholdersEquity_9f49afc4-bbb6-4be4-b241-6556e4dd3385" xlink:to="loc_us-gaap_StockholdersEquity_9675e1f4-e6e3-4594-b6da-f710caadac76" xlink:type="arc"/>
    <link:loc xlink:type="locator" xlink:label="loc_us-gaap_Liabilities_706e2160-99c6-4756-9691-e0c1950cfccf" xlink:href="https://xbrl.fasb.org/us-gaap/2024/elts/us-gaap-2024.xsd#us-gaap_Liabilities"/>
    <link:calculationArc order="2" weight="1.0" xlink:arcrole="http://www.xbrl.org/2003/arcrole/summation-item" xlink:from="loc_us-gaap_LiabilitiesAndStockholdersEquity_9f49afc4-bbb6-4be4-b241-6556e4dd3385" xlink:to="loc_us-gaap_Liabilities_706e2160-99c6-4756-9691-e0c1950cfccf" xlink:type="arc"/>
    <link:loc xlink:type="locator" xlink:label="loc_us-gaap_StockholdersEquity_77e403b7-4c62-40f3-a595-12d30c31dfbf" xlink:href="https://xbrl.fasb.org/us-gaap/2024/elts/us-gaap-2024.xsd#us-gaap_StockholdersEquity"/>
    <link:loc xlink:type="locator" xlink:label="loc_us-gaap_CommonStockValue_67c74b5b-1673-4b8f-99c4-e9edaa981fda" xlink:href="https://xbrl.fasb.org/us-gaap/2024/elts/us-gaap-2024.xsd#us-gaap_CommonStockValue"/>
    <link:calculationArc order="1" weight="1.0" xlink:arcrole="http://www.xbrl.org/2003/arcrole/summation-item" xlink:from="loc_us-gaap_StockholdersEquity_77e403b7-4c62-40f3-a595-12d30c31dfbf" xlink:to="loc_us-gaap_CommonStockValue_67c74b5b-1673-4b8f-99c4-e9edaa981fda" xlink:type="arc"/>
    <link:loc xlink:type="locator" xlink:label="loc_us-gaap_RetainedEarningsAccumulatedDeficit_b963a120-2458-451c-b6af-c33f37b81dc9" xlink:href="https://xbrl.fasb.org/us-gaap/2024/elts/us-gaap-2024.xsd#us-gaap_RetainedEarningsAccumulatedDeficit"/>
    <link:calculationArc order="2" weight="1.0" xlink:arcrole="http://www.xbrl.org/2003/arcrole/summation-item" xlink:from="loc_us-gaap_StockholdersEquity_77e403b7-4c62-40f3-a595-12d30c31dfbf" xlink:to="loc_us-gaap_RetainedEarningsAccumulatedDeficit_b963a120-2458-451c-b6af-c33f37b81dc9" xlink:type="arc"/>
    <link:loc xlink:type="locator" xlink:label="loc_us-gaap_AccumulatedOtherComprehensiveIncomeLossNetOfTax_4a8646b5-fff4-4040-ab8c-2cece1432530" xlink:href="https://xbrl.fasb.org/us-gaap/2024/elts/us-gaap-2024.xsd#us-gaap_AccumulatedOtherComprehensiveIncomeLossNetOfTax"/>
    <link:calculationArc order="3" weight="1.0" xlink:arcrole="http://www.xbrl.org/2003/arcrole/summation-item" xlink:from="loc_us-gaap_StockholdersEquity_77e403b7-4c62-40f3-a595-12d30c31dfbf" xlink:to="loc_us-gaap_AccumulatedOtherComprehensiveIncomeLossNetOfTax_4a8646b5-fff4-4040-ab8c-2cece1432530" xlink:type="arc"/>
    <link:loc xlink:type="locator" xlink:label="loc_us-gaap_AdditionalPaidInCapitalCommonStock_fd129d2b-fa72-467c-ab25-e8bb789dbf4d" xlink:href="https://xbrl.fasb.org/us-gaap/2024/elts/us-gaap-2024.xsd#us-gaap_AdditionalPaidInCapitalCommonStock"/>
    <link:calculationArc order="4" weight="1.0" xlink:arcrole="http://www.xbrl.org/2003/arcrole/summation-item" xlink:from="loc_us-gaap_StockholdersEquity_77e403b7-4c62-40f3-a595-12d30c31dfbf" xlink:to="loc_us-gaap_AdditionalPaidInCapitalCommonStock_fd129d2b-fa72-467c-ab25-e8bb789dbf4d" xlink:type="arc"/>
    <link:loc xlink:type="locator" xlink:label="loc_us-gaap_Liabilities_f5600e6b-109c-4611-840e-9af545f10fff" xlink:href="https://xbrl.fasb.org/us-gaap/2024/elts/us-gaap-2024.xsd#us-gaap_Liabilities"/>
    <link:loc xlink:type="locator" xlink:label="loc_us-gaap_LiabilitiesCurrent_437a6796-e4af-4233-9a3b-3b5eda4d8eaf" xlink:href="https://xbrl.fasb.org/us-gaap/2024/elts/us-gaap-2024.xsd#us-gaap_LiabilitiesCurrent"/>
    <link:calculationArc order="1" weight="1.0" xlink:arcrole="http://www.xbrl.org/2003/arcrole/summation-item" xlink:from="loc_us-gaap_Liabilities_f5600e6b-109c-4611-840e-9af545f10fff" xlink:to="loc_us-gaap_LiabilitiesCurrent_437a6796-e4af-4233-9a3b-3b5eda4d8eaf" xlink:type="arc"/>
    <link:loc xlink:type="locator" xlink:label="loc_us-gaap_LongTermDebtNoncurrent_3ca84bf1-b482-4157-a958-3f5f00ab1f02" xlink:href="https://xbrl.fasb.org/us-gaap/2024/elts/us-gaap-2024.xsd#us-gaap_LongTermDebtNoncurrent"/>
    <link:calculationArc order="2" weight="1.0" xlink:arcrole="http://www.xbrl.org/2003/arcrole/summation-item" xlink:from="loc_us-gaap_Liabilities_f5600e6b-109c-4611-840e-9af545f10fff" xlink:to="loc_us-gaap_LongTermDebtNoncurrent_3ca84bf1-b482-4157-a958-3f5f00ab1f02" xlink:type="arc"/>
    <link:loc xlink:type="locator" xlink:label="loc_us-gaap_OperatingLeaseLiabilityNoncurrent_7d1b31e3-173d-4dd8-9549-0eeea8c55c45" xlink:href="https://xbrl.fasb.org/us-gaap/2024/elts/us-gaap-2024.xsd#us-gaap_OperatingLeaseLiabilityNoncurrent"/>
    <link:calculationArc order="3" weight="1.0" xlink:arcrole="http://www.xbrl.org/2003/arcrole/summation-item" xlink:from="loc_us-gaap_Liabilities_f5600e6b-109c-4611-840e-9af545f10fff" xlink:to="loc_us-gaap_OperatingLeaseLiabilityNoncurrent_7d1b31e3-173d-4dd8-9549-0eeea8c55c45" xlink:type="arc"/>
    <link:loc xlink:type="locator" xlink:label="loc_us-gaap_OtherLiabilitiesNoncurrent_518e0675-0da7-4ae1-ab34-03b1db0ae1c0" xlink:href="https://xbrl.fasb.org/us-gaap/2024/elts/us-gaap-2024.xsd#us-gaap_OtherLiabilitiesNoncurrent"/>
    <link:calculationArc order="4" weight="1.0" xlink:arcrole="http://www.xbrl.org/2003/arcrole/summation-item" xlink:from="loc_us-gaap_Liabilities_f5600e6b-109c-4611-840e-9af545f10fff" xlink:to="loc_us-gaap_OtherLiabilitiesNoncurrent_518e0675-0da7-4ae1-ab34-03b1db0ae1c0" xlink:type="arc"/>
    <link:loc xlink:type="locator" xlink:label="loc_us-gaap_AssetsCurrent_0846b626-96e7-40bf-bf38-c06d609dddba" xlink:href="https://xbrl.fasb.org/us-gaap/2024/elts/us-gaap-2024.xsd#us-gaap_AssetsCurrent"/>
    <link:loc xlink:type="locator" xlink:label="loc_us-gaap_CashAndCashEquivalentsAtCarryingValue_9032a780-1ec5-4318-a06b-f66461bda7c9" xlink:href="https://xbrl.fasb.org/us-gaap/2024/elts/us-gaap-2024.xsd#us-gaap_CashAndCashEquivalentsAtCarryingValue"/>
    <link:calculationArc order="1" weight="1.0" xlink:arcrole="http://www.xbrl.org/2003/arcrole/summation-item" xlink:from="loc_us-gaap_AssetsCurrent_0846b626-96e7-40bf-bf38-c06d609dddba" xlink:to="loc_us-gaap_CashAndCashEquivalentsAtCarryingValue_9032a780-1ec5-4318-a06b-f66461bda7c9" xlink:type="arc"/>
    <link:loc xlink:type="locator" xlink:label="loc_us-gaap_InventoryNet_b386e56f-223c-4f02-b7e1-ac0425ab8792" xlink:href="https://xbrl.fasb.org/us-gaap/2024/elts/us-gaap-2024.xsd#us-gaap_InventoryNet"/>
    <link:calculationArc order="2" weight="1.0" xlink:arcrole="http://www.xbrl.org/2003/arcrole/summation-item" xlink:from="loc_us-gaap_AssetsCurrent_0846b626-96e7-40bf-bf38-c06d609dddba" xlink:to="loc_us-gaap_InventoryNet_b386e56f-223c-4f02-b7e1-ac0425ab8792" xlink:type="arc"/>
    <link:loc xlink:type="locator" xlink:label="loc_us-gaap_ReceivablesNetCurrent_394a79d5-aa18-47e7-9cdf-71cf9bbdffe0" xlink:href="https://xbrl.fasb.org/us-gaap/2024/elts/us-gaap-2024.xsd#us-gaap_ReceivablesNetCurrent"/>
    <link:calculationArc order="3" weight="1.0" xlink:arcrole="http://www.xbrl.org/2003/arcrole/summation-item" xlink:from="loc_us-gaap_AssetsCurrent_0846b626-96e7-40bf-bf38-c06d609dddba" xlink:to="loc_us-gaap_ReceivablesNetCurrent_394a79d5-aa18-47e7-9cdf-71cf9bbdffe0" xlink:type="arc"/>
    <link:loc xlink:type="locator" xlink:label="loc_us-gaap_PrepaidExpenseCurrent_0b74b265-5c1e-4536-8f93-38eedd1bc8aa" xlink:href="https://xbrl.fasb.org/us-gaap/2024/elts/us-gaap-2024.xsd#us-gaap_PrepaidExpenseCurrent"/>
    <link:calculationArc order="4" weight="1.0" xlink:arcrole="http://www.xbrl.org/2003/arcrole/summation-item" xlink:from="loc_us-gaap_AssetsCurrent_0846b626-96e7-40bf-bf38-c06d609dddba" xlink:to="loc_us-gaap_PrepaidExpenseCurrent_0b74b265-5c1e-4536-8f93-38eedd1bc8aa" xlink:type="arc"/>
    <link:loc xlink:type="locator" xlink:label="loc_us-gaap_MarketableSecuritiesCurrent_9a173a96-df01-4e67-a7d7-54be46850b1a" xlink:href="https://xbrl.fasb.org/us-gaap/2024/elts/us-gaap-2024.xsd#us-gaap_MarketableSecuritiesCurrent"/>
    <link:calculationArc order="5" weight="1.0" xlink:arcrole="http://www.xbrl.org/2003/arcrole/summation-item" xlink:from="loc_us-gaap_AssetsCurrent_0846b626-96e7-40bf-bf38-c06d609dddba" xlink:to="loc_us-gaap_MarketableSecuritiesCurrent_9a173a96-df01-4e67-a7d7-54be46850b1a" xlink:type="arc"/>
    <link:loc xlink:type="locator" xlink:label="loc_us-gaap_Assets_a7472967-cd03-4026-8272-b6847518afdc" xlink:href="https://xbrl.fasb.org/us-gaap/2024/elts/us-gaap-2024.xsd#us-gaap_Assets"/>
    <link:loc xlink:type="locator" xlink:label="loc_us-gaap_AssetsCurrent_e82c972c-6f0e-404e-ba4e-b8053020aad8" xlink:href="https://xbrl.fasb.org/us-gaap/2024/elts/us-gaap-2024.xsd#us-gaap_AssetsCurrent"/>
    <link:calculationArc order="1" weight="1.0" xlink:arcrole="http://www.xbrl.org/2003/arcrole/summation-item" xlink:from="loc_us-gaap_Assets_a7472967-cd03-4026-8272-b6847518afdc" xlink:to="loc_us-gaap_AssetsCurrent_e82c972c-6f0e-404e-ba4e-b8053020aad8" xlink:type="arc"/>
    <link:loc xlink:type="locator" xlink:label="loc_us-gaap_DeferredIncomeTaxAssetsNet_48b4f4b5-b438-434d-b2e1-ee65a8919dcb" xlink:href="https://xbrl.fasb.org/us-gaap/2024/elts/us-gaap-2024.xsd#us-gaap_DeferredIncomeTaxAssetsNet"/>
    <link:calculationArc order="2" weight="1.0" xlink:arcrole="http://www.xbrl.org/2003/arcrole/summation-item" xlink:from="loc_us-gaap_Assets_a7472967-cd03-4026-8272-b6847518afdc" xlink:to="loc_us-gaap_DeferredIncomeTaxAssetsNet_48b4f4b5-b438-434d-b2e1-ee65a8919dcb" xlink:type="arc"/>
    <link:loc xlink:type="locator" xlink:label="loc_us-gaap_PropertyPlantAndEquipmentNet_7614687a-0d38-4d96-879d-84770386c782" xlink:href="https://xbrl.fasb.org/us-gaap/2024/elts/us-gaap-2024.xsd#us-gaap_PropertyPlantAndEquipmentNet"/>
    <link:calculationArc order="3" weight="1.0" xlink:arcrole="http://www.xbrl.org/2003/arcrole/summation-item" xlink:from="loc_us-gaap_Assets_a7472967-cd03-4026-8272-b6847518afdc" xlink:to="loc_us-gaap_PropertyPlantAndEquipmentNet_7614687a-0d38-4d96-879d-84770386c782" xlink:type="arc"/>
    <link:loc xlink:type="locator" xlink:label="loc_us-gaap_OtherAssetsNoncurrent_e7a86852-2939-4042-971d-42909d23c4d0" xlink:href="https://xbrl.fasb.org/us-gaap/2024/elts/us-gaap-2024.xsd#us-gaap_OtherAssetsNoncurrent"/>
    <link:calculationArc order="4" weight="1.0" xlink:arcrole="http://www.xbrl.org/2003/arcrole/summation-item" xlink:from="loc_us-gaap_Assets_a7472967-cd03-4026-8272-b6847518afdc" xlink:to="loc_us-gaap_OtherAssetsNoncurrent_e7a86852-2939-4042-971d-42909d23c4d0" xlink:type="arc"/>
    <link:loc xlink:type="locator" xlink:label="loc_us-gaap_OperatingLeaseRightOfUseAsset_5bd95bc4-95c2-4308-8f2f-18a27c269d58" xlink:href="https://xbrl.fasb.org/us-gaap/2024/elts/us-gaap-2024.xsd#us-gaap_OperatingLeaseRightOfUseAsset"/>
    <link:calculationArc order="5" weight="1.0" xlink:arcrole="http://www.xbrl.org/2003/arcrole/summation-item" xlink:from="loc_us-gaap_Assets_a7472967-cd03-4026-8272-b6847518afdc" xlink:to="loc_us-gaap_OperatingLeaseRightOfUseAsset_5bd95bc4-95c2-4308-8f2f-18a27c269d58" xlink:type="arc"/>
  </link:calculationLink>
  <link:roleRef roleURI="http://www.gamestop.com/role/CONDENSEDCONSOLIDATEDSTATEMENTSOFOPERATIONS" xlink:type="simple" xlink:href="gme-20240803.xsd#CONDENSEDCONSOLIDATEDSTATEMENTSOFOPERATIONS"/>
  <link:calculationLink xlink:role="http://www.gamestop.com/role/CONDENSEDCONSOLIDATEDSTATEMENTSOFOPERATIONS" xlink:type="extended">
    <link:loc xlink:type="locator" xlink:label="loc_us-gaap_NetIncomeLoss_8f4cf2f3-89b3-4f3c-b639-8ed4a42dbb5f" xlink:href="https://xbrl.fasb.org/us-gaap/2024/elts/us-gaap-2024.xsd#us-gaap_NetIncomeLoss"/>
    <link:loc xlink:type="locator" xlink:label="loc_us-gaap_IncomeLossFromContinuingOperationsBeforeIncomeTaxesExtraordinaryItemsNoncontrollingInterest_23e3890f-4c2f-4d6f-b87e-55b443b5620f" xlink:href="https://xbrl.fasb.org/us-gaap/2024/elts/us-gaap-2024.xsd#us-gaap_IncomeLossFromContinuingOperationsBeforeIncomeTaxesExtraordinaryItemsNoncontrollingInterest"/>
    <link:calculationArc order="1" weight="1.0" xlink:arcrole="http://www.xbrl.org/2003/arcrole/summation-item" xlink:from="loc_us-gaap_NetIncomeLoss_8f4cf2f3-89b3-4f3c-b639-8ed4a42dbb5f" xlink:to="loc_us-gaap_IncomeLossFromContinuingOperationsBeforeIncomeTaxesExtraordinaryItemsNoncontrollingInterest_23e3890f-4c2f-4d6f-b87e-55b443b5620f" xlink:type="arc"/>
    <link:loc xlink:type="locator" xlink:label="loc_us-gaap_IncomeTaxExpenseBenefit_2c461cfc-f95f-42c7-ad4e-817d5b2d7113" xlink:href="https://xbrl.fasb.org/us-gaap/2024/elts/us-gaap-2024.xsd#us-gaap_IncomeTaxExpenseBenefit"/>
    <link:calculationArc order="2" weight="-1.0" xlink:arcrole="http://www.xbrl.org/2003/arcrole/summation-item" xlink:from="loc_us-gaap_NetIncomeLoss_8f4cf2f3-89b3-4f3c-b639-8ed4a42dbb5f" xlink:to="loc_us-gaap_IncomeTaxExpenseBenefit_2c461cfc-f95f-42c7-ad4e-817d5b2d7113" xlink:type="arc"/>
    <link:loc xlink:type="locator" xlink:label="loc_us-gaap_OperatingIncomeLoss_3e13ab3e-f1df-4883-92b7-6a6afe742ef3" xlink:href="https://xbrl.fasb.org/us-gaap/2024/elts/us-gaap-2024.xsd#us-gaap_OperatingIncomeLoss"/>
    <link:loc xlink:type="locator" xlink:label="loc_us-gaap_GrossProfit_1e3b7ea5-c12a-4805-8b04-e75d06c2119e" xlink:href="https://xbrl.fasb.org/us-gaap/2024/elts/us-gaap-2024.xsd#us-gaap_GrossProfit"/>
    <link:calculationArc order="1" weight="1.0" xlink:arcrole="http://www.xbrl.org/2003/arcrole/summation-item" xlink:from="loc_us-gaap_OperatingIncomeLoss_3e13ab3e-f1df-4883-92b7-6a6afe742ef3" xlink:to="loc_us-gaap_GrossProfit_1e3b7ea5-c12a-4805-8b04-e75d06c2119e" xlink:type="arc"/>
    <link:loc xlink:type="locator" xlink:label="loc_us-gaap_SellingGeneralAndAdministrativeExpense_67226fc5-f06a-4fb7-b746-25d3d73b4b20" xlink:href="https://xbrl.fasb.org/us-gaap/2024/elts/us-gaap-2024.xsd#us-gaap_SellingGeneralAndAdministrativeExpense"/>
    <link:calculationArc order="2" weight="-1.0" xlink:arcrole="http://www.xbrl.org/2003/arcrole/summation-item" xlink:from="loc_us-gaap_OperatingIncomeLoss_3e13ab3e-f1df-4883-92b7-6a6afe742ef3" xlink:to="loc_us-gaap_SellingGeneralAndAdministrativeExpense_67226fc5-f06a-4fb7-b746-25d3d73b4b20" xlink:type="arc"/>
    <link:loc xlink:type="locator" xlink:label="loc_us-gaap_IncomeLossFromContinuingOperationsBeforeIncomeTaxesExtraordinaryItemsNoncontrollingInterest_749418a3-2637-475b-afcf-d608a866bf54" xlink:href="https://xbrl.fasb.org/us-gaap/2024/elts/us-gaap-2024.xsd#us-gaap_IncomeLossFromContinuingOperationsBeforeIncomeTaxesExtraordinaryItemsNoncontrollingInterest"/>
    <link:loc xlink:type="locator" xlink:label="loc_us-gaap_OperatingIncomeLoss_2f9e4464-adcb-45e4-8d71-4fe5c795de0e" xlink:href="https://xbrl.fasb.org/us-gaap/2024/elts/us-gaap-2024.xsd#us-gaap_OperatingIncomeLoss"/>
    <link:calculationArc order="1" weight="1.0" xlink:arcrole="http://www.xbrl.org/2003/arcrole/summation-item" xlink:from="loc_us-gaap_IncomeLossFromContinuingOperationsBeforeIncomeTaxesExtraordinaryItemsNoncontrollingInterest_749418a3-2637-475b-afcf-d608a866bf54" xlink:to="loc_us-gaap_OperatingIncomeLoss_2f9e4464-adcb-45e4-8d71-4fe5c795de0e" xlink:type="arc"/>
    <link:loc xlink:type="locator" xlink:label="loc_us-gaap_InterestIncomeExpenseNonoperatingNet_08f66298-c0a8-4453-9872-48dddbbd32c4" xlink:href="https://xbrl.fasb.org/us-gaap/2024/elts/us-gaap-2024.xsd#us-gaap_InterestIncomeExpenseNonoperatingNet"/>
    <link:calculationArc order="2" weight="1.0" xlink:arcrole="http://www.xbrl.org/2003/arcrole/summation-item" xlink:from="loc_us-gaap_IncomeLossFromContinuingOperationsBeforeIncomeTaxesExtraordinaryItemsNoncontrollingInterest_749418a3-2637-475b-afcf-d608a866bf54" xlink:to="loc_us-gaap_InterestIncomeExpenseNonoperatingNet_08f66298-c0a8-4453-9872-48dddbbd32c4" xlink:type="arc"/>
    <link:loc xlink:type="locator" xlink:label="loc_us-gaap_OtherNonoperatingIncomeExpense_6d2f6c7f-292a-45e0-92ba-beb36e97acaf" xlink:href="https://xbrl.fasb.org/us-gaap/2024/elts/us-gaap-2024.xsd#us-gaap_OtherNonoperatingIncomeExpense"/>
    <link:calculationArc order="3" weight="1.0" xlink:arcrole="http://www.xbrl.org/2003/arcrole/summation-item" xlink:from="loc_us-gaap_IncomeLossFromContinuingOperationsBeforeIncomeTaxesExtraordinaryItemsNoncontrollingInterest_749418a3-2637-475b-afcf-d608a866bf54" xlink:to="loc_us-gaap_OtherNonoperatingIncomeExpense_6d2f6c7f-292a-45e0-92ba-beb36e97acaf" xlink:type="arc"/>
    <link:loc xlink:type="locator" xlink:label="loc_us-gaap_GrossProfit_2ebe5276-a235-44cc-9aed-fa85dc25654d" xlink:href="https://xbrl.fasb.org/us-gaap/2024/elts/us-gaap-2024.xsd#us-gaap_GrossProfit"/>
    <link:loc xlink:type="locator" xlink:label="loc_us-gaap_CostOfRevenue_945c4600-4ff8-4085-9714-90d36ca08efa" xlink:href="https://xbrl.fasb.org/us-gaap/2024/elts/us-gaap-2024.xsd#us-gaap_CostOfRevenue"/>
    <link:calculationArc order="1" weight="-1.0" xlink:arcrole="http://www.xbrl.org/2003/arcrole/summation-item" xlink:from="loc_us-gaap_GrossProfit_2ebe5276-a235-44cc-9aed-fa85dc25654d" xlink:to="loc_us-gaap_CostOfRevenue_945c4600-4ff8-4085-9714-90d36ca08efa" xlink:type="arc"/>
    <link:loc xlink:type="locator" xlink:label="loc_us-gaap_Revenues_54920b75-3db6-4bcb-bdcf-02172fcef7cb" xlink:href="https://xbrl.fasb.org/us-gaap/2024/elts/us-gaap-2024.xsd#us-gaap_Revenues"/>
    <link:calculationArc order="2" weight="1.0" xlink:arcrole="http://www.xbrl.org/2003/arcrole/summation-item" xlink:from="loc_us-gaap_GrossProfit_2ebe5276-a235-44cc-9aed-fa85dc25654d" xlink:to="loc_us-gaap_Revenues_54920b75-3db6-4bcb-bdcf-02172fcef7cb" xlink:type="arc"/>
  </link:calculationLink>
  <link:roleRef roleURI="http://www.gamestop.com/role/CONDENSEDCONSOLIDATEDSTATEMENTSOFCOMPREHENSIVEINCOMELOSS" xlink:type="simple" xlink:href="gme-20240803.xsd#CONDENSEDCONSOLIDATEDSTATEMENTSOFCOMPREHENSIVEINCOMELOSS"/>
  <link:calculationLink xlink:role="http://www.gamestop.com/role/CONDENSEDCONSOLIDATEDSTATEMENTSOFCOMPREHENSIVEINCOMELOSS" xlink:type="extended">
    <link:loc xlink:type="locator" xlink:label="loc_us-gaap_ComprehensiveIncomeNetOfTax_fb0c60ac-6512-48bd-8212-52f6b2f58e07" xlink:href="https://xbrl.fasb.org/us-gaap/2024/elts/us-gaap-2024.xsd#us-gaap_ComprehensiveIncomeNetOfTax"/>
    <link:loc xlink:type="locator" xlink:label="loc_us-gaap_NetIncomeLoss_a3444da6-3ad3-4184-a15e-45ae8bf3e493" xlink:href="https://xbrl.fasb.org/us-gaap/2024/elts/us-gaap-2024.xsd#us-gaap_NetIncomeLoss"/>
    <link:calculationArc order="1" weight="1.0" xlink:arcrole="http://www.xbrl.org/2003/arcrole/summation-item" xlink:from="loc_us-gaap_ComprehensiveIncomeNetOfTax_fb0c60ac-6512-48bd-8212-52f6b2f58e07" xlink:to="loc_us-gaap_NetIncomeLoss_a3444da6-3ad3-4184-a15e-45ae8bf3e493" xlink:type="arc"/>
    <link:loc xlink:type="locator" xlink:label="loc_us-gaap_OtherComprehensiveIncomeForeignCurrencyTransactionAndTranslationAdjustmentNetOfTaxPortionAttributableToParent_4adddcd0-ea2d-4b38-b3f3-ace5ad7ff79b" xlink:href="https://xbrl.fasb.org/us-gaap/2024/elts/us-gaap-2024.xsd#us-gaap_OtherComprehensiveIncomeForeignCurrencyTransactionAndTranslationAdjustmentNetOfTaxPortionAttributableToParent"/>
    <link:calculationArc order="2" weight="1.0" xlink:arcrole="http://www.xbrl.org/2003/arcrole/summation-item" xlink:from="loc_us-gaap_ComprehensiveIncomeNetOfTax_fb0c60ac-6512-48bd-8212-52f6b2f58e07" xlink:to="loc_us-gaap_OtherComprehensiveIncomeForeignCurrencyTransactionAndTranslationAdjustmentNetOfTaxPortionAttributableToParent_4adddcd0-ea2d-4b38-b3f3-ace5ad7ff79b" xlink:type="arc"/>
    <link:loc xlink:type="locator" xlink:label="loc_us-gaap_OtherComprehensiveIncomeLossForeignCurrencyTransactionAndTranslationReclassificationAdjustmentFromAOCIRealizedUponSaleOrLiquidationNetOfTax_9caea487-7b15-46fc-89ec-47dfc4fbbcf9" xlink:href="https://xbrl.fasb.org/us-gaap/2024/elts/us-gaap-2024.xsd#us-gaap_OtherComprehensiveIncomeLossForeignCurrencyTransactionAndTranslationReclassificationAdjustmentFromAOCIRealizedUponSaleOrLiquidationNetOfTax"/>
    <link:calculationArc order="3" weight="-1.0" xlink:arcrole="http://www.xbrl.org/2003/arcrole/summation-item" xlink:from="loc_us-gaap_ComprehensiveIncomeNetOfTax_fb0c60ac-6512-48bd-8212-52f6b2f58e07" xlink:to="loc_us-gaap_OtherComprehensiveIncomeLossForeignCurrencyTransactionAndTranslationReclassificationAdjustmentFromAOCIRealizedUponSaleOrLiquidationNetOfTax_9caea487-7b15-46fc-89ec-47dfc4fbbcf9" xlink:type="arc"/>
    <link:loc xlink:type="locator" xlink:label="loc_us-gaap_OtherComprehensiveIncomeAvailableforsaleSecuritiesAdjustmentNetOfTaxPortionAttributableToParent_b7bd5378-fa7c-4206-9c90-00311ec2187f" xlink:href="https://xbrl.fasb.org/us-gaap/2024/elts/us-gaap-2024.xsd#us-gaap_OtherComprehensiveIncomeAvailableforsaleSecuritiesAdjustmentNetOfTaxPortionAttributableToParent"/>
    <link:calculationArc order="4" weight="1.0" xlink:arcrole="http://www.xbrl.org/2003/arcrole/summation-item" xlink:from="loc_us-gaap_ComprehensiveIncomeNetOfTax_fb0c60ac-6512-48bd-8212-52f6b2f58e07" xlink:to="loc_us-gaap_OtherComprehensiveIncomeAvailableforsaleSecuritiesAdjustmentNetOfTaxPortionAttributableToParent_b7bd5378-fa7c-4206-9c90-00311ec2187f" xlink:type="arc"/>
    <link:loc xlink:type="locator" xlink:label="loc_us-gaap_OtherComprehensiveIncomeLossReclassificationAdjustmentFromAOCIForSaleOfSecuritiesNetOfTax_b94deca0-431e-4edf-8fd8-4bb3c59182c2" xlink:href="https://xbrl.fasb.org/us-gaap/2024/elts/us-gaap-2024.xsd#us-gaap_OtherComprehensiveIncomeLossReclassificationAdjustmentFromAOCIForSaleOfSecuritiesNetOfTax"/>
    <link:calculationArc order="5" weight="-1.0" xlink:arcrole="http://www.xbrl.org/2003/arcrole/summation-item" xlink:from="loc_us-gaap_ComprehensiveIncomeNetOfTax_fb0c60ac-6512-48bd-8212-52f6b2f58e07" xlink:to="loc_us-gaap_OtherComprehensiveIncomeLossReclassificationAdjustmentFromAOCIForSaleOfSecuritiesNetOfTax_b94deca0-431e-4edf-8fd8-4bb3c59182c2" xlink:type="arc"/>
  </link:calculationLink>
  <link:roleRef roleURI="http://www.gamestop.com/role/CONDENSEDCONSOLIDATEDSTATEMENTSOFCASHFLOWS" xlink:type="simple" xlink:href="gme-20240803.xsd#CONDENSEDCONSOLIDATEDSTATEMENTSOFCASHFLOWS"/>
  <link:calculationLink xlink:role="http://www.gamestop.com/role/CONDENSEDCONSOLIDATEDSTATEMENTSOFCASHFLOWS" xlink:type="extended">
    <link:loc xlink:type="locator" xlink:label="loc_us-gaap_NetCashProvidedByUsedInOperatingActivities_2c7e4892-67d1-4bca-8461-abfa5ab4edaa" xlink:href="https://xbrl.fasb.org/us-gaap/2024/elts/us-gaap-2024.xsd#us-gaap_NetCashProvidedByUsedInOperatingActivities"/>
    <link:loc xlink:type="locator" xlink:label="loc_us-gaap_IncreaseDecreaseInPrepaidDeferredExpenseAndOtherAssets_ab742ce6-dd30-4966-bf90-79e3e2347bc9" xlink:href="https://xbrl.fasb.org/us-gaap/2024/elts/us-gaap-2024.xsd#us-gaap_IncreaseDecreaseInPrepaidDeferredExpenseAndOtherAssets"/>
    <link:calculationArc order="1" weight="-1.0" xlink:arcrole="http://www.xbrl.org/2003/arcrole/summation-item" xlink:from="loc_us-gaap_NetCashProvidedByUsedInOperatingActivities_2c7e4892-67d1-4bca-8461-abfa5ab4edaa" xlink:to="loc_us-gaap_IncreaseDecreaseInPrepaidDeferredExpenseAndOtherAssets_ab742ce6-dd30-4966-bf90-79e3e2347bc9" xlink:type="arc"/>
    <link:loc xlink:type="locator" xlink:label="loc_us-gaap_OtherOperatingActivitiesCashFlowStatement_824a53c6-0e24-4bfb-a911-3f8abbbdbde4" xlink:href="https://xbrl.fasb.org/us-gaap/2024/elts/us-gaap-2024.xsd#us-gaap_OtherOperatingActivitiesCashFlowStatement"/>
    <link:calculationArc order="2" weight="1.0" xlink:arcrole="http://www.xbrl.org/2003/arcrole/summation-item" xlink:from="loc_us-gaap_NetCashProvidedByUsedInOperatingActivities_2c7e4892-67d1-4bca-8461-abfa5ab4edaa" xlink:to="loc_us-gaap_OtherOperatingActivitiesCashFlowStatement_824a53c6-0e24-4bfb-a911-3f8abbbdbde4" xlink:type="arc"/>
    <link:loc xlink:type="locator" xlink:label="loc_us-gaap_IncreaseDecreaseInAccountsPayableAndAccruedLiabilities_7a7e11fa-620f-4d7c-8026-d28b68603644" xlink:href="https://xbrl.fasb.org/us-gaap/2024/elts/us-gaap-2024.xsd#us-gaap_IncreaseDecreaseInAccountsPayableAndAccruedLiabilities"/>
    <link:calculationArc order="3" weight="1.0" xlink:arcrole="http://www.xbrl.org/2003/arcrole/summation-item" xlink:from="loc_us-gaap_NetCashProvidedByUsedInOperatingActivities_2c7e4892-67d1-4bca-8461-abfa5ab4edaa" xlink:to="loc_us-gaap_IncreaseDecreaseInAccountsPayableAndAccruedLiabilities_7a7e11fa-620f-4d7c-8026-d28b68603644" xlink:type="arc"/>
    <link:loc xlink:type="locator" xlink:label="loc_gme_IncreaseDecreaseInRightOfUseAssetsAndLeaseLiabilities_9be7daff-87c2-41ae-be86-71e1e1241d22" xlink:href="gme-20240803.xsd#gme_IncreaseDecreaseInRightOfUseAssetsAndLeaseLiabilities"/>
    <link:calculationArc order="4" weight="-1.0" xlink:arcrole="http://www.xbrl.org/2003/arcrole/summation-item" xlink:from="loc_us-gaap_NetCashProvidedByUsedInOperatingActivities_2c7e4892-67d1-4bca-8461-abfa5ab4edaa" xlink:to="loc_gme_IncreaseDecreaseInRightOfUseAssetsAndLeaseLiabilities_9be7daff-87c2-41ae-be86-71e1e1241d22" xlink:type="arc"/>
    <link:loc xlink:type="locator" xlink:label="loc_us-gaap_NetIncomeLoss_fa0a5341-b8e8-4401-ab8f-6d26680ec6c2" xlink:href="https://xbrl.fasb.org/us-gaap/2024/elts/us-gaap-2024.xsd#us-gaap_NetIncomeLoss"/>
    <link:calculationArc order="5" weight="1.0" xlink:arcrole="http://www.xbrl.org/2003/arcrole/summation-item" xlink:from="loc_us-gaap_NetCashProvidedByUsedInOperatingActivities_2c7e4892-67d1-4bca-8461-abfa5ab4edaa" xlink:to="loc_us-gaap_NetIncomeLoss_fa0a5341-b8e8-4401-ab8f-6d26680ec6c2" xlink:type="arc"/>
    <link:loc xlink:type="locator" xlink:label="loc_us-gaap_ShareBasedCompensation_d01e7862-d029-471f-8274-2f236bc29959" xlink:href="https://xbrl.fasb.org/us-gaap/2024/elts/us-gaap-2024.xsd#us-gaap_ShareBasedCompensation"/>
    <link:calculationArc order="6" weight="1.0" xlink:arcrole="http://www.xbrl.org/2003/arcrole/summation-item" xlink:from="loc_us-gaap_NetCashProvidedByUsedInOperatingActivities_2c7e4892-67d1-4bca-8461-abfa5ab4edaa" xlink:to="loc_us-gaap_ShareBasedCompensation_d01e7862-d029-471f-8274-2f236bc29959" xlink:type="arc"/>
    <link:loc xlink:type="locator" xlink:label="loc_us-gaap_IncreaseDecreaseInInventories_726d8ee2-1abd-418b-899f-c8529faf0b14" xlink:href="https://xbrl.fasb.org/us-gaap/2024/elts/us-gaap-2024.xsd#us-gaap_IncreaseDecreaseInInventories"/>
    <link:calculationArc order="7" weight="-1.0" xlink:arcrole="http://www.xbrl.org/2003/arcrole/summation-item" xlink:from="loc_us-gaap_NetCashProvidedByUsedInOperatingActivities_2c7e4892-67d1-4bca-8461-abfa5ab4edaa" xlink:to="loc_us-gaap_IncreaseDecreaseInInventories_726d8ee2-1abd-418b-899f-c8529faf0b14" xlink:type="arc"/>
    <link:loc xlink:type="locator" xlink:label="loc_us-gaap_IncreaseDecreaseInOtherNoncurrentLiabilities_4e878103-fe35-4efc-960b-6f5f01e7ba38" xlink:href="https://xbrl.fasb.org/us-gaap/2024/elts/us-gaap-2024.xsd#us-gaap_IncreaseDecreaseInOtherNoncurrentLiabilities"/>
    <link:calculationArc order="8" weight="1.0" xlink:arcrole="http://www.xbrl.org/2003/arcrole/summation-item" xlink:from="loc_us-gaap_NetCashProvidedByUsedInOperatingActivities_2c7e4892-67d1-4bca-8461-abfa5ab4edaa" xlink:to="loc_us-gaap_IncreaseDecreaseInOtherNoncurrentLiabilities_4e878103-fe35-4efc-960b-6f5f01e7ba38" xlink:type="arc"/>
    <link:loc xlink:type="locator" xlink:label="loc_us-gaap_OtherDepreciationAndAmortization_f3045bb9-78e0-494d-8e02-44407eac2e87" xlink:href="https://xbrl.fasb.org/us-gaap/2024/elts/us-gaap-2024.xsd#us-gaap_OtherDepreciationAndAmortization"/>
    <link:calculationArc order="9" weight="1.0" xlink:arcrole="http://www.xbrl.org/2003/arcrole/summation-item" xlink:from="loc_us-gaap_NetCashProvidedByUsedInOperatingActivities_2c7e4892-67d1-4bca-8461-abfa5ab4edaa" xlink:to="loc_us-gaap_OtherDepreciationAndAmortization_f3045bb9-78e0-494d-8e02-44407eac2e87" xlink:type="arc"/>
    <link:loc xlink:type="locator" xlink:label="loc_us-gaap_IncreaseDecreaseInReceivables_1d5a4d0a-9985-446d-b23f-8a78e03b24a8" xlink:href="https://xbrl.fasb.org/us-gaap/2024/elts/us-gaap-2024.xsd#us-gaap_IncreaseDecreaseInReceivables"/>
    <link:calculationArc order="10" weight="-1.0" xlink:arcrole="http://www.xbrl.org/2003/arcrole/summation-item" xlink:from="loc_us-gaap_NetCashProvidedByUsedInOperatingActivities_2c7e4892-67d1-4bca-8461-abfa5ab4edaa" xlink:to="loc_us-gaap_IncreaseDecreaseInReceivables_1d5a4d0a-9985-446d-b23f-8a78e03b24a8" xlink:type="arc"/>
    <link:loc xlink:type="locator" xlink:label="loc_gme_PrepaidIncomeTaxesAndAccruedIncomeTaxesPayable_570e4496-c33d-4bed-a729-4cd573dc84ee" xlink:href="gme-20240803.xsd#gme_PrepaidIncomeTaxesAndAccruedIncomeTaxesPayable"/>
    <link:calculationArc order="11" weight="-1.0" xlink:arcrole="http://www.xbrl.org/2003/arcrole/summation-item" xlink:from="loc_us-gaap_NetCashProvidedByUsedInOperatingActivities_2c7e4892-67d1-4bca-8461-abfa5ab4edaa" xlink:to="loc_gme_PrepaidIncomeTaxesAndAccruedIncomeTaxesPayable_570e4496-c33d-4bed-a729-4cd573dc84ee" xlink:type="arc"/>
    <link:loc xlink:type="locator" xlink:label="loc_us-gaap_GainLossOnSaleOfPropertyPlantEquipment_86a94cca-0933-4b39-b19c-7bdf720b9ca4" xlink:href="https://xbrl.fasb.org/us-gaap/2024/elts/us-gaap-2024.xsd#us-gaap_GainLossOnSaleOfPropertyPlantEquipment"/>
    <link:calculationArc order="12" weight="-1.0" xlink:arcrole="http://www.xbrl.org/2003/arcrole/summation-item" xlink:from="loc_us-gaap_NetCashProvidedByUsedInOperatingActivities_2c7e4892-67d1-4bca-8461-abfa5ab4edaa" xlink:to="loc_us-gaap_GainLossOnSaleOfPropertyPlantEquipment_86a94cca-0933-4b39-b19c-7bdf720b9ca4" xlink:type="arc"/>
    <link:loc xlink:type="locator" xlink:label="loc_us-gaap_NetCashProvidedByUsedInInvestingActivities_157c8bfe-12d8-425c-876f-bd045668554d" xlink:href="https://xbrl.fasb.org/us-gaap/2024/elts/us-gaap-2024.xsd#us-gaap_NetCashProvidedByUsedInInvestingActivities"/>
    <link:loc xlink:type="locator" xlink:label="loc_us-gaap_ProceedsFromSaleOfPropertyPlantAndEquipment_7c2be1ef-e509-442a-b2cb-533118d4f809" xlink:href="https://xbrl.fasb.org/us-gaap/2024/elts/us-gaap-2024.xsd#us-gaap_ProceedsFromSaleOfPropertyPlantAndEquipment"/>
    <link:calculationArc order="1" weight="1.0" xlink:arcrole="http://www.xbrl.org/2003/arcrole/summation-item" xlink:from="loc_us-gaap_NetCashProvidedByUsedInInvestingActivities_157c8bfe-12d8-425c-876f-bd045668554d" xlink:to="loc_us-gaap_ProceedsFromSaleOfPropertyPlantAndEquipment_7c2be1ef-e509-442a-b2cb-533118d4f809" xlink:type="arc"/>
    <link:loc xlink:type="locator" xlink:label="loc_us-gaap_PaymentsToAcquireMarketableSecurities_11adc084-9968-44f6-ad0a-8842339a4e29" xlink:href="https://xbrl.fasb.org/us-gaap/2024/elts/us-gaap-2024.xsd#us-gaap_PaymentsToAcquireMarketableSecurities"/>
    <link:calculationArc order="2" weight="-1.0" xlink:arcrole="http://www.xbrl.org/2003/arcrole/summation-item" xlink:from="loc_us-gaap_NetCashProvidedByUsedInInvestingActivities_157c8bfe-12d8-425c-876f-bd045668554d" xlink:to="loc_us-gaap_PaymentsToAcquireMarketableSecurities_11adc084-9968-44f6-ad0a-8842339a4e29" xlink:type="arc"/>
    <link:loc xlink:type="locator" xlink:label="loc_us-gaap_ProceedsFromSaleAndMaturityOfMarketableSecurities_435e7dbf-9fea-43d6-9f1a-199cc054d445" xlink:href="https://xbrl.fasb.org/us-gaap/2024/elts/us-gaap-2024.xsd#us-gaap_ProceedsFromSaleAndMaturityOfMarketableSecurities"/>
    <link:calculationArc order="3" weight="1.0" xlink:arcrole="http://www.xbrl.org/2003/arcrole/summation-item" xlink:from="loc_us-gaap_NetCashProvidedByUsedInInvestingActivities_157c8bfe-12d8-425c-876f-bd045668554d" xlink:to="loc_us-gaap_ProceedsFromSaleAndMaturityOfMarketableSecurities_435e7dbf-9fea-43d6-9f1a-199cc054d445" xlink:type="arc"/>
    <link:loc xlink:type="locator" xlink:label="loc_us-gaap_ProceedsFromSaleOfOtherAssetsInvestingActivities_3aec0347-4aea-4e41-bba5-c7c46e62c30a" xlink:href="https://xbrl.fasb.org/us-gaap/2024/elts/us-gaap-2024.xsd#us-gaap_ProceedsFromSaleOfOtherAssetsInvestingActivities"/>
    <link:calculationArc order="4" weight="1.0" xlink:arcrole="http://www.xbrl.org/2003/arcrole/summation-item" xlink:from="loc_us-gaap_NetCashProvidedByUsedInInvestingActivities_157c8bfe-12d8-425c-876f-bd045668554d" xlink:to="loc_us-gaap_ProceedsFromSaleOfOtherAssetsInvestingActivities_3aec0347-4aea-4e41-bba5-c7c46e62c30a" xlink:type="arc"/>
    <link:loc xlink:type="locator" xlink:label="loc_us-gaap_PaymentsToAcquirePropertyPlantAndEquipment_0d632e50-cc80-44ce-8357-0dc7a743918f" xlink:href="https://xbrl.fasb.org/us-gaap/2024/elts/us-gaap-2024.xsd#us-gaap_PaymentsToAcquirePropertyPlantAndEquipment"/>
    <link:calculationArc order="5" weight="-1.0" xlink:arcrole="http://www.xbrl.org/2003/arcrole/summation-item" xlink:from="loc_us-gaap_NetCashProvidedByUsedInInvestingActivities_157c8bfe-12d8-425c-876f-bd045668554d" xlink:to="loc_us-gaap_PaymentsToAcquirePropertyPlantAndEquipment_0d632e50-cc80-44ce-8357-0dc7a743918f" xlink:type="arc"/>
    <link:loc xlink:type="locator" xlink:label="loc_us-gaap_CashCashEquivalentsRestrictedCashAndRestrictedCashEquivalentsPeriodIncreaseDecreaseIncludingExchangeRateEffect_6a50fbad-64c7-4478-a17c-e97b682b31bd" xlink:href="https://xbrl.fasb.org/us-gaap/2024/elts/us-gaap-2024.xsd#us-gaap_CashCashEquivalentsRestrictedCashAndRestrictedCashEquivalentsPeriodIncreaseDecreaseIncludingExchangeRateEffect"/>
    <link:loc xlink:type="locator" xlink:label="loc_us-gaap_NetCashProvidedByUsedInFinancingActivities_cbee0721-1c5b-45ce-99b0-0fb4c591869b" xlink:href="https://xbrl.fasb.org/us-gaap/2024/elts/us-gaap-2024.xsd#us-gaap_NetCashProvidedByUsedInFinancingActivities"/>
    <link:calculationArc order="1" weight="1.0" xlink:arcrole="http://www.xbrl.org/2003/arcrole/summation-item" xlink:from="loc_us-gaap_CashCashEquivalentsRestrictedCashAndRestrictedCashEquivalentsPeriodIncreaseDecreaseIncludingExchangeRateEffect_6a50fbad-64c7-4478-a17c-e97b682b31bd" xlink:to="loc_us-gaap_NetCashProvidedByUsedInFinancingActivities_cbee0721-1c5b-45ce-99b0-0fb4c591869b" xlink:type="arc"/>
    <link:loc xlink:type="locator" xlink:label="loc_us-gaap_EffectOfExchangeRateOnCashCashEquivalentsRestrictedCashAndRestrictedCashEquivalents_2e27ee82-0583-4c7d-b80a-98c7f5a6b0df" xlink:href="https://xbrl.fasb.org/us-gaap/2024/elts/us-gaap-2024.xsd#us-gaap_EffectOfExchangeRateOnCashCashEquivalentsRestrictedCashAndRestrictedCashEquivalents"/>
    <link:calculationArc order="2" weight="1.0" xlink:arcrole="http://www.xbrl.org/2003/arcrole/summation-item" xlink:from="loc_us-gaap_CashCashEquivalentsRestrictedCashAndRestrictedCashEquivalentsPeriodIncreaseDecreaseIncludingExchangeRateEffect_6a50fbad-64c7-4478-a17c-e97b682b31bd" xlink:to="loc_us-gaap_EffectOfExchangeRateOnCashCashEquivalentsRestrictedCashAndRestrictedCashEquivalents_2e27ee82-0583-4c7d-b80a-98c7f5a6b0df" xlink:type="arc"/>
    <link:loc xlink:type="locator" xlink:label="loc_us-gaap_NetCashProvidedByUsedInInvestingActivities_28dba14d-21e9-40ae-97a4-4e0c7950165a" xlink:href="https://xbrl.fasb.org/us-gaap/2024/elts/us-gaap-2024.xsd#us-gaap_NetCashProvidedByUsedInInvestingActivities"/>
    <link:calculationArc order="3" weight="1.0" xlink:arcrole="http://www.xbrl.org/2003/arcrole/summation-item" xlink:from="loc_us-gaap_CashCashEquivalentsRestrictedCashAndRestrictedCashEquivalentsPeriodIncreaseDecreaseIncludingExchangeRateEffect_6a50fbad-64c7-4478-a17c-e97b682b31bd" xlink:to="loc_us-gaap_NetCashProvidedByUsedInInvestingActivities_28dba14d-21e9-40ae-97a4-4e0c7950165a" xlink:type="arc"/>
    <link:loc xlink:type="locator" xlink:label="loc_us-gaap_NetCashProvidedByUsedInOperatingActivities_5786ee44-1e53-4c33-9395-c1c6afa0cb72" xlink:href="https://xbrl.fasb.org/us-gaap/2024/elts/us-gaap-2024.xsd#us-gaap_NetCashProvidedByUsedInOperatingActivities"/>
    <link:calculationArc order="4" weight="1.0" xlink:arcrole="http://www.xbrl.org/2003/arcrole/summation-item" xlink:from="loc_us-gaap_CashCashEquivalentsRestrictedCashAndRestrictedCashEquivalentsPeriodIncreaseDecreaseIncludingExchangeRateEffect_6a50fbad-64c7-4478-a17c-e97b682b31bd" xlink:to="loc_us-gaap_NetCashProvidedByUsedInOperatingActivities_5786ee44-1e53-4c33-9395-c1c6afa0cb72" xlink:type="arc"/>
    <link:loc xlink:type="locator" xlink:label="loc_us-gaap_NetCashProvidedByUsedInFinancingActivities_a37f7a31-66d5-481c-9e7e-5f558b48a2e8" xlink:href="https://xbrl.fasb.org/us-gaap/2024/elts/us-gaap-2024.xsd#us-gaap_NetCashProvidedByUsedInFinancingActivities"/>
    <link:loc xlink:type="locator" xlink:label="loc_us-gaap_ProceedsFromIssuanceOfCommonStock_4ee8ca34-d9cf-4ffe-9613-8642c036f943" xlink:href="https://xbrl.fasb.org/us-gaap/2024/elts/us-gaap-2024.xsd#us-gaap_ProceedsFromIssuanceOfCommonStock"/>
    <link:calculationArc order="1" weight="1.0" xlink:arcrole="http://www.xbrl.org/2003/arcrole/summation-item" xlink:from="loc_us-gaap_NetCashProvidedByUsedInFinancingActivities_a37f7a31-66d5-481c-9e7e-5f558b48a2e8" xlink:to="loc_us-gaap_ProceedsFromIssuanceOfCommonStock_4ee8ca34-d9cf-4ffe-9613-8642c036f943" xlink:type="arc"/>
    <link:loc xlink:type="locator" xlink:label="loc_gme_SettlementOfStockBasedAwards_367a80cc-1e8c-4646-8870-5164c69d44ca" xlink:href="gme-20240803.xsd#gme_SettlementOfStockBasedAwards"/>
    <link:calculationArc order="2" weight="-1.0" xlink:arcrole="http://www.xbrl.org/2003/arcrole/summation-item" xlink:from="loc_us-gaap_NetCashProvidedByUsedInFinancingActivities_a37f7a31-66d5-481c-9e7e-5f558b48a2e8" xlink:to="loc_gme_SettlementOfStockBasedAwards_367a80cc-1e8c-4646-8870-5164c69d44ca" xlink:type="arc"/>
    <link:loc xlink:type="locator" xlink:label="loc_us-gaap_RepaymentsOfDebt_2d685901-4f17-4ae1-8e3d-c5c3ff61657b" xlink:href="https://xbrl.fasb.org/us-gaap/2024/elts/us-gaap-2024.xsd#us-gaap_RepaymentsOfDebt"/>
    <link:calculationArc order="3" weight="-1.0" xlink:arcrole="http://www.xbrl.org/2003/arcrole/summation-item" xlink:from="loc_us-gaap_NetCashProvidedByUsedInFinancingActivities_a37f7a31-66d5-481c-9e7e-5f558b48a2e8" xlink:to="loc_us-gaap_RepaymentsOfDebt_2d685901-4f17-4ae1-8e3d-c5c3ff61657b" xlink:type="arc"/>
  </link:calculationLink>
  <link:roleRef roleURI="http://www.gamestop.com/role/SummaryofSignificantAccountingPoliciesCashCashEquivalentsandRestrictedCashDetails" xlink:type="simple" xlink:href="gme-20240803.xsd#SummaryofSignificantAccountingPoliciesCashCashEquivalentsandRestrictedCashDetails"/>
  <link:calculationLink xlink:role="http://www.gamestop.com/role/SummaryofSignificantAccountingPoliciesCashCashEquivalentsandRestrictedCashDetails" xlink:type="extended">
    <link:loc xlink:type="locator" xlink:label="loc_us-gaap_CashCashEquivalentsRestrictedCashAndRestrictedCashEquivalents_7a204968-6e8b-46eb-a796-b0bb064135b0" xlink:href="https://xbrl.fasb.org/us-gaap/2024/elts/us-gaap-2024.xsd#us-gaap_CashCashEquivalentsRestrictedCashAndRestrictedCashEquivalents"/>
    <link:loc xlink:type="locator" xlink:label="loc_us-gaap_CashAndCashEquivalentsAtCarryingValue_ec3f153e-5a45-498c-ae3e-feb5aed9d2af" xlink:href="https://xbrl.fasb.org/us-gaap/2024/elts/us-gaap-2024.xsd#us-gaap_CashAndCashEquivalentsAtCarryingValue"/>
    <link:calculationArc order="1" weight="1.0" xlink:arcrole="http://www.xbrl.org/2003/arcrole/summation-item" xlink:from="loc_us-gaap_CashCashEquivalentsRestrictedCashAndRestrictedCashEquivalents_7a204968-6e8b-46eb-a796-b0bb064135b0" xlink:to="loc_us-gaap_CashAndCashEquivalentsAtCarryingValue_ec3f153e-5a45-498c-ae3e-feb5aed9d2af" xlink:type="arc"/>
    <link:loc xlink:type="locator" xlink:label="loc_us-gaap_RestrictedCashAndCashEquivalentsAtCarryingValue_7b6ebb9b-c636-4699-8137-9b0e28cfe365" xlink:href="https://xbrl.fasb.org/us-gaap/2024/elts/us-gaap-2024.xsd#us-gaap_RestrictedCashAndCashEquivalentsAtCarryingValue"/>
    <link:calculationArc order="2" weight="1.0" xlink:arcrole="http://www.xbrl.org/2003/arcrole/summation-item" xlink:from="loc_us-gaap_CashCashEquivalentsRestrictedCashAndRestrictedCashEquivalents_7a204968-6e8b-46eb-a796-b0bb064135b0" xlink:to="loc_us-gaap_RestrictedCashAndCashEquivalentsAtCarryingValue_7b6ebb9b-c636-4699-8137-9b0e28cfe365" xlink:type="arc"/>
    <link:loc xlink:type="locator" xlink:label="loc_us-gaap_RestrictedCashAndCashEquivalentsNoncurrent_abaa8f1a-e135-4255-b3be-d1a1659c09d8" xlink:href="https://xbrl.fasb.org/us-gaap/2024/elts/us-gaap-2024.xsd#us-gaap_RestrictedCashAndCashEquivalentsNoncurrent"/>
    <link:calculationArc order="3" weight="1.0" xlink:arcrole="http://www.xbrl.org/2003/arcrole/summation-item" xlink:from="loc_us-gaap_CashCashEquivalentsRestrictedCashAndRestrictedCashEquivalents_7a204968-6e8b-46eb-a796-b0bb064135b0" xlink:to="loc_us-gaap_RestrictedCashAndCashEquivalentsNoncurrent_abaa8f1a-e135-4255-b3be-d1a1659c09d8" xlink:type="arc"/>
  </link:calculationLink>
  <link:roleRef roleURI="http://www.gamestop.com/role/FairValueMeasurementsFairValueofAssetsandLiabilitiesMeasuredatFairValueonRecurringBasisDetails" xlink:type="simple" xlink:href="gme-20240803.xsd#FairValueMeasurementsFairValueofAssetsandLiabilitiesMeasuredatFairValueonRecurringBasisDetails"/>
  <link:calculationLink xlink:role="http://www.gamestop.com/role/FairValueMeasurementsFairValueofAssetsandLiabilitiesMeasuredatFairValueonRecurringBasisDetails" xlink:type="extended">
    <link:loc xlink:type="locator" xlink:label="loc_us-gaap_AvailableForSaleDebtSecuritiesAmortizedCostBasis_f74964a8-78a7-42bd-bbc7-6a41d04ebd28" xlink:href="https://xbrl.fasb.org/us-gaap/2024/elts/us-gaap-2024.xsd#us-gaap_AvailableForSaleDebtSecuritiesAmortizedCostBasis"/>
    <link:loc xlink:type="locator" xlink:label="loc_us-gaap_AvailableForSaleSecuritiesDebtSecurities_a381f7ce-fdd1-4875-8064-82b730b192e0" xlink:href="https://xbrl.fasb.org/us-gaap/2024/elts/us-gaap-2024.xsd#us-gaap_AvailableForSaleSecuritiesDebtSecurities"/>
    <link:calculationArc order="1" weight="1.0" xlink:arcrole="http://www.xbrl.org/2003/arcrole/summation-item" xlink:from="loc_us-gaap_AvailableForSaleDebtSecuritiesAmortizedCostBasis_f74964a8-78a7-42bd-bbc7-6a41d04ebd28" xlink:to="loc_us-gaap_AvailableForSaleSecuritiesDebtSecurities_a381f7ce-fdd1-4875-8064-82b730b192e0" xlink:type="arc"/>
    <link:loc xlink:type="locator" xlink:label="loc_us-gaap_AvailableForSaleDebtSecuritiesAccumulatedGrossUnrealizedLossBeforeTax_9bf3d58a-a096-4c28-80ae-ddcd5ee8c858" xlink:href="https://xbrl.fasb.org/us-gaap/2024/elts/us-gaap-2024.xsd#us-gaap_AvailableForSaleDebtSecuritiesAccumulatedGrossUnrealizedLossBeforeTax"/>
    <link:calculationArc order="2" weight="1.0" xlink:arcrole="http://www.xbrl.org/2003/arcrole/summation-item" xlink:from="loc_us-gaap_AvailableForSaleDebtSecuritiesAmortizedCostBasis_f74964a8-78a7-42bd-bbc7-6a41d04ebd28" xlink:to="loc_us-gaap_AvailableForSaleDebtSecuritiesAccumulatedGrossUnrealizedLossBeforeTax_9bf3d58a-a096-4c28-80ae-ddcd5ee8c858" xlink:type="arc"/>
    <link:loc xlink:type="locator" xlink:label="loc_us-gaap_AvailableForSaleDebtSecuritiesAccumulatedGrossUnrealizedGainBeforeTax_cb16d403-3df3-4b09-9e2a-44be91482a0a" xlink:href="https://xbrl.fasb.org/us-gaap/2024/elts/us-gaap-2024.xsd#us-gaap_AvailableForSaleDebtSecuritiesAccumulatedGrossUnrealizedGainBeforeTax"/>
    <link:calculationArc order="3" weight="-1.0" xlink:arcrole="http://www.xbrl.org/2003/arcrole/summation-item" xlink:from="loc_us-gaap_AvailableForSaleDebtSecuritiesAmortizedCostBasis_f74964a8-78a7-42bd-bbc7-6a41d04ebd28" xlink:to="loc_us-gaap_AvailableForSaleDebtSecuritiesAccumulatedGrossUnrealizedGainBeforeTax_cb16d403-3df3-4b09-9e2a-44be91482a0a" xlink:type="arc"/>
    <link:loc xlink:type="locator" xlink:label="loc_us-gaap_LiabilitiesFairValueDisclosure_c0b83186-3857-415f-be90-e29a1a299cfe" xlink:href="https://xbrl.fasb.org/us-gaap/2024/elts/us-gaap-2024.xsd#us-gaap_LiabilitiesFairValueDisclosure"/>
    <link:loc xlink:type="locator" xlink:label="loc_gme_DeferredCompensationPlanLiabilitiesFairValueDisclosure_407cd305-5d96-466c-8f97-b28571ba2188" xlink:href="gme-20240803.xsd#gme_DeferredCompensationPlanLiabilitiesFairValueDisclosure"/>
    <link:calculationArc order="1" weight="1.0" xlink:arcrole="http://www.xbrl.org/2003/arcrole/summation-item" xlink:from="loc_us-gaap_LiabilitiesFairValueDisclosure_c0b83186-3857-415f-be90-e29a1a299cfe" xlink:to="loc_gme_DeferredCompensationPlanLiabilitiesFairValueDisclosure_407cd305-5d96-466c-8f97-b28571ba2188" xlink:type="arc"/>
    <link:loc xlink:type="locator" xlink:label="loc_us-gaap_ForeignCurrencyDerivativeInstrumentsNotDesignatedAsHedgingInstrumentsLiabilityAtFairValue_f81c23b6-0304-47e0-9e9d-b776ce16cddd" xlink:href="https://xbrl.fasb.org/us-gaap/2024/elts/us-gaap-2024.xsd#us-gaap_ForeignCurrencyDerivativeInstrumentsNotDesignatedAsHedgingInstrumentsLiabilityAtFairValue"/>
    <link:calculationArc order="2" weight="1.0" xlink:arcrole="http://www.xbrl.org/2003/arcrole/summation-item" xlink:from="loc_us-gaap_LiabilitiesFairValueDisclosure_c0b83186-3857-415f-be90-e29a1a299cfe" xlink:to="loc_us-gaap_ForeignCurrencyDerivativeInstrumentsNotDesignatedAsHedgingInstrumentsLiabilityAtFairValue_f81c23b6-0304-47e0-9e9d-b776ce16cddd" xlink:type="arc"/>
  </link:calculationLink>
  <link:roleRef roleURI="http://www.gamestop.com/role/EarningsPerShareDetails" xlink:type="simple" xlink:href="gme-20240803.xsd#EarningsPerShareDetails"/>
  <link:calculationLink xlink:role="http://www.gamestop.com/role/EarningsPerShareDetails" xlink:type="extended">
    <link:loc xlink:type="locator" xlink:label="loc_us-gaap_WeightedAverageNumberOfDilutedSharesOutstanding_2b6dedd6-3efb-4e2f-be69-d83205067a00" xlink:href="https://xbrl.fasb.org/us-gaap/2024/elts/us-gaap-2024.xsd#us-gaap_WeightedAverageNumberOfDilutedSharesOutstanding"/>
    <link:loc xlink:type="locator" xlink:label="loc_us-gaap_WeightedAverageNumberDilutedSharesOutstandingAdjustment_95bc90fd-b805-41d1-aa25-fe31dd1d6f0d" xlink:href="https://xbrl.fasb.org/us-gaap/2024/elts/us-gaap-2024.xsd#us-gaap_WeightedAverageNumberDilutedSharesOutstandingAdjustment"/>
    <link:calculationArc order="1" weight="1.0" xlink:arcrole="http://www.xbrl.org/2003/arcrole/summation-item" xlink:from="loc_us-gaap_WeightedAverageNumberOfDilutedSharesOutstanding_2b6dedd6-3efb-4e2f-be69-d83205067a00" xlink:to="loc_us-gaap_WeightedAverageNumberDilutedSharesOutstandingAdjustment_95bc90fd-b805-41d1-aa25-fe31dd1d6f0d" xlink:type="arc"/>
    <link:loc xlink:type="locator" xlink:label="loc_us-gaap_WeightedAverageNumberOfSharesOutstandingBasic_dc9cbfc0-c613-4f98-8e58-244cb3fbde68" xlink:href="https://xbrl.fasb.org/us-gaap/2024/elts/us-gaap-2024.xsd#us-gaap_WeightedAverageNumberOfSharesOutstandingBasic"/>
    <link:calculationArc order="2" weight="1.0" xlink:arcrole="http://www.xbrl.org/2003/arcrole/summation-item" xlink:from="loc_us-gaap_WeightedAverageNumberOfDilutedSharesOutstanding_2b6dedd6-3efb-4e2f-be69-d83205067a00" xlink:to="loc_us-gaap_WeightedAverageNumberOfSharesOutstandingBasic_dc9cbfc0-c613-4f98-8e58-244cb3fbde68" xlink:type="arc"/>
  </link:calculationLink>
</link:linkbase>
