<?xml version="1.0" encoding="US-ASCII" standalone="no"?>
    <!-- Field: Doc-Info; Name: Generator; Value: GoFiler Complete; Version: 6.1a -->
    <!-- Field: Doc-Info; Name: VendorURI; Value: https://www.novaworks.com -->
    <!-- Field: Doc-Info; Name: Status; Value: 0x00000000 -->
<link:linkbase xmlns:xsi="http://www.w3.org/2001/XMLSchema-instance" xmlns:xlink="http://www.w3.org/1999/xlink" xmlns:link="http://www.xbrl.org/2003/linkbase" xmlns:xbrli="http://www.xbrl.org/2003/instance" xsi:schemaLocation="http://www.xbrl.org/2003/linkbase http://www.xbrl.org/2003/xbrl-linkbase-2003-12-31.xsd">
    <link:roleRef xlink:type="simple" xlink:href="dbgi-20250630.xsd#Cover" roleURI="http://ir.digitalbrandsgroup.co/role/Cover" />
    <link:roleRef xlink:type="simple" xlink:href="dbgi-20250630.xsd#BalanceSheets" roleURI="http://ir.digitalbrandsgroup.co/role/BalanceSheets" />
    <link:roleRef xlink:type="simple" xlink:href="dbgi-20250630.xsd#BalanceSheetsParenthetical" roleURI="http://ir.digitalbrandsgroup.co/role/BalanceSheetsParenthetical" />
    <link:roleRef xlink:type="simple" xlink:href="dbgi-20250630.xsd#StatementsOfOperations" roleURI="http://ir.digitalbrandsgroup.co/role/StatementsOfOperations" />
    <link:roleRef xlink:type="simple" xlink:href="dbgi-20250630.xsd#StatementsOfStockholdersEquityDeficit" roleURI="http://ir.digitalbrandsgroup.co/role/StatementsOfStockholdersEquityDeficit" />
    <link:roleRef xlink:type="simple" xlink:href="dbgi-20250630.xsd#StatementsOfCashFlows" roleURI="http://ir.digitalbrandsgroup.co/role/StatementsOfCashFlows" />
    <link:roleRef xlink:type="simple" xlink:href="dbgi-20250630.xsd#NatureOfOperations" roleURI="http://ir.digitalbrandsgroup.co/role/NatureOfOperations" />
    <link:roleRef xlink:type="simple" xlink:href="dbgi-20250630.xsd#GoingConcernConsiderations" roleURI="http://ir.digitalbrandsgroup.co/role/GoingConcernConsiderations" />
    <link:roleRef xlink:type="simple" xlink:href="dbgi-20250630.xsd#SummaryOfSignificantAccountingPolicies" roleURI="http://ir.digitalbrandsgroup.co/role/SummaryOfSignificantAccountingPolicies" />
    <link:roleRef xlink:type="simple" xlink:href="dbgi-20250630.xsd#DueFromFactor" roleURI="http://ir.digitalbrandsgroup.co/role/DueFromFactor" />
    <link:roleRef xlink:type="simple" xlink:href="dbgi-20250630.xsd#CertainAssets" roleURI="http://ir.digitalbrandsgroup.co/role/CertainAssets" />
    <link:roleRef xlink:type="simple" xlink:href="dbgi-20250630.xsd#LiabilitiesAndDebt" roleURI="http://ir.digitalbrandsgroup.co/role/LiabilitiesAndDebt" />
    <link:roleRef xlink:type="simple" xlink:href="dbgi-20250630.xsd#StockholdersEquityDeficit" roleURI="http://ir.digitalbrandsgroup.co/role/StockholdersEquityDeficit" />
    <link:roleRef xlink:type="simple" xlink:href="dbgi-20250630.xsd#RelatedPartyTransactions" roleURI="http://ir.digitalbrandsgroup.co/role/RelatedPartyTransactions" />
    <link:roleRef xlink:type="simple" xlink:href="dbgi-20250630.xsd#Share-basedPayments" roleURI="http://ir.digitalbrandsgroup.co/role/Share-basedPayments" />
    <link:roleRef xlink:type="simple" xlink:href="dbgi-20250630.xsd#LeaseObligations" roleURI="http://ir.digitalbrandsgroup.co/role/LeaseObligations" />
    <link:roleRef xlink:type="simple" xlink:href="dbgi-20250630.xsd#Contingencies" roleURI="http://ir.digitalbrandsgroup.co/role/Contingencies" />
    <link:roleRef xlink:type="simple" xlink:href="dbgi-20250630.xsd#IncomeTaxes" roleURI="http://ir.digitalbrandsgroup.co/role/IncomeTaxes" />
    <link:roleRef xlink:type="simple" xlink:href="dbgi-20250630.xsd#SubsequentEvents" roleURI="http://ir.digitalbrandsgroup.co/role/SubsequentEvents" />
    <link:roleRef xlink:type="simple" xlink:href="dbgi-20250630.xsd#SummaryOfSignificantAccountingPoliciesPolicies" roleURI="http://ir.digitalbrandsgroup.co/role/SummaryOfSignificantAccountingPoliciesPolicies" />
    <link:roleRef xlink:type="simple" xlink:href="dbgi-20250630.xsd#SummaryOfSignificantAccountingPoliciesTables" roleURI="http://ir.digitalbrandsgroup.co/role/SummaryOfSignificantAccountingPoliciesTables" />
    <link:roleRef xlink:type="simple" xlink:href="dbgi-20250630.xsd#DueFromFactorTables" roleURI="http://ir.digitalbrandsgroup.co/role/DueFromFactorTables" />
    <link:roleRef xlink:type="simple" xlink:href="dbgi-20250630.xsd#CertainAssetsTables" roleURI="http://ir.digitalbrandsgroup.co/role/CertainAssetsTables" />
    <link:roleRef xlink:type="simple" xlink:href="dbgi-20250630.xsd#LiabilitiesAndDebtTables" roleURI="http://ir.digitalbrandsgroup.co/role/LiabilitiesAndDebtTables" />
    <link:roleRef xlink:type="simple" xlink:href="dbgi-20250630.xsd#Share-basedPaymentsTables" roleURI="http://ir.digitalbrandsgroup.co/role/Share-basedPaymentsTables" />
    <link:roleRef xlink:type="simple" xlink:href="dbgi-20250630.xsd#SubsequentEventsTables" roleURI="http://ir.digitalbrandsgroup.co/role/SubsequentEventsTables" />
    <link:roleRef xlink:type="simple" xlink:href="dbgi-20250630.xsd#NatureOfOperationsDetailsNarrative" roleURI="http://ir.digitalbrandsgroup.co/role/NatureOfOperationsDetailsNarrative" />
    <link:roleRef xlink:type="simple" xlink:href="dbgi-20250630.xsd#GoingConcernConsiderationsDetailsNarrative" roleURI="http://ir.digitalbrandsgroup.co/role/GoingConcernConsiderationsDetailsNarrative" />
    <link:roleRef xlink:type="simple" xlink:href="dbgi-20250630.xsd#ScheduleOfInventoryDetails" roleURI="http://ir.digitalbrandsgroup.co/role/ScheduleOfInventoryDetails" />
    <link:roleRef xlink:type="simple" xlink:href="dbgi-20250630.xsd#ScheduleOfFinite-livedIntangibleAssetsAcquiredAsPartOfBusinessCombinationDetails" roleURI="http://ir.digitalbrandsgroup.co/role/ScheduleOfFinite-livedIntangibleAssetsAcquiredAsPartOfBusinessCombinationDetails" />
    <link:roleRef xlink:type="simple" xlink:href="dbgi-20250630.xsd#ScheduleOfPotentiallyDilutiveItemsOutstandingDetails" roleURI="http://ir.digitalbrandsgroup.co/role/ScheduleOfPotentiallyDilutiveItemsOutstandingDetails" />
    <link:roleRef xlink:type="simple" xlink:href="dbgi-20250630.xsd#SummaryOfSignificantAccountingPoliciesDetailsNarrative" roleURI="http://ir.digitalbrandsgroup.co/role/SummaryOfSignificantAccountingPoliciesDetailsNarrative" />
    <link:roleRef xlink:type="simple" xlink:href="dbgi-20250630.xsd#ScheduleOfDueToFromFactorDetails" roleURI="http://ir.digitalbrandsgroup.co/role/ScheduleOfDueToFromFactorDetails" />
    <link:roleRef xlink:type="simple" xlink:href="dbgi-20250630.xsd#DueFromFactorDetailsNarrative" roleURI="http://ir.digitalbrandsgroup.co/role/DueFromFactorDetailsNarrative" />
    <link:roleRef xlink:type="simple" xlink:href="dbgi-20250630.xsd#ScheduleOfGoodwillAttributableToEachBusinessCombinationDetails" roleURI="http://ir.digitalbrandsgroup.co/role/ScheduleOfGoodwillAttributableToEachBusinessCombinationDetails" />
    <link:roleRef xlink:type="simple" xlink:href="dbgi-20250630.xsd#ScheduleOfInformationRelatingToCompanysIdentifiableIntangibleAssetsDetails" roleURI="http://ir.digitalbrandsgroup.co/role/ScheduleOfInformationRelatingToCompanysIdentifiableIntangibleAssetsDetails" />
    <link:roleRef xlink:type="simple" xlink:href="dbgi-20250630.xsd#CertainAssetsDetailsNarrative" roleURI="http://ir.digitalbrandsgroup.co/role/CertainAssetsDetailsNarrative" />
    <link:roleRef xlink:type="simple" xlink:href="dbgi-20250630.xsd#ScheduleOfAccruedExpensesAndOtherLiabilitiesDetails" roleURI="http://ir.digitalbrandsgroup.co/role/ScheduleOfAccruedExpensesAndOtherLiabilitiesDetails" />
    <link:roleRef xlink:type="simple" xlink:href="dbgi-20250630.xsd#ScheduleOfMerchantAdvancesDetails" roleURI="http://ir.digitalbrandsgroup.co/role/ScheduleOfMerchantAdvancesDetails" />
    <link:roleRef xlink:type="simple" xlink:href="dbgi-20250630.xsd#LiabilitiesAndDebtDetailsNarrative" roleURI="http://ir.digitalbrandsgroup.co/role/LiabilitiesAndDebtDetailsNarrative" />
    <link:roleRef xlink:type="simple" xlink:href="dbgi-20250630.xsd#StockholdersEquityDeficitDetailsNarrative" roleURI="http://ir.digitalbrandsgroup.co/role/StockholdersEquityDeficitDetailsNarrative" />
    <link:roleRef xlink:type="simple" xlink:href="dbgi-20250630.xsd#RelatedPartyTransactionsDetailsNarrative" roleURI="http://ir.digitalbrandsgroup.co/role/RelatedPartyTransactionsDetailsNarrative" />
    <link:roleRef xlink:type="simple" xlink:href="dbgi-20250630.xsd#ScheduleOfInformationRelatedToCommonStockWarrantsDetails" roleURI="http://ir.digitalbrandsgroup.co/role/ScheduleOfInformationRelatedToCommonStockWarrantsDetails" />
    <link:roleRef xlink:type="simple" xlink:href="dbgi-20250630.xsd#Share-basedPaymentsDetailsNarrative" roleURI="http://ir.digitalbrandsgroup.co/role/Share-basedPaymentsDetailsNarrative" />
    <link:roleRef xlink:type="simple" xlink:href="dbgi-20250630.xsd#LeaseObligationsDetailsNarrative" roleURI="http://ir.digitalbrandsgroup.co/role/LeaseObligationsDetailsNarrative" />
    <link:roleRef xlink:type="simple" xlink:href="dbgi-20250630.xsd#ContingenciesDetailsNarrative" roleURI="http://ir.digitalbrandsgroup.co/role/ContingenciesDetailsNarrative" />
    <link:roleRef xlink:type="simple" xlink:href="dbgi-20250630.xsd#ScheduleOfProFormaCondensedBalanceSheetDetails" roleURI="http://ir.digitalbrandsgroup.co/role/ScheduleOfProFormaCondensedBalanceSheetDetails" />
    <link:roleRef xlink:type="simple" xlink:href="dbgi-20250630.xsd#SubsequentEventsDetailsNarrative" roleURI="http://ir.digitalbrandsgroup.co/role/SubsequentEventsDetailsNarrative" />
    <link:calculationLink xlink:type="extended" xlink:role="http://ir.digitalbrandsgroup.co/role/Cover" xlink:title="00000001 - Document - Cover" />
    <link:calculationLink xlink:type="extended" xlink:role="http://ir.digitalbrandsgroup.co/role/BalanceSheets" xlink:title="00000002 - Statement - Condensed Consolidated Balance Sheets (Unaudited)">
      <link:loc xlink:type="locator" xlink:href="https://xbrl.fasb.org/us-gaap/2025/elts/us-gaap-2025.xsd#us-gaap_AssetsCurrent" xlink:label="loc_us-gaapAssetsCurrent" />
      <link:loc xlink:type="locator" xlink:href="https://xbrl.fasb.org/us-gaap/2025/elts/us-gaap-2025.xsd#us-gaap_CashAndCashEquivalentsAtCarryingValue" xlink:label="loc_us-gaapCashAndCashEquivalentsAtCarryingValue" />
      <link:calculationArc order="1" xlink:arcrole="http://www.xbrl.org/2003/arcrole/summation-item" xlink:from="loc_us-gaapAssetsCurrent" xlink:to="loc_us-gaapCashAndCashEquivalentsAtCarryingValue" xlink:type="arc" weight="1" />
      <link:loc xlink:type="locator" xlink:href="https://xbrl.fasb.org/us-gaap/2025/elts/us-gaap-2025.xsd#us-gaap_AccountsAndOtherReceivablesNetCurrent" xlink:label="loc_us-gaapAccountsAndOtherReceivablesNetCurrent" />
      <link:calculationArc order="2" xlink:arcrole="http://www.xbrl.org/2003/arcrole/summation-item" xlink:from="loc_us-gaapAssetsCurrent" xlink:to="loc_us-gaapAccountsAndOtherReceivablesNetCurrent" xlink:type="arc" weight="1" />
      <link:loc xlink:type="locator" xlink:href="https://xbrl.fasb.org/us-gaap/2025/elts/us-gaap-2025.xsd#us-gaap_OtherAssetsCurrent" xlink:label="loc_us-gaapOtherAssetsCurrent" />
      <link:calculationArc order="3" xlink:arcrole="http://www.xbrl.org/2003/arcrole/summation-item" xlink:from="loc_us-gaapAssetsCurrent" xlink:to="loc_us-gaapOtherAssetsCurrent" xlink:type="arc" weight="1" />
      <link:loc xlink:type="locator" xlink:href="https://xbrl.fasb.org/us-gaap/2025/elts/us-gaap-2025.xsd#us-gaap_InventoryNet" xlink:label="loc_us-gaapInventoryNet" />
      <link:calculationArc order="4" xlink:arcrole="http://www.xbrl.org/2003/arcrole/summation-item" xlink:from="loc_us-gaapAssetsCurrent" xlink:to="loc_us-gaapInventoryNet" xlink:type="arc" weight="1" />
      <link:loc xlink:type="locator" xlink:href="https://xbrl.fasb.org/us-gaap/2025/elts/us-gaap-2025.xsd#us-gaap_PrepaidExpenseCurrent" xlink:label="loc_us-gaapPrepaidExpenseCurrent" />
      <link:calculationArc order="5" xlink:arcrole="http://www.xbrl.org/2003/arcrole/summation-item" xlink:from="loc_us-gaapAssetsCurrent" xlink:to="loc_us-gaapPrepaidExpenseCurrent" xlink:type="arc" weight="1" />
      <link:loc xlink:type="locator" xlink:href="https://xbrl.fasb.org/us-gaap/2025/elts/us-gaap-2025.xsd#us-gaap_Assets" xlink:label="loc_us-gaapAssets" />
      <link:calculationArc order="1" xlink:arcrole="http://www.xbrl.org/2003/arcrole/summation-item" xlink:from="loc_us-gaapAssets" xlink:to="loc_us-gaapAssetsCurrent" xlink:type="arc" weight="1" />
      <link:loc xlink:type="locator" xlink:href="https://xbrl.fasb.org/us-gaap/2025/elts/us-gaap-2025.xsd#us-gaap_PropertyPlantAndEquipmentNet" xlink:label="loc_us-gaapPropertyPlantAndEquipmentNet" />
      <link:calculationArc order="2" xlink:arcrole="http://www.xbrl.org/2003/arcrole/summation-item" xlink:from="loc_us-gaapAssets" xlink:to="loc_us-gaapPropertyPlantAndEquipmentNet" xlink:type="arc" weight="1" />
      <link:loc xlink:type="locator" xlink:href="https://xbrl.fasb.org/us-gaap/2025/elts/us-gaap-2025.xsd#us-gaap_Goodwill" xlink:label="loc_us-gaapGoodwill" />
      <link:calculationArc order="3" xlink:arcrole="http://www.xbrl.org/2003/arcrole/summation-item" xlink:from="loc_us-gaapAssets" xlink:to="loc_us-gaapGoodwill" xlink:type="arc" weight="1" />
      <link:loc xlink:type="locator" xlink:href="https://xbrl.fasb.org/us-gaap/2025/elts/us-gaap-2025.xsd#us-gaap_IntangibleAssetsNetExcludingGoodwill" xlink:label="loc_us-gaapIntangibleAssetsNetExcludingGoodwill" />
      <link:calculationArc order="4" xlink:arcrole="http://www.xbrl.org/2003/arcrole/summation-item" xlink:from="loc_us-gaapAssets" xlink:to="loc_us-gaapIntangibleAssetsNetExcludingGoodwill" xlink:type="arc" weight="1" />
      <link:loc xlink:type="locator" xlink:href="https://xbrl.fasb.org/us-gaap/2025/elts/us-gaap-2025.xsd#us-gaap_DepositAssets" xlink:label="loc_us-gaapDepositAssets" />
      <link:calculationArc order="5" xlink:arcrole="http://www.xbrl.org/2003/arcrole/summation-item" xlink:from="loc_us-gaapAssets" xlink:to="loc_us-gaapDepositAssets" xlink:type="arc" weight="1" />
      <link:loc xlink:type="locator" xlink:href="https://xbrl.fasb.org/us-gaap/2025/elts/us-gaap-2025.xsd#us-gaap_PrepaidExpenseNoncurrent" xlink:label="loc_us-gaapPrepaidExpenseNoncurrent" />
      <link:calculationArc order="6" xlink:arcrole="http://www.xbrl.org/2003/arcrole/summation-item" xlink:from="loc_us-gaapAssets" xlink:to="loc_us-gaapPrepaidExpenseNoncurrent" xlink:type="arc" weight="1" />
      <link:loc xlink:type="locator" xlink:href="https://xbrl.fasb.org/us-gaap/2025/elts/us-gaap-2025.xsd#us-gaap_LiabilitiesCurrent" xlink:label="loc_us-gaapLiabilitiesCurrent" />
      <link:loc xlink:type="locator" xlink:href="https://xbrl.fasb.org/us-gaap/2025/elts/us-gaap-2025.xsd#us-gaap_AccountsPayableCurrent" xlink:label="loc_us-gaapAccountsPayableCurrent" />
      <link:calculationArc order="1" xlink:arcrole="http://www.xbrl.org/2003/arcrole/summation-item" xlink:from="loc_us-gaapLiabilitiesCurrent" xlink:to="loc_us-gaapAccountsPayableCurrent" xlink:type="arc" weight="1" />
      <link:loc xlink:type="locator" xlink:href="https://xbrl.fasb.org/us-gaap/2025/elts/us-gaap-2025.xsd#us-gaap_AccruedLiabilitiesAndOtherLiabilities" xlink:label="loc_us-gaapAccruedLiabilitiesAndOtherLiabilities" />
      <link:calculationArc order="2" xlink:arcrole="http://www.xbrl.org/2003/arcrole/summation-item" xlink:from="loc_us-gaapLiabilitiesCurrent" xlink:to="loc_us-gaapAccruedLiabilitiesAndOtherLiabilities" xlink:type="arc" weight="1" />
      <link:loc xlink:type="locator" xlink:href="https://xbrl.fasb.org/us-gaap/2025/elts/us-gaap-2025.xsd#us-gaap_OtherLiabilitiesCurrent" xlink:label="loc_us-gaapOtherLiabilitiesCurrent" />
      <link:calculationArc order="3" xlink:arcrole="http://www.xbrl.org/2003/arcrole/summation-item" xlink:from="loc_us-gaapLiabilitiesCurrent" xlink:to="loc_us-gaapOtherLiabilitiesCurrent" xlink:type="arc" weight="1" />
      <link:loc xlink:type="locator" xlink:href="https://xbrl.fasb.org/us-gaap/2025/elts/us-gaap-2025.xsd#us-gaap_ConvertibleDebtCurrent" xlink:label="loc_us-gaapConvertibleDebtCurrent" />
      <link:calculationArc order="4" xlink:arcrole="http://www.xbrl.org/2003/arcrole/summation-item" xlink:from="loc_us-gaapLiabilitiesCurrent" xlink:to="loc_us-gaapConvertibleDebtCurrent" xlink:type="arc" weight="1" />
      <link:loc xlink:type="locator" xlink:href="https://xbrl.fasb.org/us-gaap/2025/elts/us-gaap-2025.xsd#us-gaap_InterestPayableCurrent" xlink:label="loc_us-gaapInterestPayableCurrent" />
      <link:calculationArc order="5" xlink:arcrole="http://www.xbrl.org/2003/arcrole/summation-item" xlink:from="loc_us-gaapLiabilitiesCurrent" xlink:to="loc_us-gaapInterestPayableCurrent" xlink:type="arc" weight="1" />
      <link:loc xlink:type="locator" xlink:href="https://xbrl.fasb.org/us-gaap/2025/elts/us-gaap-2025.xsd#us-gaap_LoansPayableCurrent" xlink:label="loc_us-gaapLoansPayableCurrent" />
      <link:calculationArc order="6" xlink:arcrole="http://www.xbrl.org/2003/arcrole/summation-item" xlink:from="loc_us-gaapLiabilitiesCurrent" xlink:to="loc_us-gaapLoansPayableCurrent" xlink:type="arc" weight="1" />
      <link:loc xlink:type="locator" xlink:href="https://xbrl.fasb.org/us-gaap/2025/elts/us-gaap-2025.xsd#us-gaap_NotesPayableCurrent" xlink:label="loc_us-gaapNotesPayableCurrent" />
      <link:calculationArc order="7" xlink:arcrole="http://www.xbrl.org/2003/arcrole/summation-item" xlink:from="loc_us-gaapLiabilitiesCurrent" xlink:to="loc_us-gaapNotesPayableCurrent" xlink:type="arc" weight="1" />
      <link:loc xlink:type="locator" xlink:href="https://xbrl.fasb.org/us-gaap/2025/elts/us-gaap-2025.xsd#us-gaap_Liabilities" xlink:label="loc_us-gaapLiabilities" />
      <link:calculationArc order="1" xlink:arcrole="http://www.xbrl.org/2003/arcrole/summation-item" xlink:from="loc_us-gaapLiabilities" xlink:to="loc_us-gaapLiabilitiesCurrent" xlink:type="arc" weight="1" />
      <link:loc xlink:type="locator" xlink:href="https://xbrl.fasb.org/us-gaap/2025/elts/us-gaap-2025.xsd#us-gaap_LongTermLoansPayable" xlink:label="loc_us-gaapLongTermLoansPayable" />
      <link:calculationArc order="2" xlink:arcrole="http://www.xbrl.org/2003/arcrole/summation-item" xlink:from="loc_us-gaapLiabilities" xlink:to="loc_us-gaapLongTermLoansPayable" xlink:type="arc" weight="1" />
      <link:loc xlink:type="locator" xlink:href="https://xbrl.fasb.org/us-gaap/2025/elts/us-gaap-2025.xsd#us-gaap_DeferredIncomeTaxLiabilitiesNet" xlink:label="loc_us-gaapDeferredIncomeTaxLiabilitiesNet" />
      <link:calculationArc order="3" xlink:arcrole="http://www.xbrl.org/2003/arcrole/summation-item" xlink:from="loc_us-gaapLiabilities" xlink:to="loc_us-gaapDeferredIncomeTaxLiabilitiesNet" xlink:type="arc" weight="1" />
      <link:loc xlink:type="locator" xlink:href="https://xbrl.fasb.org/us-gaap/2025/elts/us-gaap-2025.xsd#us-gaap_StockholdersEquity" xlink:label="loc_us-gaapStockholdersEquity" />
      <link:loc xlink:type="locator" xlink:href="https://xbrl.fasb.org/us-gaap/2025/elts/us-gaap-2025.xsd#us-gaap_PreferredStockValue" xlink:label="loc_us-gaapPreferredStockValue" />
      <link:calculationArc order="1" xlink:arcrole="http://www.xbrl.org/2003/arcrole/summation-item" xlink:from="loc_us-gaapStockholdersEquity" xlink:to="loc_us-gaapPreferredStockValue" xlink:type="arc" weight="1" />
      <link:loc xlink:type="locator" xlink:href="https://xbrl.fasb.org/us-gaap/2025/elts/us-gaap-2025.xsd#us-gaap_CommonStockValue" xlink:label="loc_us-gaapCommonStockValue" />
      <link:calculationArc order="2" xlink:arcrole="http://www.xbrl.org/2003/arcrole/summation-item" xlink:from="loc_us-gaapStockholdersEquity" xlink:to="loc_us-gaapCommonStockValue" xlink:type="arc" weight="1" />
      <link:loc xlink:type="locator" xlink:href="https://xbrl.fasb.org/us-gaap/2025/elts/us-gaap-2025.xsd#us-gaap_AdditionalPaidInCapital" xlink:label="loc_us-gaapAdditionalPaidInCapital" />
      <link:calculationArc order="3" xlink:arcrole="http://www.xbrl.org/2003/arcrole/summation-item" xlink:from="loc_us-gaapStockholdersEquity" xlink:to="loc_us-gaapAdditionalPaidInCapital" xlink:type="arc" weight="1" />
      <link:loc xlink:type="locator" xlink:href="https://xbrl.fasb.org/us-gaap/2025/elts/us-gaap-2025.xsd#us-gaap_RetainedEarningsAccumulatedDeficit" xlink:label="loc_us-gaapRetainedEarningsAccumulatedDeficit" />
      <link:calculationArc order="4" xlink:arcrole="http://www.xbrl.org/2003/arcrole/summation-item" xlink:from="loc_us-gaapStockholdersEquity" xlink:to="loc_us-gaapRetainedEarningsAccumulatedDeficit" xlink:type="arc" weight="1" />
      <link:loc xlink:type="locator" xlink:href="https://xbrl.fasb.org/us-gaap/2025/elts/us-gaap-2025.xsd#us-gaap_LiabilitiesAndStockholdersEquity" xlink:label="loc_us-gaapLiabilitiesAndStockholdersEquity" />
      <link:calculationArc order="1" xlink:arcrole="http://www.xbrl.org/2003/arcrole/summation-item" xlink:from="loc_us-gaapLiabilitiesAndStockholdersEquity" xlink:to="loc_us-gaapLiabilities" xlink:type="arc" weight="1" />
      <link:loc xlink:type="locator" xlink:href="https://xbrl.fasb.org/us-gaap/2025/elts/us-gaap-2025.xsd#us-gaap_CommitmentsAndContingencies" xlink:label="loc_us-gaapCommitmentsAndContingencies" />
      <link:calculationArc order="2" xlink:arcrole="http://www.xbrl.org/2003/arcrole/summation-item" xlink:from="loc_us-gaapLiabilitiesAndStockholdersEquity" xlink:to="loc_us-gaapCommitmentsAndContingencies" xlink:type="arc" weight="1" />
      <link:calculationArc order="3" xlink:arcrole="http://www.xbrl.org/2003/arcrole/summation-item" xlink:from="loc_us-gaapLiabilitiesAndStockholdersEquity" xlink:to="loc_us-gaapStockholdersEquity" xlink:type="arc" weight="1" />
    </link:calculationLink>
    <link:calculationLink xlink:type="extended" xlink:role="http://ir.digitalbrandsgroup.co/role/BalanceSheetsParenthetical" xlink:title="00000003 - Statement - Condensed Consolidated Balance Sheets (Unaudited) (Parenthetical)" />
    <link:calculationLink xlink:type="extended" xlink:role="http://ir.digitalbrandsgroup.co/role/StatementsOfOperations" xlink:title="00000004 - Statement - Condensed Consolidated Statements of Operations (Unaudited)">
      <link:loc xlink:type="locator" xlink:href="https://xbrl.fasb.org/us-gaap/2025/elts/us-gaap-2025.xsd#us-gaap_GrossProfit" xlink:label="loc_us-gaapGrossProfit" />
      <link:loc xlink:type="locator" xlink:href="https://xbrl.fasb.org/us-gaap/2025/elts/us-gaap-2025.xsd#us-gaap_RevenueFromContractWithCustomerExcludingAssessedTax" xlink:label="loc_us-gaapRevenueFromContractWithCustomerExcludingAssessedTax" />
      <link:calculationArc order="1" xlink:arcrole="http://www.xbrl.org/2003/arcrole/summation-item" xlink:from="loc_us-gaapGrossProfit" xlink:to="loc_us-gaapRevenueFromContractWithCustomerExcludingAssessedTax" xlink:type="arc" weight="1" />
      <link:loc xlink:type="locator" xlink:href="https://xbrl.fasb.org/us-gaap/2025/elts/us-gaap-2025.xsd#us-gaap_CostOfRevenue" xlink:label="loc_us-gaapCostOfRevenue" />
      <link:calculationArc order="2" xlink:arcrole="http://www.xbrl.org/2003/arcrole/summation-item" xlink:from="loc_us-gaapGrossProfit" xlink:to="loc_us-gaapCostOfRevenue" xlink:type="arc" weight="-1" />
      <link:loc xlink:type="locator" xlink:href="https://xbrl.fasb.org/us-gaap/2025/elts/us-gaap-2025.xsd#us-gaap_OperatingExpenses" xlink:label="loc_us-gaapOperatingExpenses" />
      <link:loc xlink:type="locator" xlink:href="https://xbrl.fasb.org/us-gaap/2025/elts/us-gaap-2025.xsd#us-gaap_SellingGeneralAndAdministrativeExpense" xlink:label="loc_us-gaapSellingGeneralAndAdministrativeExpense" />
      <link:calculationArc order="1" xlink:arcrole="http://www.xbrl.org/2003/arcrole/summation-item" xlink:from="loc_us-gaapOperatingExpenses" xlink:to="loc_us-gaapSellingGeneralAndAdministrativeExpense" xlink:type="arc" weight="1" />
      <link:loc xlink:type="locator" xlink:href="https://xbrl.fasb.org/us-gaap/2025/elts/us-gaap-2025.xsd#us-gaap_SellingAndMarketingExpense" xlink:label="loc_us-gaapSellingAndMarketingExpense" />
      <link:calculationArc order="2" xlink:arcrole="http://www.xbrl.org/2003/arcrole/summation-item" xlink:from="loc_us-gaapOperatingExpenses" xlink:to="loc_us-gaapSellingAndMarketingExpense" xlink:type="arc" weight="1" />
      <link:loc xlink:type="locator" xlink:href="dbgi-20250630.xsd#DBGI_DistributionExpenses" xlink:label="loc_DBGIDistributionExpenses" />
      <link:calculationArc order="3" xlink:arcrole="http://www.xbrl.org/2003/arcrole/summation-item" xlink:from="loc_us-gaapOperatingExpenses" xlink:to="loc_DBGIDistributionExpenses" xlink:type="arc" weight="1" />
      <link:loc xlink:type="locator" xlink:href="https://xbrl.fasb.org/us-gaap/2025/elts/us-gaap-2025.xsd#us-gaap_OperatingIncomeLoss" xlink:label="loc_us-gaapOperatingIncomeLoss" />
      <link:calculationArc order="1" xlink:arcrole="http://www.xbrl.org/2003/arcrole/summation-item" xlink:from="loc_us-gaapOperatingIncomeLoss" xlink:to="loc_us-gaapGrossProfit" xlink:type="arc" weight="1" />
      <link:calculationArc order="2" xlink:arcrole="http://www.xbrl.org/2003/arcrole/summation-item" xlink:from="loc_us-gaapOperatingIncomeLoss" xlink:to="loc_us-gaapOperatingExpenses" xlink:type="arc" weight="-1" />
      <link:loc xlink:type="locator" xlink:href="https://xbrl.fasb.org/us-gaap/2025/elts/us-gaap-2025.xsd#us-gaap_NonoperatingIncomeExpense" xlink:label="loc_us-gaapNonoperatingIncomeExpense" />
      <link:loc xlink:type="locator" xlink:href="https://xbrl.fasb.org/us-gaap/2025/elts/us-gaap-2025.xsd#us-gaap_InterestExpenseNonoperating" xlink:label="loc_us-gaapInterestExpenseNonoperating" />
      <link:calculationArc order="1" xlink:arcrole="http://www.xbrl.org/2003/arcrole/summation-item" xlink:from="loc_us-gaapNonoperatingIncomeExpense" xlink:to="loc_us-gaapInterestExpenseNonoperating" xlink:type="arc" weight="-1" />
      <link:loc xlink:type="locator" xlink:href="https://xbrl.fasb.org/us-gaap/2025/elts/us-gaap-2025.xsd#us-gaap_OtherNonoperatingIncomeExpense" xlink:label="loc_us-gaapOtherNonoperatingIncomeExpense" />
      <link:calculationArc order="2" xlink:arcrole="http://www.xbrl.org/2003/arcrole/summation-item" xlink:from="loc_us-gaapNonoperatingIncomeExpense" xlink:to="loc_us-gaapOtherNonoperatingIncomeExpense" xlink:type="arc" weight="1" />
      <link:loc xlink:type="locator" xlink:href="https://xbrl.fasb.org/us-gaap/2025/elts/us-gaap-2025.xsd#us-gaap_IncomeLossFromContinuingOperationsIncludingPortionAttributableToNoncontrollingInterest" xlink:label="loc_us-gaapIncomeLossFromContinuingOperationsIncludingPortionAttributableToNoncontrollingInterest" />
      <link:calculationArc order="1" xlink:arcrole="http://www.xbrl.org/2003/arcrole/summation-item" xlink:from="loc_us-gaapIncomeLossFromContinuingOperationsIncludingPortionAttributableToNoncontrollingInterest" xlink:to="loc_us-gaapOperatingIncomeLoss" xlink:type="arc" weight="1" />
      <link:calculationArc order="2" xlink:arcrole="http://www.xbrl.org/2003/arcrole/summation-item" xlink:from="loc_us-gaapIncomeLossFromContinuingOperationsIncludingPortionAttributableToNoncontrollingInterest" xlink:to="loc_us-gaapNonoperatingIncomeExpense" xlink:type="arc" weight="1" />
      <link:loc xlink:type="locator" xlink:href="https://xbrl.fasb.org/us-gaap/2025/elts/us-gaap-2025.xsd#us-gaap_IncomeTaxExpenseBenefit" xlink:label="loc_us-gaapIncomeTaxExpenseBenefit" />
      <link:calculationArc order="3" xlink:arcrole="http://www.xbrl.org/2003/arcrole/summation-item" xlink:from="loc_us-gaapIncomeLossFromContinuingOperationsIncludingPortionAttributableToNoncontrollingInterest" xlink:to="loc_us-gaapIncomeTaxExpenseBenefit" xlink:type="arc" weight="-1" />
      <link:loc xlink:type="locator" xlink:href="https://xbrl.fasb.org/us-gaap/2025/elts/us-gaap-2025.xsd#us-gaap_NetIncomeLoss" xlink:label="loc_us-gaapNetIncomeLoss" />
      <link:calculationArc order="1" xlink:arcrole="http://www.xbrl.org/2003/arcrole/summation-item" xlink:from="loc_us-gaapNetIncomeLoss" xlink:to="loc_us-gaapIncomeLossFromContinuingOperationsIncludingPortionAttributableToNoncontrollingInterest" xlink:type="arc" weight="1" />
    </link:calculationLink>
    <link:calculationLink xlink:type="extended" xlink:role="http://ir.digitalbrandsgroup.co/role/StatementsOfStockholdersEquityDeficit" xlink:title="00000005 - Statement - Condensed Consolidated Statements of Stockholders&apos; Equity (Deficit) (Unaudited)" />
    <link:calculationLink xlink:type="extended" xlink:role="http://ir.digitalbrandsgroup.co/role/StatementsOfCashFlows" xlink:title="00000006 - Statement - Condensed Consolidated Statements of Cash Flows (Unaudited)">
      <link:loc xlink:type="locator" xlink:href="https://xbrl.fasb.org/us-gaap/2025/elts/us-gaap-2025.xsd#us-gaap_NetCashProvidedByUsedInOperatingActivities" xlink:label="loc_us-gaapNetCashProvidedByUsedInOperatingActivities" />
      <link:loc xlink:type="locator" xlink:href="https://xbrl.fasb.org/us-gaap/2025/elts/us-gaap-2025.xsd#us-gaap_NetIncomeLoss" xlink:label="loc_us-gaapNetIncomeLoss" />
      <link:calculationArc order="1" xlink:arcrole="http://www.xbrl.org/2003/arcrole/summation-item" xlink:from="loc_us-gaapNetCashProvidedByUsedInOperatingActivities" xlink:to="loc_us-gaapNetIncomeLoss" xlink:type="arc" weight="1" />
      <link:loc xlink:type="locator" xlink:href="https://xbrl.fasb.org/us-gaap/2025/elts/us-gaap-2025.xsd#us-gaap_DepreciationDepletionAndAmortization" xlink:label="loc_us-gaapDepreciationDepletionAndAmortization" />
      <link:calculationArc order="2" xlink:arcrole="http://www.xbrl.org/2003/arcrole/summation-item" xlink:from="loc_us-gaapNetCashProvidedByUsedInOperatingActivities" xlink:to="loc_us-gaapDepreciationDepletionAndAmortization" xlink:type="arc" weight="1" />
      <link:loc xlink:type="locator" xlink:href="https://xbrl.fasb.org/us-gaap/2025/elts/us-gaap-2025.xsd#us-gaap_AmortizationOfFinancingCostsAndDiscounts" xlink:label="loc_us-gaapAmortizationOfFinancingCostsAndDiscounts" />
      <link:calculationArc order="3" xlink:arcrole="http://www.xbrl.org/2003/arcrole/summation-item" xlink:from="loc_us-gaapNetCashProvidedByUsedInOperatingActivities" xlink:to="loc_us-gaapAmortizationOfFinancingCostsAndDiscounts" xlink:type="arc" weight="1" />
      <link:loc xlink:type="locator" xlink:href="https://xbrl.fasb.org/us-gaap/2025/elts/us-gaap-2025.xsd#us-gaap_ShareBasedCompensation" xlink:label="loc_us-gaapShareBasedCompensation" />
      <link:calculationArc order="4" xlink:arcrole="http://www.xbrl.org/2003/arcrole/summation-item" xlink:from="loc_us-gaapNetCashProvidedByUsedInOperatingActivities" xlink:to="loc_us-gaapShareBasedCompensation" xlink:type="arc" weight="1" />
      <link:loc xlink:type="locator" xlink:href="https://xbrl.fasb.org/us-gaap/2025/elts/us-gaap-2025.xsd#us-gaap_IssuanceOfStockAndWarrantsForServicesOrClaims" xlink:label="loc_us-gaapIssuanceOfStockAndWarrantsForServicesOrClaims" />
      <link:calculationArc order="5" xlink:arcrole="http://www.xbrl.org/2003/arcrole/summation-item" xlink:from="loc_us-gaapNetCashProvidedByUsedInOperatingActivities" xlink:to="loc_us-gaapIssuanceOfStockAndWarrantsForServicesOrClaims" xlink:type="arc" weight="1" />
      <link:loc xlink:type="locator" xlink:href="dbgi-20250630.xsd#DBGI_ChangeInCreditReserve" xlink:label="loc_DBGIChangeInCreditReserve" />
      <link:calculationArc order="6" xlink:arcrole="http://www.xbrl.org/2003/arcrole/summation-item" xlink:from="loc_us-gaapNetCashProvidedByUsedInOperatingActivities" xlink:to="loc_DBGIChangeInCreditReserve" xlink:type="arc" weight="-1" />
      <link:loc xlink:type="locator" xlink:href="https://xbrl.fasb.org/us-gaap/2025/elts/us-gaap-2025.xsd#us-gaap_OtherNoncashExpense" xlink:label="loc_us-gaapOtherNoncashExpense" />
      <link:calculationArc order="7" xlink:arcrole="http://www.xbrl.org/2003/arcrole/summation-item" xlink:from="loc_us-gaapNetCashProvidedByUsedInOperatingActivities" xlink:to="loc_us-gaapOtherNoncashExpense" xlink:type="arc" weight="1" />
      <link:loc xlink:type="locator" xlink:href="https://xbrl.fasb.org/us-gaap/2025/elts/us-gaap-2025.xsd#us-gaap_IncreaseDecreaseInAccountsReceivable" xlink:label="loc_us-gaapIncreaseDecreaseInAccountsReceivable" />
      <link:calculationArc order="8" xlink:arcrole="http://www.xbrl.org/2003/arcrole/summation-item" xlink:from="loc_us-gaapNetCashProvidedByUsedInOperatingActivities" xlink:to="loc_us-gaapIncreaseDecreaseInAccountsReceivable" xlink:type="arc" weight="-1" />
      <link:loc xlink:type="locator" xlink:href="https://xbrl.fasb.org/us-gaap/2025/elts/us-gaap-2025.xsd#us-gaap_IncreaseDecreaseInDueFromRelatedPartiesCurrent" xlink:label="loc_us-gaapIncreaseDecreaseInDueFromRelatedPartiesCurrent" />
      <link:calculationArc order="9" xlink:arcrole="http://www.xbrl.org/2003/arcrole/summation-item" xlink:from="loc_us-gaapNetCashProvidedByUsedInOperatingActivities" xlink:to="loc_us-gaapIncreaseDecreaseInDueFromRelatedPartiesCurrent" xlink:type="arc" weight="-1" />
      <link:loc xlink:type="locator" xlink:href="https://xbrl.fasb.org/us-gaap/2025/elts/us-gaap-2025.xsd#us-gaap_IncreaseDecreaseInInventories" xlink:label="loc_us-gaapIncreaseDecreaseInInventories" />
      <link:calculationArc order="10" xlink:arcrole="http://www.xbrl.org/2003/arcrole/summation-item" xlink:from="loc_us-gaapNetCashProvidedByUsedInOperatingActivities" xlink:to="loc_us-gaapIncreaseDecreaseInInventories" xlink:type="arc" weight="-1" />
      <link:loc xlink:type="locator" xlink:href="https://xbrl.fasb.org/us-gaap/2025/elts/us-gaap-2025.xsd#us-gaap_IncreaseDecreaseInPrepaidExpense" xlink:label="loc_us-gaapIncreaseDecreaseInPrepaidExpense" />
      <link:calculationArc order="11" xlink:arcrole="http://www.xbrl.org/2003/arcrole/summation-item" xlink:from="loc_us-gaapNetCashProvidedByUsedInOperatingActivities" xlink:to="loc_us-gaapIncreaseDecreaseInPrepaidExpense" xlink:type="arc" weight="-1" />
      <link:loc xlink:type="locator" xlink:href="dbgi-20250630.xsd#DBGI_IncreaseDecreaseInPrepaidExpensesnoncurrent" xlink:label="loc_DBGIIncreaseDecreaseInPrepaidExpensesnoncurrent" />
      <link:calculationArc order="12" xlink:arcrole="http://www.xbrl.org/2003/arcrole/summation-item" xlink:from="loc_us-gaapNetCashProvidedByUsedInOperatingActivities" xlink:to="loc_DBGIIncreaseDecreaseInPrepaidExpensesnoncurrent" xlink:type="arc" weight="-1" />
      <link:loc xlink:type="locator" xlink:href="https://xbrl.fasb.org/us-gaap/2025/elts/us-gaap-2025.xsd#us-gaap_IncreaseDecreaseInAccountsPayableTrade" xlink:label="loc_us-gaapIncreaseDecreaseInAccountsPayableTrade" />
      <link:calculationArc order="13" xlink:arcrole="http://www.xbrl.org/2003/arcrole/summation-item" xlink:from="loc_us-gaapNetCashProvidedByUsedInOperatingActivities" xlink:to="loc_us-gaapIncreaseDecreaseInAccountsPayableTrade" xlink:type="arc" weight="1" />
      <link:loc xlink:type="locator" xlink:href="https://xbrl.fasb.org/us-gaap/2025/elts/us-gaap-2025.xsd#us-gaap_IncreaseDecreaseInAccruedLiabilitiesAndOtherOperatingLiabilities" xlink:label="loc_us-gaapIncreaseDecreaseInAccruedLiabilitiesAndOtherOperatingLiabilities" />
      <link:calculationArc order="14" xlink:arcrole="http://www.xbrl.org/2003/arcrole/summation-item" xlink:from="loc_us-gaapNetCashProvidedByUsedInOperatingActivities" xlink:to="loc_us-gaapIncreaseDecreaseInAccruedLiabilitiesAndOtherOperatingLiabilities" xlink:type="arc" weight="1" />
      <link:loc xlink:type="locator" xlink:href="https://xbrl.fasb.org/us-gaap/2025/elts/us-gaap-2025.xsd#us-gaap_IncreaseDecreaseInInterestPayableNet" xlink:label="loc_us-gaapIncreaseDecreaseInInterestPayableNet" />
      <link:calculationArc order="15" xlink:arcrole="http://www.xbrl.org/2003/arcrole/summation-item" xlink:from="loc_us-gaapNetCashProvidedByUsedInOperatingActivities" xlink:to="loc_us-gaapIncreaseDecreaseInInterestPayableNet" xlink:type="arc" weight="1" />
      <link:loc xlink:type="locator" xlink:href="https://xbrl.fasb.org/us-gaap/2025/elts/us-gaap-2025.xsd#us-gaap_IncreaseDecreaseInOperatingLeaseLiability" xlink:label="loc_us-gaapIncreaseDecreaseInOperatingLeaseLiability" />
      <link:calculationArc order="16" xlink:arcrole="http://www.xbrl.org/2003/arcrole/summation-item" xlink:from="loc_us-gaapNetCashProvidedByUsedInOperatingActivities" xlink:to="loc_us-gaapIncreaseDecreaseInOperatingLeaseLiability" xlink:type="arc" weight="1" />
      <link:loc xlink:type="locator" xlink:href="https://xbrl.fasb.org/us-gaap/2025/elts/us-gaap-2025.xsd#us-gaap_IncreaseDecreaseInSecurityDeposits" xlink:label="loc_us-gaapIncreaseDecreaseInSecurityDeposits" />
      <link:calculationArc order="17" xlink:arcrole="http://www.xbrl.org/2003/arcrole/summation-item" xlink:from="loc_us-gaapNetCashProvidedByUsedInOperatingActivities" xlink:to="loc_us-gaapIncreaseDecreaseInSecurityDeposits" xlink:type="arc" weight="1" />
      <link:loc xlink:type="locator" xlink:href="https://xbrl.fasb.org/us-gaap/2025/elts/us-gaap-2025.xsd#us-gaap_NetCashProvidedByUsedInFinancingActivities" xlink:label="loc_us-gaapNetCashProvidedByUsedInFinancingActivities" />
      <link:loc xlink:type="locator" xlink:href="dbgi-20250630.xsd#DBGI_DueToRelatedParties" xlink:label="loc_DBGIDueToRelatedParties" />
      <link:calculationArc order="1" xlink:arcrole="http://www.xbrl.org/2003/arcrole/summation-item" xlink:from="loc_us-gaapNetCashProvidedByUsedInFinancingActivities" xlink:to="loc_DBGIDueToRelatedParties" xlink:type="arc" weight="-1" />
      <link:loc xlink:type="locator" xlink:href="dbgi-20250630.xsd#DBGI_ProceedsFromIssuanceOfLoansAndNotesPayable" xlink:label="loc_DBGIProceedsFromIssuanceOfLoansAndNotesPayable" />
      <link:calculationArc order="2" xlink:arcrole="http://www.xbrl.org/2003/arcrole/summation-item" xlink:from="loc_us-gaapNetCashProvidedByUsedInFinancingActivities" xlink:to="loc_DBGIProceedsFromIssuanceOfLoansAndNotesPayable" xlink:type="arc" weight="1" />
      <link:loc xlink:type="locator" xlink:href="https://xbrl.fasb.org/us-gaap/2025/elts/us-gaap-2025.xsd#us-gaap_RepaymentsOfConvertibleDebt" xlink:label="loc_us-gaapRepaymentsOfConvertibleDebt" />
      <link:calculationArc order="3" xlink:arcrole="http://www.xbrl.org/2003/arcrole/summation-item" xlink:from="loc_us-gaapNetCashProvidedByUsedInFinancingActivities" xlink:to="loc_us-gaapRepaymentsOfConvertibleDebt" xlink:type="arc" weight="-1" />
      <link:loc xlink:type="locator" xlink:href="dbgi-20250630.xsd#DBGI_ProceedsFromIssuanceOfCommonStockAndPrefundedWarrantsPursuantToPrivatePlacementOffering" xlink:label="loc_DBGIProceedsFromIssuanceOfCommonStockAndPrefundedWarrantsPursuantToPrivatePlacementOffering" />
      <link:calculationArc order="4" xlink:arcrole="http://www.xbrl.org/2003/arcrole/summation-item" xlink:from="loc_us-gaapNetCashProvidedByUsedInFinancingActivities" xlink:to="loc_DBGIProceedsFromIssuanceOfCommonStockAndPrefundedWarrantsPursuantToPrivatePlacementOffering" xlink:type="arc" weight="1" />
      <link:loc xlink:type="locator" xlink:href="https://xbrl.fasb.org/us-gaap/2025/elts/us-gaap-2025.xsd#us-gaap_ProceedsFromIssuanceOfCommonStock" xlink:label="loc_us-gaapProceedsFromIssuanceOfCommonStock" />
      <link:calculationArc order="5" xlink:arcrole="http://www.xbrl.org/2003/arcrole/summation-item" xlink:from="loc_us-gaapNetCashProvidedByUsedInFinancingActivities" xlink:to="loc_us-gaapProceedsFromIssuanceOfCommonStock" xlink:type="arc" weight="1" />
      <link:loc xlink:type="locator" xlink:href="https://xbrl.fasb.org/us-gaap/2025/elts/us-gaap-2025.xsd#us-gaap_CashCashEquivalentsRestrictedCashAndRestrictedCashEquivalentsPeriodIncreaseDecreaseExcludingExchangeRateEffect" xlink:label="loc_us-gaapCashCashEquivalentsRestrictedCashAndRestrictedCashEquivalentsPeriodIncreaseDecreaseExcludingExchangeRateEffect" />
      <link:calculationArc order="1" xlink:arcrole="http://www.xbrl.org/2003/arcrole/summation-item" xlink:from="loc_us-gaapCashCashEquivalentsRestrictedCashAndRestrictedCashEquivalentsPeriodIncreaseDecreaseExcludingExchangeRateEffect" xlink:to="loc_us-gaapNetCashProvidedByUsedInOperatingActivities" xlink:type="arc" weight="1" />
      <link:loc xlink:type="locator" xlink:href="https://xbrl.fasb.org/us-gaap/2025/elts/us-gaap-2025.xsd#us-gaap_NetCashProvidedByUsedInInvestingActivities" xlink:label="loc_us-gaapNetCashProvidedByUsedInInvestingActivities" />
      <link:calculationArc order="2" xlink:arcrole="http://www.xbrl.org/2003/arcrole/summation-item" xlink:from="loc_us-gaapCashCashEquivalentsRestrictedCashAndRestrictedCashEquivalentsPeriodIncreaseDecreaseExcludingExchangeRateEffect" xlink:to="loc_us-gaapNetCashProvidedByUsedInInvestingActivities" xlink:type="arc" weight="1" />
      <link:calculationArc order="3" xlink:arcrole="http://www.xbrl.org/2003/arcrole/summation-item" xlink:from="loc_us-gaapCashCashEquivalentsRestrictedCashAndRestrictedCashEquivalentsPeriodIncreaseDecreaseExcludingExchangeRateEffect" xlink:to="loc_us-gaapNetCashProvidedByUsedInFinancingActivities" xlink:type="arc" weight="1" />
    </link:calculationLink>
    <link:calculationLink xlink:type="extended" xlink:role="http://ir.digitalbrandsgroup.co/role/NatureOfOperations" xlink:title="999012 - Disclosure - NATURE OF OPERATIONS" />
    <link:calculationLink xlink:type="extended" xlink:role="http://ir.digitalbrandsgroup.co/role/GoingConcernConsiderations" xlink:title="999013 - Disclosure - GOING CONCERN CONSIDERATIONS" />
    <link:calculationLink xlink:type="extended" xlink:role="http://ir.digitalbrandsgroup.co/role/SummaryOfSignificantAccountingPolicies" xlink:title="999014 - Disclosure - SUMMARY OF SIGNIFICANT ACCOUNTING POLICIES" />
    <link:calculationLink xlink:type="extended" xlink:role="http://ir.digitalbrandsgroup.co/role/DueFromFactor" xlink:title="999015 - Disclosure - DUE FROM FACTOR" />
    <link:calculationLink xlink:type="extended" xlink:role="http://ir.digitalbrandsgroup.co/role/CertainAssets" xlink:title="999016 - Disclosure - CERTAIN ASSETS" />
    <link:calculationLink xlink:type="extended" xlink:role="http://ir.digitalbrandsgroup.co/role/LiabilitiesAndDebt" xlink:title="999017 - Disclosure - LIABILITIES AND DEBT" />
    <link:calculationLink xlink:type="extended" xlink:role="http://ir.digitalbrandsgroup.co/role/StockholdersEquityDeficit" xlink:title="999018 - Disclosure - STOCKHOLDERS&#8217; EQUITY (DEFICIT)" />
    <link:calculationLink xlink:type="extended" xlink:role="http://ir.digitalbrandsgroup.co/role/RelatedPartyTransactions" xlink:title="999019 - Disclosure - RELATED PARTY TRANSACTIONS" />
    <link:calculationLink xlink:type="extended" xlink:role="http://ir.digitalbrandsgroup.co/role/Share-basedPayments" xlink:title="999020 - Disclosure - SHARE-BASED PAYMENTS" />
    <link:calculationLink xlink:type="extended" xlink:role="http://ir.digitalbrandsgroup.co/role/LeaseObligations" xlink:title="999021 - Disclosure - LEASE OBLIGATIONS" />
    <link:calculationLink xlink:type="extended" xlink:role="http://ir.digitalbrandsgroup.co/role/Contingencies" xlink:title="999022 - Disclosure - CONTINGENCIES" />
    <link:calculationLink xlink:type="extended" xlink:role="http://ir.digitalbrandsgroup.co/role/IncomeTaxes" xlink:title="999023 - Disclosure - INCOME TAXES" />
    <link:calculationLink xlink:type="extended" xlink:role="http://ir.digitalbrandsgroup.co/role/SubsequentEvents" xlink:title="999024 - Disclosure - SUBSEQUENT EVENTS" />
    <link:calculationLink xlink:type="extended" xlink:role="http://ir.digitalbrandsgroup.co/role/SummaryOfSignificantAccountingPoliciesPolicies" xlink:title="999025 - Disclosure - SUMMARY OF SIGNIFICANT ACCOUNTING POLICIES (Policies)" />
    <link:calculationLink xlink:type="extended" xlink:role="http://ir.digitalbrandsgroup.co/role/SummaryOfSignificantAccountingPoliciesTables" xlink:title="999026 - Disclosure - SUMMARY OF SIGNIFICANT ACCOUNTING POLICIES (Tables)" />
    <link:calculationLink xlink:type="extended" xlink:role="http://ir.digitalbrandsgroup.co/role/DueFromFactorTables" xlink:title="999027 - Disclosure - DUE FROM FACTOR (Tables)" />
    <link:calculationLink xlink:type="extended" xlink:role="http://ir.digitalbrandsgroup.co/role/CertainAssetsTables" xlink:title="999028 - Disclosure - CERTAIN ASSETS (Tables)" />
    <link:calculationLink xlink:type="extended" xlink:role="http://ir.digitalbrandsgroup.co/role/LiabilitiesAndDebtTables" xlink:title="999029 - Disclosure - LIABILITIES AND DEBT (Tables)" />
    <link:calculationLink xlink:type="extended" xlink:role="http://ir.digitalbrandsgroup.co/role/Share-basedPaymentsTables" xlink:title="999030 - Disclosure - SHARE-BASED PAYMENTS (Tables)" />
    <link:calculationLink xlink:type="extended" xlink:role="http://ir.digitalbrandsgroup.co/role/SubsequentEventsTables" xlink:title="999031 - Disclosure - SUBSEQUENT EVENTS (Tables)" />
    <link:calculationLink xlink:type="extended" xlink:role="http://ir.digitalbrandsgroup.co/role/NatureOfOperationsDetailsNarrative" xlink:title="999032 - Disclosure - NATURE OF OPERATIONS (Details Narrative)" />
    <link:calculationLink xlink:type="extended" xlink:role="http://ir.digitalbrandsgroup.co/role/GoingConcernConsiderationsDetailsNarrative" xlink:title="999033 - Disclosure - GOING CONCERN CONSIDERATIONS (Details Narrative)" />
    <link:calculationLink xlink:type="extended" xlink:role="http://ir.digitalbrandsgroup.co/role/ScheduleOfInventoryDetails" xlink:title="999034 - Disclosure - SCHEDULE OF INVENTORY (Details)">
      <link:loc xlink:type="locator" xlink:href="https://xbrl.fasb.org/us-gaap/2025/elts/us-gaap-2025.xsd#us-gaap_InventoryNet" xlink:label="loc_us-gaapInventoryNet" />
      <link:loc xlink:type="locator" xlink:href="https://xbrl.fasb.org/us-gaap/2025/elts/us-gaap-2025.xsd#us-gaap_InventoryRawMaterials" xlink:label="loc_us-gaapInventoryRawMaterials" />
      <link:calculationArc order="1" xlink:arcrole="http://www.xbrl.org/2003/arcrole/summation-item" xlink:from="loc_us-gaapInventoryNet" xlink:to="loc_us-gaapInventoryRawMaterials" xlink:type="arc" weight="1" />
      <link:loc xlink:type="locator" xlink:href="https://xbrl.fasb.org/us-gaap/2025/elts/us-gaap-2025.xsd#us-gaap_InventoryWorkInProcess" xlink:label="loc_us-gaapInventoryWorkInProcess" />
      <link:calculationArc order="2" xlink:arcrole="http://www.xbrl.org/2003/arcrole/summation-item" xlink:from="loc_us-gaapInventoryNet" xlink:to="loc_us-gaapInventoryWorkInProcess" xlink:type="arc" weight="1" />
      <link:loc xlink:type="locator" xlink:href="https://xbrl.fasb.org/us-gaap/2025/elts/us-gaap-2025.xsd#us-gaap_InventoryFinishedGoods" xlink:label="loc_us-gaapInventoryFinishedGoods" />
      <link:calculationArc order="3" xlink:arcrole="http://www.xbrl.org/2003/arcrole/summation-item" xlink:from="loc_us-gaapInventoryNet" xlink:to="loc_us-gaapInventoryFinishedGoods" xlink:type="arc" weight="1" />
    </link:calculationLink>
    <link:calculationLink xlink:type="extended" xlink:role="http://ir.digitalbrandsgroup.co/role/ScheduleOfFinite-livedIntangibleAssetsAcquiredAsPartOfBusinessCombinationDetails" xlink:title="999035 - Disclosure - SCHEDULE OF FINITE-LIVED INTANGIBLE ASSETS ACQUIRED AS PART OF BUSINESS COMBINATION (Details)" />
    <link:calculationLink xlink:type="extended" xlink:role="http://ir.digitalbrandsgroup.co/role/ScheduleOfPotentiallyDilutiveItemsOutstandingDetails" xlink:title="999036 - Disclosure - SCHEDULE OF POTENTIALLY DILUTIVE ITEMS OUTSTANDING (Details)" />
    <link:calculationLink xlink:type="extended" xlink:role="http://ir.digitalbrandsgroup.co/role/SummaryOfSignificantAccountingPoliciesDetailsNarrative" xlink:title="999037 - Disclosure - SUMMARY OF SIGNIFICANT ACCOUNTING POLICIES (Details Narrative)" />
    <link:calculationLink xlink:type="extended" xlink:role="http://ir.digitalbrandsgroup.co/role/ScheduleOfDueToFromFactorDetails" xlink:title="999038 - Disclosure - SCHEDULE OF DUE TO/ FROM FACTOR (Details)">
      <link:loc xlink:type="locator" xlink:href="https://xbrl.fasb.org/us-gaap/2025/elts/us-gaap-2025.xsd#us-gaap_OtherAssetsCurrent" xlink:label="loc_us-gaapOtherAssetsCurrent" />
      <link:loc xlink:type="locator" xlink:href="dbgi-20250630.xsd#DBGI_OutstandingReceivablesWithoutRecourseOfFactor" xlink:label="loc_DBGIOutstandingReceivablesWithoutRecourseOfFactor" />
      <link:calculationArc order="1" xlink:arcrole="http://www.xbrl.org/2003/arcrole/summation-item" xlink:from="loc_us-gaapOtherAssetsCurrent" xlink:to="loc_DBGIOutstandingReceivablesWithoutRecourseOfFactor" xlink:type="arc" weight="1" />
      <link:loc xlink:type="locator" xlink:href="dbgi-20250630.xsd#DBGI_OutstandingReceivablesWithRecourseOfFactor" xlink:label="loc_DBGIOutstandingReceivablesWithRecourseOfFactor" />
      <link:calculationArc order="2" xlink:arcrole="http://www.xbrl.org/2003/arcrole/summation-item" xlink:from="loc_us-gaapOtherAssetsCurrent" xlink:to="loc_DBGIOutstandingReceivablesWithRecourseOfFactor" xlink:type="arc" weight="1" />
      <link:loc xlink:type="locator" xlink:href="dbgi-20250630.xsd#DBGI_MaturedFundsAndDepositsWithRelatedPartiesCurrent" xlink:label="loc_DBGIMaturedFundsAndDepositsWithRelatedPartiesCurrent" />
      <link:calculationArc order="3" xlink:arcrole="http://www.xbrl.org/2003/arcrole/summation-item" xlink:from="loc_us-gaapOtherAssetsCurrent" xlink:to="loc_DBGIMaturedFundsAndDepositsWithRelatedPartiesCurrent" xlink:type="arc" weight="1" />
      <link:loc xlink:type="locator" xlink:href="dbgi-20250630.xsd#DBGI_AdvancesWithRelatedPartiesCurrent" xlink:label="loc_DBGIAdvancesWithRelatedPartiesCurrent" />
      <link:calculationArc order="4" xlink:arcrole="http://www.xbrl.org/2003/arcrole/summation-item" xlink:from="loc_us-gaapOtherAssetsCurrent" xlink:to="loc_DBGIAdvancesWithRelatedPartiesCurrent" xlink:type="arc" weight="-1" />
    </link:calculationLink>
    <link:calculationLink xlink:type="extended" xlink:role="http://ir.digitalbrandsgroup.co/role/DueFromFactorDetailsNarrative" xlink:title="999039 - Disclosure - DUE FROM FACTOR (Details Narrative)" />
    <link:calculationLink xlink:type="extended" xlink:role="http://ir.digitalbrandsgroup.co/role/ScheduleOfGoodwillAttributableToEachBusinessCombinationDetails" xlink:title="999040 - Disclosure - SCHEDULE OF GOODWILL ATTRIBUTABLE TO EACH BUSINESS COMBINATION (Details)" />
    <link:calculationLink xlink:type="extended" xlink:role="http://ir.digitalbrandsgroup.co/role/ScheduleOfInformationRelatingToCompanysIdentifiableIntangibleAssetsDetails" xlink:title="999041 - Disclosure - SCHEDULE OF INFORMATION RELATING TO THE COMPANY&#8217;S IDENTIFIABLE INTANGIBLE ASSETS (Details)" />
    <link:calculationLink xlink:type="extended" xlink:role="http://ir.digitalbrandsgroup.co/role/CertainAssetsDetailsNarrative" xlink:title="999042 - Disclosure - CERTAIN ASSETS (Details Narrative)" />
    <link:calculationLink xlink:type="extended" xlink:role="http://ir.digitalbrandsgroup.co/role/ScheduleOfAccruedExpensesAndOtherLiabilitiesDetails" xlink:title="999043 - Disclosure - SCHEDULE OF ACCRUED EXPENSES AND OTHER LIABILITIES (Details)">
      <link:loc xlink:type="locator" xlink:href="https://xbrl.fasb.org/us-gaap/2025/elts/us-gaap-2025.xsd#us-gaap_AccruedLiabilitiesAndOtherLiabilities" xlink:label="loc_us-gaapAccruedLiabilitiesAndOtherLiabilities" />
      <link:loc xlink:type="locator" xlink:href="https://xbrl.fasb.org/us-gaap/2025/elts/us-gaap-2025.xsd#us-gaap_AccruedLiabilitiesCurrentAndNoncurrent" xlink:label="loc_us-gaapAccruedLiabilitiesCurrentAndNoncurrent" />
      <link:calculationArc order="1" xlink:arcrole="http://www.xbrl.org/2003/arcrole/summation-item" xlink:from="loc_us-gaapAccruedLiabilitiesAndOtherLiabilities" xlink:to="loc_us-gaapAccruedLiabilitiesCurrentAndNoncurrent" xlink:type="arc" weight="1" />
      <link:loc xlink:type="locator" xlink:href="https://xbrl.fasb.org/us-gaap/2025/elts/us-gaap-2025.xsd#us-gaap_AccruedSalariesCurrent" xlink:label="loc_us-gaapAccruedSalariesCurrent" />
      <link:calculationArc order="2" xlink:arcrole="http://www.xbrl.org/2003/arcrole/summation-item" xlink:from="loc_us-gaapAccruedLiabilitiesAndOtherLiabilities" xlink:to="loc_us-gaapAccruedSalariesCurrent" xlink:type="arc" weight="1" />
      <link:loc xlink:type="locator" xlink:href="https://xbrl.fasb.org/us-gaap/2025/elts/us-gaap-2025.xsd#us-gaap_AccruedPayrollTaxesCurrent" xlink:label="loc_us-gaapAccruedPayrollTaxesCurrent" />
      <link:calculationArc order="3" xlink:arcrole="http://www.xbrl.org/2003/arcrole/summation-item" xlink:from="loc_us-gaapAccruedLiabilitiesAndOtherLiabilities" xlink:to="loc_us-gaapAccruedPayrollTaxesCurrent" xlink:type="arc" weight="1" />
      <link:loc xlink:type="locator" xlink:href="https://xbrl.fasb.org/us-gaap/2025/elts/us-gaap-2025.xsd#us-gaap_OtherLiabilities" xlink:label="loc_us-gaapOtherLiabilities" />
      <link:calculationArc order="4" xlink:arcrole="http://www.xbrl.org/2003/arcrole/summation-item" xlink:from="loc_us-gaapAccruedLiabilitiesAndOtherLiabilities" xlink:to="loc_us-gaapOtherLiabilities" xlink:type="arc" weight="1" />
    </link:calculationLink>
    <link:calculationLink xlink:type="extended" xlink:role="http://ir.digitalbrandsgroup.co/role/ScheduleOfMerchantAdvancesDetails" xlink:title="999044 - Disclosure - SCHEDULE OF MERCHANT ADVANCES (Details)">
      <link:loc xlink:type="locator" xlink:href="https://xbrl.fasb.org/us-gaap/2025/elts/us-gaap-2025.xsd#us-gaap_LongTermDebt" xlink:label="loc_us-gaapLongTermDebt" />
      <link:loc xlink:type="locator" xlink:href="https://xbrl.fasb.org/us-gaap/2025/elts/us-gaap-2025.xsd#us-gaap_DebtInstrumentCarryingAmount" xlink:label="loc_us-gaapDebtInstrumentCarryingAmount" />
      <link:calculationArc order="1" xlink:arcrole="http://www.xbrl.org/2003/arcrole/summation-item" xlink:from="loc_us-gaapLongTermDebt" xlink:to="loc_us-gaapDebtInstrumentCarryingAmount" xlink:type="arc" weight="1" />
    </link:calculationLink>
    <link:calculationLink xlink:type="extended" xlink:role="http://ir.digitalbrandsgroup.co/role/LiabilitiesAndDebtDetailsNarrative" xlink:title="999045 - Disclosure - LIABILITIES AND DEBT (Details Narrative)" />
    <link:calculationLink xlink:type="extended" xlink:role="http://ir.digitalbrandsgroup.co/role/StockholdersEquityDeficitDetailsNarrative" xlink:title="999046 - Disclosure - STOCKHOLDERS&#8217; EQUITY (DEFICIT) (Details Narrative)" />
    <link:calculationLink xlink:type="extended" xlink:role="http://ir.digitalbrandsgroup.co/role/RelatedPartyTransactionsDetailsNarrative" xlink:title="999047 - Disclosure - RELATED PARTY TRANSACTIONS (Details Narrative)" />
    <link:calculationLink xlink:type="extended" xlink:role="http://ir.digitalbrandsgroup.co/role/ScheduleOfInformationRelatedToCommonStockWarrantsDetails" xlink:title="999048 - Disclosure - SCHEDULE OF INFORMATION RELATED TO COMMON STOCK WARRANTS (Details)" />
    <link:calculationLink xlink:type="extended" xlink:role="http://ir.digitalbrandsgroup.co/role/Share-basedPaymentsDetailsNarrative" xlink:title="999049 - Disclosure - SHARE-BASED PAYMENTS (Details Narrative)" />
    <link:calculationLink xlink:type="extended" xlink:role="http://ir.digitalbrandsgroup.co/role/LeaseObligationsDetailsNarrative" xlink:title="999050 - Disclosure - LEASE OBLIGATIONS (Details Narrative)" />
    <link:calculationLink xlink:type="extended" xlink:role="http://ir.digitalbrandsgroup.co/role/ContingenciesDetailsNarrative" xlink:title="999051 - Disclosure - CONTINGENCIES (Details Narrative)" />
    <link:calculationLink xlink:type="extended" xlink:role="http://ir.digitalbrandsgroup.co/role/ScheduleOfProFormaCondensedBalanceSheetDetails" xlink:title="999052 - Disclosure -  SCHEDULE OF PRO FORMA CONDENSED BALANCE SHEET (Details)">
      <link:loc xlink:type="locator" xlink:href="https://xbrl.fasb.org/us-gaap/2025/elts/us-gaap-2025.xsd#us-gaap_StockholdersEquity" xlink:label="loc_us-gaapStockholdersEquity" />
      <link:loc xlink:type="locator" xlink:href="https://xbrl.fasb.org/us-gaap/2025/elts/us-gaap-2025.xsd#us-gaap_PreferredStockValue" xlink:label="loc_us-gaapPreferredStockValue" />
      <link:calculationArc order="1" xlink:arcrole="http://www.xbrl.org/2003/arcrole/summation-item" xlink:from="loc_us-gaapStockholdersEquity" xlink:to="loc_us-gaapPreferredStockValue" xlink:type="arc" weight="1" />
      <link:loc xlink:type="locator" xlink:href="https://xbrl.fasb.org/us-gaap/2025/elts/us-gaap-2025.xsd#us-gaap_CommonStockValue" xlink:label="loc_us-gaapCommonStockValue" />
      <link:calculationArc order="2" xlink:arcrole="http://www.xbrl.org/2003/arcrole/summation-item" xlink:from="loc_us-gaapStockholdersEquity" xlink:to="loc_us-gaapCommonStockValue" xlink:type="arc" weight="1" />
      <link:loc xlink:type="locator" xlink:href="https://xbrl.fasb.org/us-gaap/2025/elts/us-gaap-2025.xsd#us-gaap_AdditionalPaidInCapital" xlink:label="loc_us-gaapAdditionalPaidInCapital" />
      <link:calculationArc order="3" xlink:arcrole="http://www.xbrl.org/2003/arcrole/summation-item" xlink:from="loc_us-gaapStockholdersEquity" xlink:to="loc_us-gaapAdditionalPaidInCapital" xlink:type="arc" weight="1" />
      <link:loc xlink:type="locator" xlink:href="https://xbrl.fasb.org/us-gaap/2025/elts/us-gaap-2025.xsd#us-gaap_RetainedEarningsAccumulatedDeficit" xlink:label="loc_us-gaapRetainedEarningsAccumulatedDeficit" />
      <link:calculationArc order="4" xlink:arcrole="http://www.xbrl.org/2003/arcrole/summation-item" xlink:from="loc_us-gaapStockholdersEquity" xlink:to="loc_us-gaapRetainedEarningsAccumulatedDeficit" xlink:type="arc" weight="1" />
    </link:calculationLink>
    <link:calculationLink xlink:type="extended" xlink:role="http://ir.digitalbrandsgroup.co/role/SubsequentEventsDetailsNarrative" xlink:title="999053 - Disclosure - SUBSEQUENT EVENTS (Details Narrative)" />
</link:linkbase>
