<?xml version="1.0" encoding="UTF-8"?>

<!--XBRL Document Created with the Workiva Platform-->
<!--Copyright 2024 Workiva-->
<!--r:688bfa09-f5fa-4cf5-8435-62d9fd3269cf,g:132ec883-690c-4dff-a0a3-650d82d12cd8-->
<link:linkbase xmlns:link="http://www.xbrl.org/2003/linkbase" xmlns:xlink="http://www.w3.org/1999/xlink" xmlns:xsi="http://www.w3.org/2001/XMLSchema-instance" xsi:schemaLocation="http://www.xbrl.org/2003/linkbase http://www.xbrl.org/2003/xbrl-linkbase-2003-12-31.xsd">
  <link:roleRef roleURI="http://www.gamestop.com/role/DocumentandEntityInformationDocument" xlink:type="simple" xlink:href="gme-20241118.xsd#DocumentandEntityInformationDocument"/>
  <link:presentationLink xlink:role="http://www.gamestop.com/role/DocumentandEntityInformationDocument" xlink:type="extended">
    <link:loc xlink:type="locator" xlink:label="loc_gme_DocumentAndEntityInformationAbstract_270be763-87b2-4a64-b265-a291469519f1" xlink:href="gme-20241118.xsd#gme_DocumentAndEntityInformationAbstract"/>
    <link:loc xlink:type="locator" xlink:label="loc_dei_DocumentInformationTable_29376419-2196-4b27-b86c-e5ccc64bd4a6" xlink:href="https://xbrl.sec.gov/dei/2023/dei-2023.xsd#dei_DocumentInformationTable"/>
    <link:presentationArc order="1" xlink:arcrole="http://www.xbrl.org/2003/arcrole/parent-child" xlink:from="loc_gme_DocumentAndEntityInformationAbstract_270be763-87b2-4a64-b265-a291469519f1" xlink:to="loc_dei_DocumentInformationTable_29376419-2196-4b27-b86c-e5ccc64bd4a6" xlink:type="arc" preferredLabel="http://www.xbrl.org/2003/role/terseLabel"/>
    <link:loc xlink:type="locator" xlink:label="loc_us-gaap_StatementClassOfStockAxis_096ea341-6b9d-4304-844f-5d725908c064" xlink:href="https://xbrl.fasb.org/us-gaap/2023/elts/us-gaap-2023.xsd#us-gaap_StatementClassOfStockAxis"/>
    <link:presentationArc order="1" xlink:arcrole="http://www.xbrl.org/2003/arcrole/parent-child" xlink:from="loc_dei_DocumentInformationTable_29376419-2196-4b27-b86c-e5ccc64bd4a6" xlink:to="loc_us-gaap_StatementClassOfStockAxis_096ea341-6b9d-4304-844f-5d725908c064" xlink:type="arc" preferredLabel="http://www.xbrl.org/2003/role/terseLabel"/>
    <link:loc xlink:type="locator" xlink:label="loc_us-gaap_ClassOfStockDomain_da9b74da-0b6f-4d0d-962b-eee95ca003a2" xlink:href="https://xbrl.fasb.org/us-gaap/2023/elts/us-gaap-2023.xsd#us-gaap_ClassOfStockDomain"/>
    <link:presentationArc order="1" xlink:arcrole="http://www.xbrl.org/2003/arcrole/parent-child" xlink:from="loc_us-gaap_StatementClassOfStockAxis_096ea341-6b9d-4304-844f-5d725908c064" xlink:to="loc_us-gaap_ClassOfStockDomain_da9b74da-0b6f-4d0d-962b-eee95ca003a2" xlink:type="arc" preferredLabel="http://www.xbrl.org/2003/role/terseLabel"/>
    <link:loc xlink:type="locator" xlink:label="loc_us-gaap_CommonClassAMember_aedbac21-238a-44d1-8a32-5470a82f38b7" xlink:href="https://xbrl.fasb.org/us-gaap/2023/elts/us-gaap-2023.xsd#us-gaap_CommonClassAMember"/>
    <link:presentationArc order="1" xlink:arcrole="http://www.xbrl.org/2003/arcrole/parent-child" xlink:from="loc_us-gaap_ClassOfStockDomain_da9b74da-0b6f-4d0d-962b-eee95ca003a2" xlink:to="loc_us-gaap_CommonClassAMember_aedbac21-238a-44d1-8a32-5470a82f38b7" xlink:type="arc" preferredLabel="http://www.xbrl.org/2003/role/terseLabel"/>
    <link:loc xlink:type="locator" xlink:label="loc_dei_DocumentInformationLineItems_86dae8e6-4f1d-4120-a37b-f901b776c606" xlink:href="https://xbrl.sec.gov/dei/2023/dei-2023.xsd#dei_DocumentInformationLineItems"/>
    <link:presentationArc order="2" xlink:arcrole="http://www.xbrl.org/2003/arcrole/parent-child" xlink:from="loc_dei_DocumentInformationTable_29376419-2196-4b27-b86c-e5ccc64bd4a6" xlink:to="loc_dei_DocumentInformationLineItems_86dae8e6-4f1d-4120-a37b-f901b776c606" xlink:type="arc" preferredLabel="http://www.xbrl.org/2003/role/terseLabel"/>
    <link:loc xlink:type="locator" xlink:label="loc_dei_EntityCentralIndexKey_d31c5b44-0a43-40be-a6af-f36f86fbd519" xlink:href="https://xbrl.sec.gov/dei/2023/dei-2023.xsd#dei_EntityCentralIndexKey"/>
    <link:presentationArc order="1" xlink:arcrole="http://www.xbrl.org/2003/arcrole/parent-child" xlink:from="loc_dei_DocumentInformationLineItems_86dae8e6-4f1d-4120-a37b-f901b776c606" xlink:to="loc_dei_EntityCentralIndexKey_d31c5b44-0a43-40be-a6af-f36f86fbd519" xlink:type="arc" preferredLabel="http://www.xbrl.org/2003/role/terseLabel"/>
    <link:loc xlink:type="locator" xlink:label="loc_dei_DocumentFiscalPeriodFocus_4a98cbc2-85a7-4b27-b530-19373df203b8" xlink:href="https://xbrl.sec.gov/dei/2023/dei-2023.xsd#dei_DocumentFiscalPeriodFocus"/>
    <link:presentationArc order="2" xlink:arcrole="http://www.xbrl.org/2003/arcrole/parent-child" xlink:from="loc_dei_DocumentInformationLineItems_86dae8e6-4f1d-4120-a37b-f901b776c606" xlink:to="loc_dei_DocumentFiscalPeriodFocus_4a98cbc2-85a7-4b27-b530-19373df203b8" xlink:type="arc" preferredLabel="http://www.xbrl.org/2003/role/terseLabel"/>
    <link:loc xlink:type="locator" xlink:label="loc_dei_DocumentFiscalYearFocus_2b6ec4e1-c085-48d7-8a0b-c8196a00ad4b" xlink:href="https://xbrl.sec.gov/dei/2023/dei-2023.xsd#dei_DocumentFiscalYearFocus"/>
    <link:presentationArc order="3" xlink:arcrole="http://www.xbrl.org/2003/arcrole/parent-child" xlink:from="loc_dei_DocumentInformationLineItems_86dae8e6-4f1d-4120-a37b-f901b776c606" xlink:to="loc_dei_DocumentFiscalYearFocus_2b6ec4e1-c085-48d7-8a0b-c8196a00ad4b" xlink:type="arc" preferredLabel="http://www.xbrl.org/2003/role/terseLabel"/>
    <link:loc xlink:type="locator" xlink:label="loc_dei_AmendmentFlag_c42b9558-4a7d-4b2d-a878-d774e93f148d" xlink:href="https://xbrl.sec.gov/dei/2023/dei-2023.xsd#dei_AmendmentFlag"/>
    <link:presentationArc order="4" xlink:arcrole="http://www.xbrl.org/2003/arcrole/parent-child" xlink:from="loc_dei_DocumentInformationLineItems_86dae8e6-4f1d-4120-a37b-f901b776c606" xlink:to="loc_dei_AmendmentFlag_c42b9558-4a7d-4b2d-a878-d774e93f148d" xlink:type="arc" preferredLabel="http://www.xbrl.org/2003/role/terseLabel"/>
    <link:loc xlink:type="locator" xlink:label="loc_dei_Security12bTitle_989227cb-dc39-45c1-a2ae-b9527bae5ea1" xlink:href="https://xbrl.sec.gov/dei/2023/dei-2023.xsd#dei_Security12bTitle"/>
    <link:presentationArc order="5" xlink:arcrole="http://www.xbrl.org/2003/arcrole/parent-child" xlink:from="loc_dei_DocumentInformationLineItems_86dae8e6-4f1d-4120-a37b-f901b776c606" xlink:to="loc_dei_Security12bTitle_989227cb-dc39-45c1-a2ae-b9527bae5ea1" xlink:type="arc" preferredLabel="http://www.xbrl.org/2003/role/terseLabel"/>
    <link:loc xlink:type="locator" xlink:label="loc_dei_EntityIncorporationStateCountryCode_2560d9cf-c952-474b-a156-11023533e92c" xlink:href="https://xbrl.sec.gov/dei/2023/dei-2023.xsd#dei_EntityIncorporationStateCountryCode"/>
    <link:presentationArc order="6" xlink:arcrole="http://www.xbrl.org/2003/arcrole/parent-child" xlink:from="loc_dei_DocumentInformationLineItems_86dae8e6-4f1d-4120-a37b-f901b776c606" xlink:to="loc_dei_EntityIncorporationStateCountryCode_2560d9cf-c952-474b-a156-11023533e92c" xlink:type="arc" preferredLabel="http://www.xbrl.org/2003/role/terseLabel"/>
    <link:loc xlink:type="locator" xlink:label="loc_dei_DocumentType_367c30d8-5747-4549-84f5-bb16f2ddb01a" xlink:href="https://xbrl.sec.gov/dei/2023/dei-2023.xsd#dei_DocumentType"/>
    <link:presentationArc order="7" xlink:arcrole="http://www.xbrl.org/2003/arcrole/parent-child" xlink:from="loc_dei_DocumentInformationLineItems_86dae8e6-4f1d-4120-a37b-f901b776c606" xlink:to="loc_dei_DocumentType_367c30d8-5747-4549-84f5-bb16f2ddb01a" xlink:type="arc" preferredLabel="http://www.xbrl.org/2003/role/terseLabel"/>
    <link:loc xlink:type="locator" xlink:label="loc_dei_EntityRegistrantName_38f08388-245f-4fbf-9cad-75bbfeda7d85" xlink:href="https://xbrl.sec.gov/dei/2023/dei-2023.xsd#dei_EntityRegistrantName"/>
    <link:presentationArc order="8" xlink:arcrole="http://www.xbrl.org/2003/arcrole/parent-child" xlink:from="loc_dei_DocumentInformationLineItems_86dae8e6-4f1d-4120-a37b-f901b776c606" xlink:to="loc_dei_EntityRegistrantName_38f08388-245f-4fbf-9cad-75bbfeda7d85" xlink:type="arc" preferredLabel="http://www.xbrl.org/2003/role/terseLabel"/>
    <link:loc xlink:type="locator" xlink:label="loc_dei_EntityFileNumber_f2b1af70-57c5-423a-984f-e36ad848ce2a" xlink:href="https://xbrl.sec.gov/dei/2023/dei-2023.xsd#dei_EntityFileNumber"/>
    <link:presentationArc order="9" xlink:arcrole="http://www.xbrl.org/2003/arcrole/parent-child" xlink:from="loc_dei_DocumentInformationLineItems_86dae8e6-4f1d-4120-a37b-f901b776c606" xlink:to="loc_dei_EntityFileNumber_f2b1af70-57c5-423a-984f-e36ad848ce2a" xlink:type="arc" preferredLabel="http://www.xbrl.org/2003/role/terseLabel"/>
    <link:loc xlink:type="locator" xlink:label="loc_dei_EntityTaxIdentificationNumber_73e88214-7fc3-4d03-b015-c72afc6e91ad" xlink:href="https://xbrl.sec.gov/dei/2023/dei-2023.xsd#dei_EntityTaxIdentificationNumber"/>
    <link:presentationArc order="10" xlink:arcrole="http://www.xbrl.org/2003/arcrole/parent-child" xlink:from="loc_dei_DocumentInformationLineItems_86dae8e6-4f1d-4120-a37b-f901b776c606" xlink:to="loc_dei_EntityTaxIdentificationNumber_73e88214-7fc3-4d03-b015-c72afc6e91ad" xlink:type="arc" preferredLabel="http://www.xbrl.org/2003/role/terseLabel"/>
    <link:loc xlink:type="locator" xlink:label="loc_dei_EntityAddressAddressLine1_2e389ddc-7539-45c5-9755-8920fc13de85" xlink:href="https://xbrl.sec.gov/dei/2023/dei-2023.xsd#dei_EntityAddressAddressLine1"/>
    <link:presentationArc order="11" xlink:arcrole="http://www.xbrl.org/2003/arcrole/parent-child" xlink:from="loc_dei_DocumentInformationLineItems_86dae8e6-4f1d-4120-a37b-f901b776c606" xlink:to="loc_dei_EntityAddressAddressLine1_2e389ddc-7539-45c5-9755-8920fc13de85" xlink:type="arc" preferredLabel="http://www.xbrl.org/2003/role/terseLabel"/>
    <link:loc xlink:type="locator" xlink:label="loc_dei_EntityAddressCityOrTown_72d46c87-512f-4f6c-8b96-68c6b880b7fe" xlink:href="https://xbrl.sec.gov/dei/2023/dei-2023.xsd#dei_EntityAddressCityOrTown"/>
    <link:presentationArc order="12" xlink:arcrole="http://www.xbrl.org/2003/arcrole/parent-child" xlink:from="loc_dei_DocumentInformationLineItems_86dae8e6-4f1d-4120-a37b-f901b776c606" xlink:to="loc_dei_EntityAddressCityOrTown_72d46c87-512f-4f6c-8b96-68c6b880b7fe" xlink:type="arc" preferredLabel="http://www.xbrl.org/2003/role/terseLabel"/>
    <link:loc xlink:type="locator" xlink:label="loc_dei_EntityAddressStateOrProvince_350e1dc0-88e5-445d-aead-730bb3115c94" xlink:href="https://xbrl.sec.gov/dei/2023/dei-2023.xsd#dei_EntityAddressStateOrProvince"/>
    <link:presentationArc order="13" xlink:arcrole="http://www.xbrl.org/2003/arcrole/parent-child" xlink:from="loc_dei_DocumentInformationLineItems_86dae8e6-4f1d-4120-a37b-f901b776c606" xlink:to="loc_dei_EntityAddressStateOrProvince_350e1dc0-88e5-445d-aead-730bb3115c94" xlink:type="arc" preferredLabel="http://www.xbrl.org/2003/role/terseLabel"/>
    <link:loc xlink:type="locator" xlink:label="loc_dei_EntityAddressPostalZipCode_2fb9d9ca-9220-4edc-8557-57c0ae822e3e" xlink:href="https://xbrl.sec.gov/dei/2023/dei-2023.xsd#dei_EntityAddressPostalZipCode"/>
    <link:presentationArc order="14" xlink:arcrole="http://www.xbrl.org/2003/arcrole/parent-child" xlink:from="loc_dei_DocumentInformationLineItems_86dae8e6-4f1d-4120-a37b-f901b776c606" xlink:to="loc_dei_EntityAddressPostalZipCode_2fb9d9ca-9220-4edc-8557-57c0ae822e3e" xlink:type="arc" preferredLabel="http://www.xbrl.org/2003/role/terseLabel"/>
    <link:loc xlink:type="locator" xlink:label="loc_dei_CityAreaCode_c8142481-8ab1-47e1-b768-f21968c3e364" xlink:href="https://xbrl.sec.gov/dei/2023/dei-2023.xsd#dei_CityAreaCode"/>
    <link:presentationArc order="15" xlink:arcrole="http://www.xbrl.org/2003/arcrole/parent-child" xlink:from="loc_dei_DocumentInformationLineItems_86dae8e6-4f1d-4120-a37b-f901b776c606" xlink:to="loc_dei_CityAreaCode_c8142481-8ab1-47e1-b768-f21968c3e364" xlink:type="arc" preferredLabel="http://www.xbrl.org/2003/role/terseLabel"/>
    <link:loc xlink:type="locator" xlink:label="loc_dei_LocalPhoneNumber_8944ec43-2489-44e0-86e9-b92a07585e4f" xlink:href="https://xbrl.sec.gov/dei/2023/dei-2023.xsd#dei_LocalPhoneNumber"/>
    <link:presentationArc order="16" xlink:arcrole="http://www.xbrl.org/2003/arcrole/parent-child" xlink:from="loc_dei_DocumentInformationLineItems_86dae8e6-4f1d-4120-a37b-f901b776c606" xlink:to="loc_dei_LocalPhoneNumber_8944ec43-2489-44e0-86e9-b92a07585e4f" xlink:type="arc" preferredLabel="http://www.xbrl.org/2003/role/terseLabel"/>
    <link:loc xlink:type="locator" xlink:label="loc_dei_WrittenCommunications_a5790f96-68e8-4916-aed9-84e5008bffa9" xlink:href="https://xbrl.sec.gov/dei/2023/dei-2023.xsd#dei_WrittenCommunications"/>
    <link:presentationArc order="17" xlink:arcrole="http://www.xbrl.org/2003/arcrole/parent-child" xlink:from="loc_dei_DocumentInformationLineItems_86dae8e6-4f1d-4120-a37b-f901b776c606" xlink:to="loc_dei_WrittenCommunications_a5790f96-68e8-4916-aed9-84e5008bffa9" xlink:type="arc" preferredLabel="http://www.xbrl.org/2003/role/terseLabel"/>
    <link:loc xlink:type="locator" xlink:label="loc_dei_SolicitingMaterial_0b6e52e1-8db2-466a-bdcd-2617d5017010" xlink:href="https://xbrl.sec.gov/dei/2023/dei-2023.xsd#dei_SolicitingMaterial"/>
    <link:presentationArc order="18" xlink:arcrole="http://www.xbrl.org/2003/arcrole/parent-child" xlink:from="loc_dei_DocumentInformationLineItems_86dae8e6-4f1d-4120-a37b-f901b776c606" xlink:to="loc_dei_SolicitingMaterial_0b6e52e1-8db2-466a-bdcd-2617d5017010" xlink:type="arc" preferredLabel="http://www.xbrl.org/2003/role/terseLabel"/>
    <link:loc xlink:type="locator" xlink:label="loc_dei_PreCommencementTenderOffer_74ad93d5-cf38-4d5a-8153-f9b76560ed70" xlink:href="https://xbrl.sec.gov/dei/2023/dei-2023.xsd#dei_PreCommencementTenderOffer"/>
    <link:presentationArc order="19" xlink:arcrole="http://www.xbrl.org/2003/arcrole/parent-child" xlink:from="loc_dei_DocumentInformationLineItems_86dae8e6-4f1d-4120-a37b-f901b776c606" xlink:to="loc_dei_PreCommencementTenderOffer_74ad93d5-cf38-4d5a-8153-f9b76560ed70" xlink:type="arc" preferredLabel="http://www.xbrl.org/2003/role/terseLabel"/>
    <link:loc xlink:type="locator" xlink:label="loc_dei_PreCommencementIssuerTenderOffer_4d4ebe37-2ded-4b8c-a093-227c2d3ce079" xlink:href="https://xbrl.sec.gov/dei/2023/dei-2023.xsd#dei_PreCommencementIssuerTenderOffer"/>
    <link:presentationArc order="20" xlink:arcrole="http://www.xbrl.org/2003/arcrole/parent-child" xlink:from="loc_dei_DocumentInformationLineItems_86dae8e6-4f1d-4120-a37b-f901b776c606" xlink:to="loc_dei_PreCommencementIssuerTenderOffer_4d4ebe37-2ded-4b8c-a093-227c2d3ce079" xlink:type="arc" preferredLabel="http://www.xbrl.org/2003/role/terseLabel"/>
    <link:loc xlink:type="locator" xlink:label="loc_dei_TradingSymbol_396c5bac-2bb1-4ca3-b3ec-9ea1ed3934f6" xlink:href="https://xbrl.sec.gov/dei/2023/dei-2023.xsd#dei_TradingSymbol"/>
    <link:presentationArc order="21" xlink:arcrole="http://www.xbrl.org/2003/arcrole/parent-child" xlink:from="loc_dei_DocumentInformationLineItems_86dae8e6-4f1d-4120-a37b-f901b776c606" xlink:to="loc_dei_TradingSymbol_396c5bac-2bb1-4ca3-b3ec-9ea1ed3934f6" xlink:type="arc" preferredLabel="http://www.xbrl.org/2003/role/terseLabel"/>
    <link:loc xlink:type="locator" xlink:label="loc_dei_SecurityExchangeName_3f3b907e-51e7-479c-ba83-6667e234c1ee" xlink:href="https://xbrl.sec.gov/dei/2023/dei-2023.xsd#dei_SecurityExchangeName"/>
    <link:presentationArc order="22" xlink:arcrole="http://www.xbrl.org/2003/arcrole/parent-child" xlink:from="loc_dei_DocumentInformationLineItems_86dae8e6-4f1d-4120-a37b-f901b776c606" xlink:to="loc_dei_SecurityExchangeName_3f3b907e-51e7-479c-ba83-6667e234c1ee" xlink:type="arc" preferredLabel="http://www.xbrl.org/2003/role/terseLabel"/>
    <link:loc xlink:type="locator" xlink:label="loc_dei_EntityEmergingGrowthCompany_a2ec0a40-0271-403d-954b-5b19a48d6150" xlink:href="https://xbrl.sec.gov/dei/2023/dei-2023.xsd#dei_EntityEmergingGrowthCompany"/>
    <link:presentationArc order="23" xlink:arcrole="http://www.xbrl.org/2003/arcrole/parent-child" xlink:from="loc_dei_DocumentInformationLineItems_86dae8e6-4f1d-4120-a37b-f901b776c606" xlink:to="loc_dei_EntityEmergingGrowthCompany_a2ec0a40-0271-403d-954b-5b19a48d6150" xlink:type="arc" preferredLabel="http://www.xbrl.org/2003/role/terseLabel"/>
    <link:loc xlink:type="locator" xlink:label="loc_dei_DocumentPeriodEndDate_9f5afbed-da0f-4c35-b4e4-c1f027e02b4f" xlink:href="https://xbrl.sec.gov/dei/2023/dei-2023.xsd#dei_DocumentPeriodEndDate"/>
    <link:presentationArc order="24" xlink:arcrole="http://www.xbrl.org/2003/arcrole/parent-child" xlink:from="loc_dei_DocumentInformationLineItems_86dae8e6-4f1d-4120-a37b-f901b776c606" xlink:to="loc_dei_DocumentPeriodEndDate_9f5afbed-da0f-4c35-b4e4-c1f027e02b4f" xlink:type="arc" preferredLabel="http://www.xbrl.org/2003/role/terseLabel"/>
  </link:presentationLink>
</link:linkbase>
