<?xml version="1.0" encoding="UTF-8"?>

<!--XBRL Document Created with the Workiva Platform-->
<!--Copyright 2024 Workiva-->
<!--r:ee0173e8-b555-4d82-9bb1-6ab5d36ed6d4,g:c8b50fd1-dddf-46ba-89fc-a13170b70bcf-->
<link:linkbase xmlns:link="http://www.xbrl.org/2003/linkbase" xmlns:xlink="http://www.w3.org/1999/xlink" xmlns:xsi="http://www.w3.org/2001/XMLSchema-instance" xsi:schemaLocation="http://www.xbrl.org/2003/linkbase http://www.xbrl.org/2003/xbrl-linkbase-2003-12-31.xsd">
  <link:roleRef roleURI="http://www.gamestop.com/role/CONDENSEDCONSOLIDATEDBALANCESHEETS" xlink:type="simple" xlink:href="gme-20240803.xsd#CONDENSEDCONSOLIDATEDBALANCESHEETS"/>
  <link:calculationLink xlink:role="http://www.gamestop.com/role/CONDENSEDCONSOLIDATEDBALANCESHEETS" xlink:type="extended">
    <link:loc xlink:type="locator" xlink:label="loc_us-gaap_StockholdersEquity_503fe760-6bc7-47eb-8440-74167d7645cd" xlink:href="https://xbrl.fasb.org/us-gaap/2024/elts/us-gaap-2024.xsd#us-gaap_StockholdersEquity"/>
    <link:loc xlink:type="locator" xlink:label="loc_us-gaap_CommonStockValue_ed8b0377-bf3b-4ce3-a8e1-20b4c0b4b602" xlink:href="https://xbrl.fasb.org/us-gaap/2024/elts/us-gaap-2024.xsd#us-gaap_CommonStockValue"/>
    <link:calculationArc order="1" weight="1.0" xlink:arcrole="http://www.xbrl.org/2003/arcrole/summation-item" xlink:from="loc_us-gaap_StockholdersEquity_503fe760-6bc7-47eb-8440-74167d7645cd" xlink:to="loc_us-gaap_CommonStockValue_ed8b0377-bf3b-4ce3-a8e1-20b4c0b4b602" xlink:type="arc"/>
    <link:loc xlink:type="locator" xlink:label="loc_us-gaap_RetainedEarningsAccumulatedDeficit_d706be62-11ae-4b9b-86b1-383ffd02704e" xlink:href="https://xbrl.fasb.org/us-gaap/2024/elts/us-gaap-2024.xsd#us-gaap_RetainedEarningsAccumulatedDeficit"/>
    <link:calculationArc order="2" weight="1.0" xlink:arcrole="http://www.xbrl.org/2003/arcrole/summation-item" xlink:from="loc_us-gaap_StockholdersEquity_503fe760-6bc7-47eb-8440-74167d7645cd" xlink:to="loc_us-gaap_RetainedEarningsAccumulatedDeficit_d706be62-11ae-4b9b-86b1-383ffd02704e" xlink:type="arc"/>
    <link:loc xlink:type="locator" xlink:label="loc_us-gaap_AccumulatedOtherComprehensiveIncomeLossNetOfTax_05303b94-bdab-4591-a251-ed7ebe8e8c3f" xlink:href="https://xbrl.fasb.org/us-gaap/2024/elts/us-gaap-2024.xsd#us-gaap_AccumulatedOtherComprehensiveIncomeLossNetOfTax"/>
    <link:calculationArc order="3" weight="1.0" xlink:arcrole="http://www.xbrl.org/2003/arcrole/summation-item" xlink:from="loc_us-gaap_StockholdersEquity_503fe760-6bc7-47eb-8440-74167d7645cd" xlink:to="loc_us-gaap_AccumulatedOtherComprehensiveIncomeLossNetOfTax_05303b94-bdab-4591-a251-ed7ebe8e8c3f" xlink:type="arc"/>
    <link:loc xlink:type="locator" xlink:label="loc_us-gaap_AdditionalPaidInCapitalCommonStock_e634c9cd-65fd-433b-9933-d972f09d7b88" xlink:href="https://xbrl.fasb.org/us-gaap/2024/elts/us-gaap-2024.xsd#us-gaap_AdditionalPaidInCapitalCommonStock"/>
    <link:calculationArc order="4" weight="1.0" xlink:arcrole="http://www.xbrl.org/2003/arcrole/summation-item" xlink:from="loc_us-gaap_StockholdersEquity_503fe760-6bc7-47eb-8440-74167d7645cd" xlink:to="loc_us-gaap_AdditionalPaidInCapitalCommonStock_e634c9cd-65fd-433b-9933-d972f09d7b88" xlink:type="arc"/>
    <link:loc xlink:type="locator" xlink:label="loc_us-gaap_Liabilities_aac4aa80-2e2c-4244-aca8-b9bbdfd6515d" xlink:href="https://xbrl.fasb.org/us-gaap/2024/elts/us-gaap-2024.xsd#us-gaap_Liabilities"/>
    <link:loc xlink:type="locator" xlink:label="loc_us-gaap_LiabilitiesCurrent_929e4034-a313-4b58-9234-4037e4221804" xlink:href="https://xbrl.fasb.org/us-gaap/2024/elts/us-gaap-2024.xsd#us-gaap_LiabilitiesCurrent"/>
    <link:calculationArc order="1" weight="1.0" xlink:arcrole="http://www.xbrl.org/2003/arcrole/summation-item" xlink:from="loc_us-gaap_Liabilities_aac4aa80-2e2c-4244-aca8-b9bbdfd6515d" xlink:to="loc_us-gaap_LiabilitiesCurrent_929e4034-a313-4b58-9234-4037e4221804" xlink:type="arc"/>
    <link:loc xlink:type="locator" xlink:label="loc_us-gaap_LongTermDebtNoncurrent_6c07c7dd-8ad9-41e7-8229-3d045fe0c49c" xlink:href="https://xbrl.fasb.org/us-gaap/2024/elts/us-gaap-2024.xsd#us-gaap_LongTermDebtNoncurrent"/>
    <link:calculationArc order="2" weight="1.0" xlink:arcrole="http://www.xbrl.org/2003/arcrole/summation-item" xlink:from="loc_us-gaap_Liabilities_aac4aa80-2e2c-4244-aca8-b9bbdfd6515d" xlink:to="loc_us-gaap_LongTermDebtNoncurrent_6c07c7dd-8ad9-41e7-8229-3d045fe0c49c" xlink:type="arc"/>
    <link:loc xlink:type="locator" xlink:label="loc_us-gaap_OperatingLeaseLiabilityNoncurrent_393338b1-61c9-4ca0-957b-62bfabf6e333" xlink:href="https://xbrl.fasb.org/us-gaap/2024/elts/us-gaap-2024.xsd#us-gaap_OperatingLeaseLiabilityNoncurrent"/>
    <link:calculationArc order="3" weight="1.0" xlink:arcrole="http://www.xbrl.org/2003/arcrole/summation-item" xlink:from="loc_us-gaap_Liabilities_aac4aa80-2e2c-4244-aca8-b9bbdfd6515d" xlink:to="loc_us-gaap_OperatingLeaseLiabilityNoncurrent_393338b1-61c9-4ca0-957b-62bfabf6e333" xlink:type="arc"/>
    <link:loc xlink:type="locator" xlink:label="loc_us-gaap_OtherLiabilitiesNoncurrent_7b96d7f5-144d-4abc-8c98-cede28094f54" xlink:href="https://xbrl.fasb.org/us-gaap/2024/elts/us-gaap-2024.xsd#us-gaap_OtherLiabilitiesNoncurrent"/>
    <link:calculationArc order="4" weight="1.0" xlink:arcrole="http://www.xbrl.org/2003/arcrole/summation-item" xlink:from="loc_us-gaap_Liabilities_aac4aa80-2e2c-4244-aca8-b9bbdfd6515d" xlink:to="loc_us-gaap_OtherLiabilitiesNoncurrent_7b96d7f5-144d-4abc-8c98-cede28094f54" xlink:type="arc"/>
    <link:loc xlink:type="locator" xlink:label="loc_us-gaap_LiabilitiesAndStockholdersEquity_d42afaff-f8d1-4547-adee-3048d74f36b0" xlink:href="https://xbrl.fasb.org/us-gaap/2024/elts/us-gaap-2024.xsd#us-gaap_LiabilitiesAndStockholdersEquity"/>
    <link:loc xlink:type="locator" xlink:label="loc_us-gaap_StockholdersEquity_af614802-4688-4068-9d31-7cafdd6ff01d" xlink:href="https://xbrl.fasb.org/us-gaap/2024/elts/us-gaap-2024.xsd#us-gaap_StockholdersEquity"/>
    <link:calculationArc order="1" weight="1.0" xlink:arcrole="http://www.xbrl.org/2003/arcrole/summation-item" xlink:from="loc_us-gaap_LiabilitiesAndStockholdersEquity_d42afaff-f8d1-4547-adee-3048d74f36b0" xlink:to="loc_us-gaap_StockholdersEquity_af614802-4688-4068-9d31-7cafdd6ff01d" xlink:type="arc"/>
    <link:loc xlink:type="locator" xlink:label="loc_us-gaap_Liabilities_b538cdd9-72c4-49f1-b15d-b3866e8a01d6" xlink:href="https://xbrl.fasb.org/us-gaap/2024/elts/us-gaap-2024.xsd#us-gaap_Liabilities"/>
    <link:calculationArc order="2" weight="1.0" xlink:arcrole="http://www.xbrl.org/2003/arcrole/summation-item" xlink:from="loc_us-gaap_LiabilitiesAndStockholdersEquity_d42afaff-f8d1-4547-adee-3048d74f36b0" xlink:to="loc_us-gaap_Liabilities_b538cdd9-72c4-49f1-b15d-b3866e8a01d6" xlink:type="arc"/>
    <link:loc xlink:type="locator" xlink:label="loc_us-gaap_LiabilitiesCurrent_d2a1bfd3-2ae4-46e0-94cb-ebed823d7b75" xlink:href="https://xbrl.fasb.org/us-gaap/2024/elts/us-gaap-2024.xsd#us-gaap_LiabilitiesCurrent"/>
    <link:loc xlink:type="locator" xlink:label="loc_us-gaap_AccruedLiabilitiesCurrent_3a842157-0ebe-4ffb-8641-e3347bddbec2" xlink:href="https://xbrl.fasb.org/us-gaap/2024/elts/us-gaap-2024.xsd#us-gaap_AccruedLiabilitiesCurrent"/>
    <link:calculationArc order="1" weight="1.0" xlink:arcrole="http://www.xbrl.org/2003/arcrole/summation-item" xlink:from="loc_us-gaap_LiabilitiesCurrent_d2a1bfd3-2ae4-46e0-94cb-ebed823d7b75" xlink:to="loc_us-gaap_AccruedLiabilitiesCurrent_3a842157-0ebe-4ffb-8641-e3347bddbec2" xlink:type="arc"/>
    <link:loc xlink:type="locator" xlink:label="loc_us-gaap_OperatingLeaseLiabilityCurrent_51a44669-1521-4c69-888d-49047103f17d" xlink:href="https://xbrl.fasb.org/us-gaap/2024/elts/us-gaap-2024.xsd#us-gaap_OperatingLeaseLiabilityCurrent"/>
    <link:calculationArc order="2" weight="1.0" xlink:arcrole="http://www.xbrl.org/2003/arcrole/summation-item" xlink:from="loc_us-gaap_LiabilitiesCurrent_d2a1bfd3-2ae4-46e0-94cb-ebed823d7b75" xlink:to="loc_us-gaap_OperatingLeaseLiabilityCurrent_51a44669-1521-4c69-888d-49047103f17d" xlink:type="arc"/>
    <link:loc xlink:type="locator" xlink:label="loc_us-gaap_AccountsPayableCurrent_da47c717-79d2-4996-a492-233683e3b426" xlink:href="https://xbrl.fasb.org/us-gaap/2024/elts/us-gaap-2024.xsd#us-gaap_AccountsPayableCurrent"/>
    <link:calculationArc order="3" weight="1.0" xlink:arcrole="http://www.xbrl.org/2003/arcrole/summation-item" xlink:from="loc_us-gaap_LiabilitiesCurrent_d2a1bfd3-2ae4-46e0-94cb-ebed823d7b75" xlink:to="loc_us-gaap_AccountsPayableCurrent_da47c717-79d2-4996-a492-233683e3b426" xlink:type="arc"/>
    <link:loc xlink:type="locator" xlink:label="loc_us-gaap_LongTermDebtCurrent_32dd0aaf-0934-4cf6-8e13-4dc9db796374" xlink:href="https://xbrl.fasb.org/us-gaap/2024/elts/us-gaap-2024.xsd#us-gaap_LongTermDebtCurrent"/>
    <link:calculationArc order="4" weight="1.0" xlink:arcrole="http://www.xbrl.org/2003/arcrole/summation-item" xlink:from="loc_us-gaap_LiabilitiesCurrent_d2a1bfd3-2ae4-46e0-94cb-ebed823d7b75" xlink:to="loc_us-gaap_LongTermDebtCurrent_32dd0aaf-0934-4cf6-8e13-4dc9db796374" xlink:type="arc"/>
    <link:loc xlink:type="locator" xlink:label="loc_us-gaap_Assets_cc234c5d-5bd7-478b-8c20-ab6c3c3b8dc0" xlink:href="https://xbrl.fasb.org/us-gaap/2024/elts/us-gaap-2024.xsd#us-gaap_Assets"/>
    <link:loc xlink:type="locator" xlink:label="loc_us-gaap_AssetsCurrent_acb07a9b-9e74-47b7-8c82-b56291f54757" xlink:href="https://xbrl.fasb.org/us-gaap/2024/elts/us-gaap-2024.xsd#us-gaap_AssetsCurrent"/>
    <link:calculationArc order="1" weight="1.0" xlink:arcrole="http://www.xbrl.org/2003/arcrole/summation-item" xlink:from="loc_us-gaap_Assets_cc234c5d-5bd7-478b-8c20-ab6c3c3b8dc0" xlink:to="loc_us-gaap_AssetsCurrent_acb07a9b-9e74-47b7-8c82-b56291f54757" xlink:type="arc"/>
    <link:loc xlink:type="locator" xlink:label="loc_us-gaap_DeferredIncomeTaxAssetsNet_c6ca5350-96e7-4310-ab41-9b86c15e951b" xlink:href="https://xbrl.fasb.org/us-gaap/2024/elts/us-gaap-2024.xsd#us-gaap_DeferredIncomeTaxAssetsNet"/>
    <link:calculationArc order="2" weight="1.0" xlink:arcrole="http://www.xbrl.org/2003/arcrole/summation-item" xlink:from="loc_us-gaap_Assets_cc234c5d-5bd7-478b-8c20-ab6c3c3b8dc0" xlink:to="loc_us-gaap_DeferredIncomeTaxAssetsNet_c6ca5350-96e7-4310-ab41-9b86c15e951b" xlink:type="arc"/>
    <link:loc xlink:type="locator" xlink:label="loc_us-gaap_PropertyPlantAndEquipmentNet_77d7231a-f3fc-47b8-97a5-271ca11a0125" xlink:href="https://xbrl.fasb.org/us-gaap/2024/elts/us-gaap-2024.xsd#us-gaap_PropertyPlantAndEquipmentNet"/>
    <link:calculationArc order="3" weight="1.0" xlink:arcrole="http://www.xbrl.org/2003/arcrole/summation-item" xlink:from="loc_us-gaap_Assets_cc234c5d-5bd7-478b-8c20-ab6c3c3b8dc0" xlink:to="loc_us-gaap_PropertyPlantAndEquipmentNet_77d7231a-f3fc-47b8-97a5-271ca11a0125" xlink:type="arc"/>
    <link:loc xlink:type="locator" xlink:label="loc_us-gaap_OtherAssetsNoncurrent_b917c420-e7af-4182-a544-f0629776e9ef" xlink:href="https://xbrl.fasb.org/us-gaap/2024/elts/us-gaap-2024.xsd#us-gaap_OtherAssetsNoncurrent"/>
    <link:calculationArc order="4" weight="1.0" xlink:arcrole="http://www.xbrl.org/2003/arcrole/summation-item" xlink:from="loc_us-gaap_Assets_cc234c5d-5bd7-478b-8c20-ab6c3c3b8dc0" xlink:to="loc_us-gaap_OtherAssetsNoncurrent_b917c420-e7af-4182-a544-f0629776e9ef" xlink:type="arc"/>
    <link:loc xlink:type="locator" xlink:label="loc_us-gaap_OperatingLeaseRightOfUseAsset_3c1657b2-ddc2-41b9-ae75-fe4715a87147" xlink:href="https://xbrl.fasb.org/us-gaap/2024/elts/us-gaap-2024.xsd#us-gaap_OperatingLeaseRightOfUseAsset"/>
    <link:calculationArc order="5" weight="1.0" xlink:arcrole="http://www.xbrl.org/2003/arcrole/summation-item" xlink:from="loc_us-gaap_Assets_cc234c5d-5bd7-478b-8c20-ab6c3c3b8dc0" xlink:to="loc_us-gaap_OperatingLeaseRightOfUseAsset_3c1657b2-ddc2-41b9-ae75-fe4715a87147" xlink:type="arc"/>
    <link:loc xlink:type="locator" xlink:label="loc_us-gaap_AssetsCurrent_fa1ab331-4a13-42b6-9578-82f6ff149e00" xlink:href="https://xbrl.fasb.org/us-gaap/2024/elts/us-gaap-2024.xsd#us-gaap_AssetsCurrent"/>
    <link:loc xlink:type="locator" xlink:label="loc_us-gaap_CashAndCashEquivalentsAtCarryingValue_90c77e23-a4da-40b0-9e64-5adac908e9f1" xlink:href="https://xbrl.fasb.org/us-gaap/2024/elts/us-gaap-2024.xsd#us-gaap_CashAndCashEquivalentsAtCarryingValue"/>
    <link:calculationArc order="1" weight="1.0" xlink:arcrole="http://www.xbrl.org/2003/arcrole/summation-item" xlink:from="loc_us-gaap_AssetsCurrent_fa1ab331-4a13-42b6-9578-82f6ff149e00" xlink:to="loc_us-gaap_CashAndCashEquivalentsAtCarryingValue_90c77e23-a4da-40b0-9e64-5adac908e9f1" xlink:type="arc"/>
    <link:loc xlink:type="locator" xlink:label="loc_us-gaap_InventoryNet_ca82346f-95c9-4529-adac-7fba893def28" xlink:href="https://xbrl.fasb.org/us-gaap/2024/elts/us-gaap-2024.xsd#us-gaap_InventoryNet"/>
    <link:calculationArc order="2" weight="1.0" xlink:arcrole="http://www.xbrl.org/2003/arcrole/summation-item" xlink:from="loc_us-gaap_AssetsCurrent_fa1ab331-4a13-42b6-9578-82f6ff149e00" xlink:to="loc_us-gaap_InventoryNet_ca82346f-95c9-4529-adac-7fba893def28" xlink:type="arc"/>
    <link:loc xlink:type="locator" xlink:label="loc_us-gaap_ReceivablesNetCurrent_8616cc1d-989d-4791-b754-4ae39aad50a9" xlink:href="https://xbrl.fasb.org/us-gaap/2024/elts/us-gaap-2024.xsd#us-gaap_ReceivablesNetCurrent"/>
    <link:calculationArc order="3" weight="1.0" xlink:arcrole="http://www.xbrl.org/2003/arcrole/summation-item" xlink:from="loc_us-gaap_AssetsCurrent_fa1ab331-4a13-42b6-9578-82f6ff149e00" xlink:to="loc_us-gaap_ReceivablesNetCurrent_8616cc1d-989d-4791-b754-4ae39aad50a9" xlink:type="arc"/>
    <link:loc xlink:type="locator" xlink:label="loc_us-gaap_PrepaidExpenseCurrent_1ad022fe-84d5-4589-87cf-e180faa9d808" xlink:href="https://xbrl.fasb.org/us-gaap/2024/elts/us-gaap-2024.xsd#us-gaap_PrepaidExpenseCurrent"/>
    <link:calculationArc order="4" weight="1.0" xlink:arcrole="http://www.xbrl.org/2003/arcrole/summation-item" xlink:from="loc_us-gaap_AssetsCurrent_fa1ab331-4a13-42b6-9578-82f6ff149e00" xlink:to="loc_us-gaap_PrepaidExpenseCurrent_1ad022fe-84d5-4589-87cf-e180faa9d808" xlink:type="arc"/>
    <link:loc xlink:type="locator" xlink:label="loc_us-gaap_MarketableSecuritiesCurrent_02ebcd79-1078-400d-b237-3cfc7b5a6cd8" xlink:href="https://xbrl.fasb.org/us-gaap/2024/elts/us-gaap-2024.xsd#us-gaap_MarketableSecuritiesCurrent"/>
    <link:calculationArc order="5" weight="1.0" xlink:arcrole="http://www.xbrl.org/2003/arcrole/summation-item" xlink:from="loc_us-gaap_AssetsCurrent_fa1ab331-4a13-42b6-9578-82f6ff149e00" xlink:to="loc_us-gaap_MarketableSecuritiesCurrent_02ebcd79-1078-400d-b237-3cfc7b5a6cd8" xlink:type="arc"/>
  </link:calculationLink>
  <link:roleRef roleURI="http://www.gamestop.com/role/CONDENSEDCONSOLIDATEDSTATEMENTSOFOPERATIONS" xlink:type="simple" xlink:href="gme-20240803.xsd#CONDENSEDCONSOLIDATEDSTATEMENTSOFOPERATIONS"/>
  <link:calculationLink xlink:role="http://www.gamestop.com/role/CONDENSEDCONSOLIDATEDSTATEMENTSOFOPERATIONS" xlink:type="extended">
    <link:loc xlink:type="locator" xlink:label="loc_us-gaap_GrossProfit_1b81cec0-c634-4f16-98a9-7d61e6eb55b3" xlink:href="https://xbrl.fasb.org/us-gaap/2024/elts/us-gaap-2024.xsd#us-gaap_GrossProfit"/>
    <link:loc xlink:type="locator" xlink:label="loc_us-gaap_CostOfRevenue_ede99cd5-9ae0-472e-97d2-f73f2e706c77" xlink:href="https://xbrl.fasb.org/us-gaap/2024/elts/us-gaap-2024.xsd#us-gaap_CostOfRevenue"/>
    <link:calculationArc order="1" weight="-1.0" xlink:arcrole="http://www.xbrl.org/2003/arcrole/summation-item" xlink:from="loc_us-gaap_GrossProfit_1b81cec0-c634-4f16-98a9-7d61e6eb55b3" xlink:to="loc_us-gaap_CostOfRevenue_ede99cd5-9ae0-472e-97d2-f73f2e706c77" xlink:type="arc"/>
    <link:loc xlink:type="locator" xlink:label="loc_us-gaap_Revenues_dfc2117e-41d7-4886-984d-cc8ee308803a" xlink:href="https://xbrl.fasb.org/us-gaap/2024/elts/us-gaap-2024.xsd#us-gaap_Revenues"/>
    <link:calculationArc order="2" weight="1.0" xlink:arcrole="http://www.xbrl.org/2003/arcrole/summation-item" xlink:from="loc_us-gaap_GrossProfit_1b81cec0-c634-4f16-98a9-7d61e6eb55b3" xlink:to="loc_us-gaap_Revenues_dfc2117e-41d7-4886-984d-cc8ee308803a" xlink:type="arc"/>
    <link:loc xlink:type="locator" xlink:label="loc_us-gaap_NetIncomeLoss_9c21bf5d-d691-4c3b-944b-558181d109bc" xlink:href="https://xbrl.fasb.org/us-gaap/2024/elts/us-gaap-2024.xsd#us-gaap_NetIncomeLoss"/>
    <link:loc xlink:type="locator" xlink:label="loc_us-gaap_IncomeLossFromContinuingOperationsBeforeIncomeTaxesExtraordinaryItemsNoncontrollingInterest_0759d975-8d1e-4f89-bd93-f57d7e95d92c" xlink:href="https://xbrl.fasb.org/us-gaap/2024/elts/us-gaap-2024.xsd#us-gaap_IncomeLossFromContinuingOperationsBeforeIncomeTaxesExtraordinaryItemsNoncontrollingInterest"/>
    <link:calculationArc order="1" weight="1.0" xlink:arcrole="http://www.xbrl.org/2003/arcrole/summation-item" xlink:from="loc_us-gaap_NetIncomeLoss_9c21bf5d-d691-4c3b-944b-558181d109bc" xlink:to="loc_us-gaap_IncomeLossFromContinuingOperationsBeforeIncomeTaxesExtraordinaryItemsNoncontrollingInterest_0759d975-8d1e-4f89-bd93-f57d7e95d92c" xlink:type="arc"/>
    <link:loc xlink:type="locator" xlink:label="loc_us-gaap_IncomeTaxExpenseBenefit_431c5451-36fe-4db7-a88e-b7ea2d6b7a98" xlink:href="https://xbrl.fasb.org/us-gaap/2024/elts/us-gaap-2024.xsd#us-gaap_IncomeTaxExpenseBenefit"/>
    <link:calculationArc order="2" weight="-1.0" xlink:arcrole="http://www.xbrl.org/2003/arcrole/summation-item" xlink:from="loc_us-gaap_NetIncomeLoss_9c21bf5d-d691-4c3b-944b-558181d109bc" xlink:to="loc_us-gaap_IncomeTaxExpenseBenefit_431c5451-36fe-4db7-a88e-b7ea2d6b7a98" xlink:type="arc"/>
    <link:loc xlink:type="locator" xlink:label="loc_us-gaap_OperatingIncomeLoss_2f4dd245-c28b-4fcc-b477-d6489d5e515d" xlink:href="https://xbrl.fasb.org/us-gaap/2024/elts/us-gaap-2024.xsd#us-gaap_OperatingIncomeLoss"/>
    <link:loc xlink:type="locator" xlink:label="loc_us-gaap_GrossProfit_abbf1086-2e3e-4c54-8493-67efc6a136a6" xlink:href="https://xbrl.fasb.org/us-gaap/2024/elts/us-gaap-2024.xsd#us-gaap_GrossProfit"/>
    <link:calculationArc order="1" weight="1.0" xlink:arcrole="http://www.xbrl.org/2003/arcrole/summation-item" xlink:from="loc_us-gaap_OperatingIncomeLoss_2f4dd245-c28b-4fcc-b477-d6489d5e515d" xlink:to="loc_us-gaap_GrossProfit_abbf1086-2e3e-4c54-8493-67efc6a136a6" xlink:type="arc"/>
    <link:loc xlink:type="locator" xlink:label="loc_us-gaap_SellingGeneralAndAdministrativeExpense_0246216b-c2c4-4f44-8b13-b25ee8af6b8e" xlink:href="https://xbrl.fasb.org/us-gaap/2024/elts/us-gaap-2024.xsd#us-gaap_SellingGeneralAndAdministrativeExpense"/>
    <link:calculationArc order="2" weight="-1.0" xlink:arcrole="http://www.xbrl.org/2003/arcrole/summation-item" xlink:from="loc_us-gaap_OperatingIncomeLoss_2f4dd245-c28b-4fcc-b477-d6489d5e515d" xlink:to="loc_us-gaap_SellingGeneralAndAdministrativeExpense_0246216b-c2c4-4f44-8b13-b25ee8af6b8e" xlink:type="arc"/>
    <link:loc xlink:type="locator" xlink:label="loc_us-gaap_IncomeLossFromContinuingOperationsBeforeIncomeTaxesExtraordinaryItemsNoncontrollingInterest_d31ff50b-0bc8-4e61-9cda-a7880176bb20" xlink:href="https://xbrl.fasb.org/us-gaap/2024/elts/us-gaap-2024.xsd#us-gaap_IncomeLossFromContinuingOperationsBeforeIncomeTaxesExtraordinaryItemsNoncontrollingInterest"/>
    <link:loc xlink:type="locator" xlink:label="loc_us-gaap_OperatingIncomeLoss_ef178721-2fb5-4c72-b0ea-192279c97424" xlink:href="https://xbrl.fasb.org/us-gaap/2024/elts/us-gaap-2024.xsd#us-gaap_OperatingIncomeLoss"/>
    <link:calculationArc order="1" weight="1.0" xlink:arcrole="http://www.xbrl.org/2003/arcrole/summation-item" xlink:from="loc_us-gaap_IncomeLossFromContinuingOperationsBeforeIncomeTaxesExtraordinaryItemsNoncontrollingInterest_d31ff50b-0bc8-4e61-9cda-a7880176bb20" xlink:to="loc_us-gaap_OperatingIncomeLoss_ef178721-2fb5-4c72-b0ea-192279c97424" xlink:type="arc"/>
    <link:loc xlink:type="locator" xlink:label="loc_us-gaap_InterestIncomeExpenseNonoperatingNet_6699c33f-45ad-4300-b344-cfa1c9e6cd4e" xlink:href="https://xbrl.fasb.org/us-gaap/2024/elts/us-gaap-2024.xsd#us-gaap_InterestIncomeExpenseNonoperatingNet"/>
    <link:calculationArc order="2" weight="1.0" xlink:arcrole="http://www.xbrl.org/2003/arcrole/summation-item" xlink:from="loc_us-gaap_IncomeLossFromContinuingOperationsBeforeIncomeTaxesExtraordinaryItemsNoncontrollingInterest_d31ff50b-0bc8-4e61-9cda-a7880176bb20" xlink:to="loc_us-gaap_InterestIncomeExpenseNonoperatingNet_6699c33f-45ad-4300-b344-cfa1c9e6cd4e" xlink:type="arc"/>
    <link:loc xlink:type="locator" xlink:label="loc_us-gaap_OtherNonoperatingIncomeExpense_4b6cb0d0-28c6-4ca2-b28f-a26596073b82" xlink:href="https://xbrl.fasb.org/us-gaap/2024/elts/us-gaap-2024.xsd#us-gaap_OtherNonoperatingIncomeExpense"/>
    <link:calculationArc order="3" weight="1.0" xlink:arcrole="http://www.xbrl.org/2003/arcrole/summation-item" xlink:from="loc_us-gaap_IncomeLossFromContinuingOperationsBeforeIncomeTaxesExtraordinaryItemsNoncontrollingInterest_d31ff50b-0bc8-4e61-9cda-a7880176bb20" xlink:to="loc_us-gaap_OtherNonoperatingIncomeExpense_4b6cb0d0-28c6-4ca2-b28f-a26596073b82" xlink:type="arc"/>
  </link:calculationLink>
  <link:roleRef roleURI="http://www.gamestop.com/role/CONDENSEDCONSOLIDATEDSTATEMENTSOFCOMPREHENSIVEINCOMELOSS" xlink:type="simple" xlink:href="gme-20240803.xsd#CONDENSEDCONSOLIDATEDSTATEMENTSOFCOMPREHENSIVEINCOMELOSS"/>
  <link:calculationLink xlink:role="http://www.gamestop.com/role/CONDENSEDCONSOLIDATEDSTATEMENTSOFCOMPREHENSIVEINCOMELOSS" xlink:type="extended">
    <link:loc xlink:type="locator" xlink:label="loc_us-gaap_ComprehensiveIncomeNetOfTax_dd514641-af0e-4953-a93d-00976259a742" xlink:href="https://xbrl.fasb.org/us-gaap/2024/elts/us-gaap-2024.xsd#us-gaap_ComprehensiveIncomeNetOfTax"/>
    <link:loc xlink:type="locator" xlink:label="loc_us-gaap_NetIncomeLoss_36c2359a-5b92-4da5-9f4d-cc62f5e8f508" xlink:href="https://xbrl.fasb.org/us-gaap/2024/elts/us-gaap-2024.xsd#us-gaap_NetIncomeLoss"/>
    <link:calculationArc order="1" weight="1.0" xlink:arcrole="http://www.xbrl.org/2003/arcrole/summation-item" xlink:from="loc_us-gaap_ComprehensiveIncomeNetOfTax_dd514641-af0e-4953-a93d-00976259a742" xlink:to="loc_us-gaap_NetIncomeLoss_36c2359a-5b92-4da5-9f4d-cc62f5e8f508" xlink:type="arc"/>
    <link:loc xlink:type="locator" xlink:label="loc_us-gaap_OtherComprehensiveIncomeForeignCurrencyTransactionAndTranslationAdjustmentNetOfTaxPortionAttributableToParent_e6ac6bf1-6d9d-4ea8-8366-38d5544f0818" xlink:href="https://xbrl.fasb.org/us-gaap/2024/elts/us-gaap-2024.xsd#us-gaap_OtherComprehensiveIncomeForeignCurrencyTransactionAndTranslationAdjustmentNetOfTaxPortionAttributableToParent"/>
    <link:calculationArc order="2" weight="1.0" xlink:arcrole="http://www.xbrl.org/2003/arcrole/summation-item" xlink:from="loc_us-gaap_ComprehensiveIncomeNetOfTax_dd514641-af0e-4953-a93d-00976259a742" xlink:to="loc_us-gaap_OtherComprehensiveIncomeForeignCurrencyTransactionAndTranslationAdjustmentNetOfTaxPortionAttributableToParent_e6ac6bf1-6d9d-4ea8-8366-38d5544f0818" xlink:type="arc"/>
    <link:loc xlink:type="locator" xlink:label="loc_us-gaap_OtherComprehensiveIncomeLossForeignCurrencyTransactionAndTranslationReclassificationAdjustmentFromAOCIRealizedUponSaleOrLiquidationNetOfTax_85954bb3-d911-4cb7-827d-b683a8977b98" xlink:href="https://xbrl.fasb.org/us-gaap/2024/elts/us-gaap-2024.xsd#us-gaap_OtherComprehensiveIncomeLossForeignCurrencyTransactionAndTranslationReclassificationAdjustmentFromAOCIRealizedUponSaleOrLiquidationNetOfTax"/>
    <link:calculationArc order="3" weight="-1.0" xlink:arcrole="http://www.xbrl.org/2003/arcrole/summation-item" xlink:from="loc_us-gaap_ComprehensiveIncomeNetOfTax_dd514641-af0e-4953-a93d-00976259a742" xlink:to="loc_us-gaap_OtherComprehensiveIncomeLossForeignCurrencyTransactionAndTranslationReclassificationAdjustmentFromAOCIRealizedUponSaleOrLiquidationNetOfTax_85954bb3-d911-4cb7-827d-b683a8977b98" xlink:type="arc"/>
    <link:loc xlink:type="locator" xlink:label="loc_us-gaap_OtherComprehensiveIncomeAvailableforsaleSecuritiesAdjustmentNetOfTaxPortionAttributableToParent_0578e90f-d6ef-4a75-8799-03726c2681e8" xlink:href="https://xbrl.fasb.org/us-gaap/2024/elts/us-gaap-2024.xsd#us-gaap_OtherComprehensiveIncomeAvailableforsaleSecuritiesAdjustmentNetOfTaxPortionAttributableToParent"/>
    <link:calculationArc order="4" weight="1.0" xlink:arcrole="http://www.xbrl.org/2003/arcrole/summation-item" xlink:from="loc_us-gaap_ComprehensiveIncomeNetOfTax_dd514641-af0e-4953-a93d-00976259a742" xlink:to="loc_us-gaap_OtherComprehensiveIncomeAvailableforsaleSecuritiesAdjustmentNetOfTaxPortionAttributableToParent_0578e90f-d6ef-4a75-8799-03726c2681e8" xlink:type="arc"/>
    <link:loc xlink:type="locator" xlink:label="loc_us-gaap_OtherComprehensiveIncomeLossReclassificationAdjustmentFromAOCIForSaleOfSecuritiesNetOfTax_801c9b86-df64-48a4-9dc8-cf6a56fce83d" xlink:href="https://xbrl.fasb.org/us-gaap/2024/elts/us-gaap-2024.xsd#us-gaap_OtherComprehensiveIncomeLossReclassificationAdjustmentFromAOCIForSaleOfSecuritiesNetOfTax"/>
    <link:calculationArc order="5" weight="-1.0" xlink:arcrole="http://www.xbrl.org/2003/arcrole/summation-item" xlink:from="loc_us-gaap_ComprehensiveIncomeNetOfTax_dd514641-af0e-4953-a93d-00976259a742" xlink:to="loc_us-gaap_OtherComprehensiveIncomeLossReclassificationAdjustmentFromAOCIForSaleOfSecuritiesNetOfTax_801c9b86-df64-48a4-9dc8-cf6a56fce83d" xlink:type="arc"/>
  </link:calculationLink>
  <link:roleRef roleURI="http://www.gamestop.com/role/CONDENSEDCONSOLIDATEDSTATEMENTSOFCASHFLOWS" xlink:type="simple" xlink:href="gme-20240803.xsd#CONDENSEDCONSOLIDATEDSTATEMENTSOFCASHFLOWS"/>
  <link:calculationLink xlink:role="http://www.gamestop.com/role/CONDENSEDCONSOLIDATEDSTATEMENTSOFCASHFLOWS" xlink:type="extended">
    <link:loc xlink:type="locator" xlink:label="loc_us-gaap_CashCashEquivalentsRestrictedCashAndRestrictedCashEquivalentsPeriodIncreaseDecreaseIncludingExchangeRateEffect_b709eb24-dcb0-4964-b604-f11997d036e6" xlink:href="https://xbrl.fasb.org/us-gaap/2024/elts/us-gaap-2024.xsd#us-gaap_CashCashEquivalentsRestrictedCashAndRestrictedCashEquivalentsPeriodIncreaseDecreaseIncludingExchangeRateEffect"/>
    <link:loc xlink:type="locator" xlink:label="loc_us-gaap_NetCashProvidedByUsedInFinancingActivities_7c1178ab-0ec5-4db0-acda-b4b73a2d4a87" xlink:href="https://xbrl.fasb.org/us-gaap/2024/elts/us-gaap-2024.xsd#us-gaap_NetCashProvidedByUsedInFinancingActivities"/>
    <link:calculationArc order="1" weight="1.0" xlink:arcrole="http://www.xbrl.org/2003/arcrole/summation-item" xlink:from="loc_us-gaap_CashCashEquivalentsRestrictedCashAndRestrictedCashEquivalentsPeriodIncreaseDecreaseIncludingExchangeRateEffect_b709eb24-dcb0-4964-b604-f11997d036e6" xlink:to="loc_us-gaap_NetCashProvidedByUsedInFinancingActivities_7c1178ab-0ec5-4db0-acda-b4b73a2d4a87" xlink:type="arc"/>
    <link:loc xlink:type="locator" xlink:label="loc_us-gaap_EffectOfExchangeRateOnCashCashEquivalentsRestrictedCashAndRestrictedCashEquivalents_b82b0d56-2dd2-4263-bde5-c75e73892c08" xlink:href="https://xbrl.fasb.org/us-gaap/2024/elts/us-gaap-2024.xsd#us-gaap_EffectOfExchangeRateOnCashCashEquivalentsRestrictedCashAndRestrictedCashEquivalents"/>
    <link:calculationArc order="2" weight="1.0" xlink:arcrole="http://www.xbrl.org/2003/arcrole/summation-item" xlink:from="loc_us-gaap_CashCashEquivalentsRestrictedCashAndRestrictedCashEquivalentsPeriodIncreaseDecreaseIncludingExchangeRateEffect_b709eb24-dcb0-4964-b604-f11997d036e6" xlink:to="loc_us-gaap_EffectOfExchangeRateOnCashCashEquivalentsRestrictedCashAndRestrictedCashEquivalents_b82b0d56-2dd2-4263-bde5-c75e73892c08" xlink:type="arc"/>
    <link:loc xlink:type="locator" xlink:label="loc_us-gaap_NetCashProvidedByUsedInInvestingActivities_2af25c17-ab6e-4f45-b2e7-7f512d0a5521" xlink:href="https://xbrl.fasb.org/us-gaap/2024/elts/us-gaap-2024.xsd#us-gaap_NetCashProvidedByUsedInInvestingActivities"/>
    <link:calculationArc order="3" weight="1.0" xlink:arcrole="http://www.xbrl.org/2003/arcrole/summation-item" xlink:from="loc_us-gaap_CashCashEquivalentsRestrictedCashAndRestrictedCashEquivalentsPeriodIncreaseDecreaseIncludingExchangeRateEffect_b709eb24-dcb0-4964-b604-f11997d036e6" xlink:to="loc_us-gaap_NetCashProvidedByUsedInInvestingActivities_2af25c17-ab6e-4f45-b2e7-7f512d0a5521" xlink:type="arc"/>
    <link:loc xlink:type="locator" xlink:label="loc_us-gaap_NetCashProvidedByUsedInOperatingActivities_eec45612-0449-4d1a-b65d-aa83f19e24eb" xlink:href="https://xbrl.fasb.org/us-gaap/2024/elts/us-gaap-2024.xsd#us-gaap_NetCashProvidedByUsedInOperatingActivities"/>
    <link:calculationArc order="4" weight="1.0" xlink:arcrole="http://www.xbrl.org/2003/arcrole/summation-item" xlink:from="loc_us-gaap_CashCashEquivalentsRestrictedCashAndRestrictedCashEquivalentsPeriodIncreaseDecreaseIncludingExchangeRateEffect_b709eb24-dcb0-4964-b604-f11997d036e6" xlink:to="loc_us-gaap_NetCashProvidedByUsedInOperatingActivities_eec45612-0449-4d1a-b65d-aa83f19e24eb" xlink:type="arc"/>
    <link:loc xlink:type="locator" xlink:label="loc_us-gaap_NetCashProvidedByUsedInOperatingActivities_c571ac27-e37b-4f2c-bc55-bdea16094a8d" xlink:href="https://xbrl.fasb.org/us-gaap/2024/elts/us-gaap-2024.xsd#us-gaap_NetCashProvidedByUsedInOperatingActivities"/>
    <link:loc xlink:type="locator" xlink:label="loc_us-gaap_IncreaseDecreaseInPrepaidDeferredExpenseAndOtherAssets_19e3f20d-6351-4307-b0f8-f83aba4d23bb" xlink:href="https://xbrl.fasb.org/us-gaap/2024/elts/us-gaap-2024.xsd#us-gaap_IncreaseDecreaseInPrepaidDeferredExpenseAndOtherAssets"/>
    <link:calculationArc order="1" weight="-1.0" xlink:arcrole="http://www.xbrl.org/2003/arcrole/summation-item" xlink:from="loc_us-gaap_NetCashProvidedByUsedInOperatingActivities_c571ac27-e37b-4f2c-bc55-bdea16094a8d" xlink:to="loc_us-gaap_IncreaseDecreaseInPrepaidDeferredExpenseAndOtherAssets_19e3f20d-6351-4307-b0f8-f83aba4d23bb" xlink:type="arc"/>
    <link:loc xlink:type="locator" xlink:label="loc_us-gaap_OtherOperatingActivitiesCashFlowStatement_a002d6dc-fdb8-4919-a6d9-28e5711a61b1" xlink:href="https://xbrl.fasb.org/us-gaap/2024/elts/us-gaap-2024.xsd#us-gaap_OtherOperatingActivitiesCashFlowStatement"/>
    <link:calculationArc order="2" weight="1.0" xlink:arcrole="http://www.xbrl.org/2003/arcrole/summation-item" xlink:from="loc_us-gaap_NetCashProvidedByUsedInOperatingActivities_c571ac27-e37b-4f2c-bc55-bdea16094a8d" xlink:to="loc_us-gaap_OtherOperatingActivitiesCashFlowStatement_a002d6dc-fdb8-4919-a6d9-28e5711a61b1" xlink:type="arc"/>
    <link:loc xlink:type="locator" xlink:label="loc_us-gaap_IncreaseDecreaseInAccountsPayableAndAccruedLiabilities_df1872c6-26e8-4d74-acc6-931648cef28c" xlink:href="https://xbrl.fasb.org/us-gaap/2024/elts/us-gaap-2024.xsd#us-gaap_IncreaseDecreaseInAccountsPayableAndAccruedLiabilities"/>
    <link:calculationArc order="3" weight="1.0" xlink:arcrole="http://www.xbrl.org/2003/arcrole/summation-item" xlink:from="loc_us-gaap_NetCashProvidedByUsedInOperatingActivities_c571ac27-e37b-4f2c-bc55-bdea16094a8d" xlink:to="loc_us-gaap_IncreaseDecreaseInAccountsPayableAndAccruedLiabilities_df1872c6-26e8-4d74-acc6-931648cef28c" xlink:type="arc"/>
    <link:loc xlink:type="locator" xlink:label="loc_gme_IncreaseDecreaseInRightOfUseAssetsAndLeaseLiabilities_52d46a01-91a9-45b6-be54-1ebc6d80c7e0" xlink:href="gme-20240803.xsd#gme_IncreaseDecreaseInRightOfUseAssetsAndLeaseLiabilities"/>
    <link:calculationArc order="4" weight="-1.0" xlink:arcrole="http://www.xbrl.org/2003/arcrole/summation-item" xlink:from="loc_us-gaap_NetCashProvidedByUsedInOperatingActivities_c571ac27-e37b-4f2c-bc55-bdea16094a8d" xlink:to="loc_gme_IncreaseDecreaseInRightOfUseAssetsAndLeaseLiabilities_52d46a01-91a9-45b6-be54-1ebc6d80c7e0" xlink:type="arc"/>
    <link:loc xlink:type="locator" xlink:label="loc_us-gaap_NetIncomeLoss_f7278ba1-8f65-43b7-922a-32587a2d3826" xlink:href="https://xbrl.fasb.org/us-gaap/2024/elts/us-gaap-2024.xsd#us-gaap_NetIncomeLoss"/>
    <link:calculationArc order="5" weight="1.0" xlink:arcrole="http://www.xbrl.org/2003/arcrole/summation-item" xlink:from="loc_us-gaap_NetCashProvidedByUsedInOperatingActivities_c571ac27-e37b-4f2c-bc55-bdea16094a8d" xlink:to="loc_us-gaap_NetIncomeLoss_f7278ba1-8f65-43b7-922a-32587a2d3826" xlink:type="arc"/>
    <link:loc xlink:type="locator" xlink:label="loc_us-gaap_ShareBasedCompensation_88987895-a55c-467a-898e-78850819537d" xlink:href="https://xbrl.fasb.org/us-gaap/2024/elts/us-gaap-2024.xsd#us-gaap_ShareBasedCompensation"/>
    <link:calculationArc order="6" weight="1.0" xlink:arcrole="http://www.xbrl.org/2003/arcrole/summation-item" xlink:from="loc_us-gaap_NetCashProvidedByUsedInOperatingActivities_c571ac27-e37b-4f2c-bc55-bdea16094a8d" xlink:to="loc_us-gaap_ShareBasedCompensation_88987895-a55c-467a-898e-78850819537d" xlink:type="arc"/>
    <link:loc xlink:type="locator" xlink:label="loc_us-gaap_IncreaseDecreaseInInventories_26e6ec71-33e5-4f29-b9a6-e2c6d90a8d2e" xlink:href="https://xbrl.fasb.org/us-gaap/2024/elts/us-gaap-2024.xsd#us-gaap_IncreaseDecreaseInInventories"/>
    <link:calculationArc order="7" weight="-1.0" xlink:arcrole="http://www.xbrl.org/2003/arcrole/summation-item" xlink:from="loc_us-gaap_NetCashProvidedByUsedInOperatingActivities_c571ac27-e37b-4f2c-bc55-bdea16094a8d" xlink:to="loc_us-gaap_IncreaseDecreaseInInventories_26e6ec71-33e5-4f29-b9a6-e2c6d90a8d2e" xlink:type="arc"/>
    <link:loc xlink:type="locator" xlink:label="loc_us-gaap_IncreaseDecreaseInOtherNoncurrentLiabilities_c3bc8db1-ec56-49a4-ba9f-fa3a8fa68e67" xlink:href="https://xbrl.fasb.org/us-gaap/2024/elts/us-gaap-2024.xsd#us-gaap_IncreaseDecreaseInOtherNoncurrentLiabilities"/>
    <link:calculationArc order="8" weight="1.0" xlink:arcrole="http://www.xbrl.org/2003/arcrole/summation-item" xlink:from="loc_us-gaap_NetCashProvidedByUsedInOperatingActivities_c571ac27-e37b-4f2c-bc55-bdea16094a8d" xlink:to="loc_us-gaap_IncreaseDecreaseInOtherNoncurrentLiabilities_c3bc8db1-ec56-49a4-ba9f-fa3a8fa68e67" xlink:type="arc"/>
    <link:loc xlink:type="locator" xlink:label="loc_us-gaap_OtherDepreciationAndAmortization_c5a604ed-bad8-4710-add0-650f13182caf" xlink:href="https://xbrl.fasb.org/us-gaap/2024/elts/us-gaap-2024.xsd#us-gaap_OtherDepreciationAndAmortization"/>
    <link:calculationArc order="9" weight="1.0" xlink:arcrole="http://www.xbrl.org/2003/arcrole/summation-item" xlink:from="loc_us-gaap_NetCashProvidedByUsedInOperatingActivities_c571ac27-e37b-4f2c-bc55-bdea16094a8d" xlink:to="loc_us-gaap_OtherDepreciationAndAmortization_c5a604ed-bad8-4710-add0-650f13182caf" xlink:type="arc"/>
    <link:loc xlink:type="locator" xlink:label="loc_us-gaap_IncreaseDecreaseInReceivables_30da7a29-3e06-4b8d-9c92-f917ff67282e" xlink:href="https://xbrl.fasb.org/us-gaap/2024/elts/us-gaap-2024.xsd#us-gaap_IncreaseDecreaseInReceivables"/>
    <link:calculationArc order="10" weight="-1.0" xlink:arcrole="http://www.xbrl.org/2003/arcrole/summation-item" xlink:from="loc_us-gaap_NetCashProvidedByUsedInOperatingActivities_c571ac27-e37b-4f2c-bc55-bdea16094a8d" xlink:to="loc_us-gaap_IncreaseDecreaseInReceivables_30da7a29-3e06-4b8d-9c92-f917ff67282e" xlink:type="arc"/>
    <link:loc xlink:type="locator" xlink:label="loc_gme_PrepaidIncomeTaxesAndAccruedIncomeTaxesPayable_c9ffb567-f2bc-47d4-8542-f08c6d4e8ae3" xlink:href="gme-20240803.xsd#gme_PrepaidIncomeTaxesAndAccruedIncomeTaxesPayable"/>
    <link:calculationArc order="11" weight="-1.0" xlink:arcrole="http://www.xbrl.org/2003/arcrole/summation-item" xlink:from="loc_us-gaap_NetCashProvidedByUsedInOperatingActivities_c571ac27-e37b-4f2c-bc55-bdea16094a8d" xlink:to="loc_gme_PrepaidIncomeTaxesAndAccruedIncomeTaxesPayable_c9ffb567-f2bc-47d4-8542-f08c6d4e8ae3" xlink:type="arc"/>
    <link:loc xlink:type="locator" xlink:label="loc_us-gaap_GainLossOnSaleOfPropertyPlantEquipment_99533a0a-c05c-4626-ade7-111f4635afc0" xlink:href="https://xbrl.fasb.org/us-gaap/2024/elts/us-gaap-2024.xsd#us-gaap_GainLossOnSaleOfPropertyPlantEquipment"/>
    <link:calculationArc order="12" weight="-1.0" xlink:arcrole="http://www.xbrl.org/2003/arcrole/summation-item" xlink:from="loc_us-gaap_NetCashProvidedByUsedInOperatingActivities_c571ac27-e37b-4f2c-bc55-bdea16094a8d" xlink:to="loc_us-gaap_GainLossOnSaleOfPropertyPlantEquipment_99533a0a-c05c-4626-ade7-111f4635afc0" xlink:type="arc"/>
    <link:loc xlink:type="locator" xlink:label="loc_us-gaap_NetCashProvidedByUsedInInvestingActivities_9a8600d2-492e-433b-95ad-6a61c8c781ad" xlink:href="https://xbrl.fasb.org/us-gaap/2024/elts/us-gaap-2024.xsd#us-gaap_NetCashProvidedByUsedInInvestingActivities"/>
    <link:loc xlink:type="locator" xlink:label="loc_us-gaap_ProceedsFromSaleOfPropertyPlantAndEquipment_c0bb6772-c436-4c1c-99e8-85e65e64532e" xlink:href="https://xbrl.fasb.org/us-gaap/2024/elts/us-gaap-2024.xsd#us-gaap_ProceedsFromSaleOfPropertyPlantAndEquipment"/>
    <link:calculationArc order="1" weight="1.0" xlink:arcrole="http://www.xbrl.org/2003/arcrole/summation-item" xlink:from="loc_us-gaap_NetCashProvidedByUsedInInvestingActivities_9a8600d2-492e-433b-95ad-6a61c8c781ad" xlink:to="loc_us-gaap_ProceedsFromSaleOfPropertyPlantAndEquipment_c0bb6772-c436-4c1c-99e8-85e65e64532e" xlink:type="arc"/>
    <link:loc xlink:type="locator" xlink:label="loc_us-gaap_PaymentsToAcquireMarketableSecurities_dcb3aca7-06e5-47d9-bb51-b754d18540fe" xlink:href="https://xbrl.fasb.org/us-gaap/2024/elts/us-gaap-2024.xsd#us-gaap_PaymentsToAcquireMarketableSecurities"/>
    <link:calculationArc order="2" weight="-1.0" xlink:arcrole="http://www.xbrl.org/2003/arcrole/summation-item" xlink:from="loc_us-gaap_NetCashProvidedByUsedInInvestingActivities_9a8600d2-492e-433b-95ad-6a61c8c781ad" xlink:to="loc_us-gaap_PaymentsToAcquireMarketableSecurities_dcb3aca7-06e5-47d9-bb51-b754d18540fe" xlink:type="arc"/>
    <link:loc xlink:type="locator" xlink:label="loc_us-gaap_ProceedsFromSaleAndMaturityOfMarketableSecurities_726ffab7-d58a-4419-91a1-72dd767dc3ce" xlink:href="https://xbrl.fasb.org/us-gaap/2024/elts/us-gaap-2024.xsd#us-gaap_ProceedsFromSaleAndMaturityOfMarketableSecurities"/>
    <link:calculationArc order="3" weight="1.0" xlink:arcrole="http://www.xbrl.org/2003/arcrole/summation-item" xlink:from="loc_us-gaap_NetCashProvidedByUsedInInvestingActivities_9a8600d2-492e-433b-95ad-6a61c8c781ad" xlink:to="loc_us-gaap_ProceedsFromSaleAndMaturityOfMarketableSecurities_726ffab7-d58a-4419-91a1-72dd767dc3ce" xlink:type="arc"/>
    <link:loc xlink:type="locator" xlink:label="loc_us-gaap_ProceedsFromSaleOfOtherAssetsInvestingActivities_c54016fa-020a-45b1-9723-add1b53417d2" xlink:href="https://xbrl.fasb.org/us-gaap/2024/elts/us-gaap-2024.xsd#us-gaap_ProceedsFromSaleOfOtherAssetsInvestingActivities"/>
    <link:calculationArc order="4" weight="1.0" xlink:arcrole="http://www.xbrl.org/2003/arcrole/summation-item" xlink:from="loc_us-gaap_NetCashProvidedByUsedInInvestingActivities_9a8600d2-492e-433b-95ad-6a61c8c781ad" xlink:to="loc_us-gaap_ProceedsFromSaleOfOtherAssetsInvestingActivities_c54016fa-020a-45b1-9723-add1b53417d2" xlink:type="arc"/>
    <link:loc xlink:type="locator" xlink:label="loc_us-gaap_PaymentsToAcquirePropertyPlantAndEquipment_4e0b305c-f7a1-4400-814a-90f64a4046ca" xlink:href="https://xbrl.fasb.org/us-gaap/2024/elts/us-gaap-2024.xsd#us-gaap_PaymentsToAcquirePropertyPlantAndEquipment"/>
    <link:calculationArc order="5" weight="-1.0" xlink:arcrole="http://www.xbrl.org/2003/arcrole/summation-item" xlink:from="loc_us-gaap_NetCashProvidedByUsedInInvestingActivities_9a8600d2-492e-433b-95ad-6a61c8c781ad" xlink:to="loc_us-gaap_PaymentsToAcquirePropertyPlantAndEquipment_4e0b305c-f7a1-4400-814a-90f64a4046ca" xlink:type="arc"/>
    <link:loc xlink:type="locator" xlink:label="loc_us-gaap_NetCashProvidedByUsedInFinancingActivities_ae649354-3716-4010-b4fb-5b1aed810b4a" xlink:href="https://xbrl.fasb.org/us-gaap/2024/elts/us-gaap-2024.xsd#us-gaap_NetCashProvidedByUsedInFinancingActivities"/>
    <link:loc xlink:type="locator" xlink:label="loc_us-gaap_ProceedsFromIssuanceOfCommonStock_0f4a4790-86d3-44ff-979f-2a397e2d0a30" xlink:href="https://xbrl.fasb.org/us-gaap/2024/elts/us-gaap-2024.xsd#us-gaap_ProceedsFromIssuanceOfCommonStock"/>
    <link:calculationArc order="1" weight="1.0" xlink:arcrole="http://www.xbrl.org/2003/arcrole/summation-item" xlink:from="loc_us-gaap_NetCashProvidedByUsedInFinancingActivities_ae649354-3716-4010-b4fb-5b1aed810b4a" xlink:to="loc_us-gaap_ProceedsFromIssuanceOfCommonStock_0f4a4790-86d3-44ff-979f-2a397e2d0a30" xlink:type="arc"/>
    <link:loc xlink:type="locator" xlink:label="loc_gme_SettlementOfStockBasedAwards_696c2478-a186-4f13-95a2-45c20e36d9ee" xlink:href="gme-20240803.xsd#gme_SettlementOfStockBasedAwards"/>
    <link:calculationArc order="2" weight="-1.0" xlink:arcrole="http://www.xbrl.org/2003/arcrole/summation-item" xlink:from="loc_us-gaap_NetCashProvidedByUsedInFinancingActivities_ae649354-3716-4010-b4fb-5b1aed810b4a" xlink:to="loc_gme_SettlementOfStockBasedAwards_696c2478-a186-4f13-95a2-45c20e36d9ee" xlink:type="arc"/>
    <link:loc xlink:type="locator" xlink:label="loc_us-gaap_RepaymentsOfDebt_cf07ce93-cf37-407a-89f6-194a51a969dc" xlink:href="https://xbrl.fasb.org/us-gaap/2024/elts/us-gaap-2024.xsd#us-gaap_RepaymentsOfDebt"/>
    <link:calculationArc order="3" weight="-1.0" xlink:arcrole="http://www.xbrl.org/2003/arcrole/summation-item" xlink:from="loc_us-gaap_NetCashProvidedByUsedInFinancingActivities_ae649354-3716-4010-b4fb-5b1aed810b4a" xlink:to="loc_us-gaap_RepaymentsOfDebt_cf07ce93-cf37-407a-89f6-194a51a969dc" xlink:type="arc"/>
  </link:calculationLink>
  <link:roleRef roleURI="http://www.gamestop.com/role/SummaryofSignificantAccountingPoliciesCashCashEquivalentsandRestrictedCashDetails" xlink:type="simple" xlink:href="gme-20240803.xsd#SummaryofSignificantAccountingPoliciesCashCashEquivalentsandRestrictedCashDetails"/>
  <link:calculationLink xlink:role="http://www.gamestop.com/role/SummaryofSignificantAccountingPoliciesCashCashEquivalentsandRestrictedCashDetails" xlink:type="extended">
    <link:loc xlink:type="locator" xlink:label="loc_us-gaap_CashCashEquivalentsRestrictedCashAndRestrictedCashEquivalents_5f5a2731-75e7-4dd2-95e6-b04cc1ba1e4b" xlink:href="https://xbrl.fasb.org/us-gaap/2024/elts/us-gaap-2024.xsd#us-gaap_CashCashEquivalentsRestrictedCashAndRestrictedCashEquivalents"/>
    <link:loc xlink:type="locator" xlink:label="loc_us-gaap_CashAndCashEquivalentsAtCarryingValue_893e5894-253b-47c1-bf40-6c4f3ad98ac0" xlink:href="https://xbrl.fasb.org/us-gaap/2024/elts/us-gaap-2024.xsd#us-gaap_CashAndCashEquivalentsAtCarryingValue"/>
    <link:calculationArc order="1" weight="1.0" xlink:arcrole="http://www.xbrl.org/2003/arcrole/summation-item" xlink:from="loc_us-gaap_CashCashEquivalentsRestrictedCashAndRestrictedCashEquivalents_5f5a2731-75e7-4dd2-95e6-b04cc1ba1e4b" xlink:to="loc_us-gaap_CashAndCashEquivalentsAtCarryingValue_893e5894-253b-47c1-bf40-6c4f3ad98ac0" xlink:type="arc"/>
    <link:loc xlink:type="locator" xlink:label="loc_us-gaap_RestrictedCashAndCashEquivalentsAtCarryingValue_a117d61d-fb26-4b62-bd1d-8ff1dfceff1f" xlink:href="https://xbrl.fasb.org/us-gaap/2024/elts/us-gaap-2024.xsd#us-gaap_RestrictedCashAndCashEquivalentsAtCarryingValue"/>
    <link:calculationArc order="2" weight="1.0" xlink:arcrole="http://www.xbrl.org/2003/arcrole/summation-item" xlink:from="loc_us-gaap_CashCashEquivalentsRestrictedCashAndRestrictedCashEquivalents_5f5a2731-75e7-4dd2-95e6-b04cc1ba1e4b" xlink:to="loc_us-gaap_RestrictedCashAndCashEquivalentsAtCarryingValue_a117d61d-fb26-4b62-bd1d-8ff1dfceff1f" xlink:type="arc"/>
    <link:loc xlink:type="locator" xlink:label="loc_us-gaap_RestrictedCashAndCashEquivalentsNoncurrent_d765c977-36b9-4ad3-9496-39348393eb96" xlink:href="https://xbrl.fasb.org/us-gaap/2024/elts/us-gaap-2024.xsd#us-gaap_RestrictedCashAndCashEquivalentsNoncurrent"/>
    <link:calculationArc order="3" weight="1.0" xlink:arcrole="http://www.xbrl.org/2003/arcrole/summation-item" xlink:from="loc_us-gaap_CashCashEquivalentsRestrictedCashAndRestrictedCashEquivalents_5f5a2731-75e7-4dd2-95e6-b04cc1ba1e4b" xlink:to="loc_us-gaap_RestrictedCashAndCashEquivalentsNoncurrent_d765c977-36b9-4ad3-9496-39348393eb96" xlink:type="arc"/>
  </link:calculationLink>
  <link:roleRef roleURI="http://www.gamestop.com/role/FairValueMeasurementsFairValueofAssetsandLiabilitiesMeasuredatFairValueonRecurringBasisDetails" xlink:type="simple" xlink:href="gme-20240803.xsd#FairValueMeasurementsFairValueofAssetsandLiabilitiesMeasuredatFairValueonRecurringBasisDetails"/>
  <link:calculationLink xlink:role="http://www.gamestop.com/role/FairValueMeasurementsFairValueofAssetsandLiabilitiesMeasuredatFairValueonRecurringBasisDetails" xlink:type="extended">
    <link:loc xlink:type="locator" xlink:label="loc_us-gaap_LiabilitiesFairValueDisclosure_c8691dc9-84dc-4699-a367-b5340a205f01" xlink:href="https://xbrl.fasb.org/us-gaap/2024/elts/us-gaap-2024.xsd#us-gaap_LiabilitiesFairValueDisclosure"/>
    <link:loc xlink:type="locator" xlink:label="loc_gme_DeferredCompensationPlanLiabilitiesFairValueDisclosure_813a18d3-f8e6-4eda-8560-4f74035ac3dd" xlink:href="gme-20240803.xsd#gme_DeferredCompensationPlanLiabilitiesFairValueDisclosure"/>
    <link:calculationArc order="1" weight="1.0" xlink:arcrole="http://www.xbrl.org/2003/arcrole/summation-item" xlink:from="loc_us-gaap_LiabilitiesFairValueDisclosure_c8691dc9-84dc-4699-a367-b5340a205f01" xlink:to="loc_gme_DeferredCompensationPlanLiabilitiesFairValueDisclosure_813a18d3-f8e6-4eda-8560-4f74035ac3dd" xlink:type="arc"/>
    <link:loc xlink:type="locator" xlink:label="loc_us-gaap_ForeignCurrencyDerivativeInstrumentsNotDesignatedAsHedgingInstrumentsLiabilityAtFairValue_027a9f9f-3405-471d-bdb0-b4b888c6b5ca" xlink:href="https://xbrl.fasb.org/us-gaap/2024/elts/us-gaap-2024.xsd#us-gaap_ForeignCurrencyDerivativeInstrumentsNotDesignatedAsHedgingInstrumentsLiabilityAtFairValue"/>
    <link:calculationArc order="2" weight="1.0" xlink:arcrole="http://www.xbrl.org/2003/arcrole/summation-item" xlink:from="loc_us-gaap_LiabilitiesFairValueDisclosure_c8691dc9-84dc-4699-a367-b5340a205f01" xlink:to="loc_us-gaap_ForeignCurrencyDerivativeInstrumentsNotDesignatedAsHedgingInstrumentsLiabilityAtFairValue_027a9f9f-3405-471d-bdb0-b4b888c6b5ca" xlink:type="arc"/>
    <link:loc xlink:type="locator" xlink:label="loc_us-gaap_AvailableForSaleDebtSecuritiesAmortizedCostBasis_f2b76df9-9172-473d-99b0-ff2ebc41df7b" xlink:href="https://xbrl.fasb.org/us-gaap/2024/elts/us-gaap-2024.xsd#us-gaap_AvailableForSaleDebtSecuritiesAmortizedCostBasis"/>
    <link:loc xlink:type="locator" xlink:label="loc_us-gaap_AvailableForSaleSecuritiesDebtSecurities_a0918e88-7985-476a-a2c4-3ce1257582a9" xlink:href="https://xbrl.fasb.org/us-gaap/2024/elts/us-gaap-2024.xsd#us-gaap_AvailableForSaleSecuritiesDebtSecurities"/>
    <link:calculationArc order="1" weight="1.0" xlink:arcrole="http://www.xbrl.org/2003/arcrole/summation-item" xlink:from="loc_us-gaap_AvailableForSaleDebtSecuritiesAmortizedCostBasis_f2b76df9-9172-473d-99b0-ff2ebc41df7b" xlink:to="loc_us-gaap_AvailableForSaleSecuritiesDebtSecurities_a0918e88-7985-476a-a2c4-3ce1257582a9" xlink:type="arc"/>
    <link:loc xlink:type="locator" xlink:label="loc_us-gaap_AvailableForSaleDebtSecuritiesAccumulatedGrossUnrealizedLossBeforeTax_67a35fb5-0c9b-4bc6-86db-4e71a4a17a5e" xlink:href="https://xbrl.fasb.org/us-gaap/2024/elts/us-gaap-2024.xsd#us-gaap_AvailableForSaleDebtSecuritiesAccumulatedGrossUnrealizedLossBeforeTax"/>
    <link:calculationArc order="2" weight="1.0" xlink:arcrole="http://www.xbrl.org/2003/arcrole/summation-item" xlink:from="loc_us-gaap_AvailableForSaleDebtSecuritiesAmortizedCostBasis_f2b76df9-9172-473d-99b0-ff2ebc41df7b" xlink:to="loc_us-gaap_AvailableForSaleDebtSecuritiesAccumulatedGrossUnrealizedLossBeforeTax_67a35fb5-0c9b-4bc6-86db-4e71a4a17a5e" xlink:type="arc"/>
    <link:loc xlink:type="locator" xlink:label="loc_us-gaap_AvailableForSaleDebtSecuritiesAccumulatedGrossUnrealizedGainBeforeTax_d9dc2206-dc7b-4688-85a1-ae7f6305fba3" xlink:href="https://xbrl.fasb.org/us-gaap/2024/elts/us-gaap-2024.xsd#us-gaap_AvailableForSaleDebtSecuritiesAccumulatedGrossUnrealizedGainBeforeTax"/>
    <link:calculationArc order="3" weight="-1.0" xlink:arcrole="http://www.xbrl.org/2003/arcrole/summation-item" xlink:from="loc_us-gaap_AvailableForSaleDebtSecuritiesAmortizedCostBasis_f2b76df9-9172-473d-99b0-ff2ebc41df7b" xlink:to="loc_us-gaap_AvailableForSaleDebtSecuritiesAccumulatedGrossUnrealizedGainBeforeTax_d9dc2206-dc7b-4688-85a1-ae7f6305fba3" xlink:type="arc"/>
  </link:calculationLink>
  <link:roleRef roleURI="http://www.gamestop.com/role/EarningsPerShareDetails" xlink:type="simple" xlink:href="gme-20240803.xsd#EarningsPerShareDetails"/>
  <link:calculationLink xlink:role="http://www.gamestop.com/role/EarningsPerShareDetails" xlink:type="extended">
    <link:loc xlink:type="locator" xlink:label="loc_us-gaap_WeightedAverageNumberOfDilutedSharesOutstanding_b2aac7eb-8883-47c7-8e2c-adb6fe19290d" xlink:href="https://xbrl.fasb.org/us-gaap/2024/elts/us-gaap-2024.xsd#us-gaap_WeightedAverageNumberOfDilutedSharesOutstanding"/>
    <link:loc xlink:type="locator" xlink:label="loc_us-gaap_WeightedAverageNumberDilutedSharesOutstandingAdjustment_d7df4c3e-a3dc-41a7-9f7e-222f9a34b34a" xlink:href="https://xbrl.fasb.org/us-gaap/2024/elts/us-gaap-2024.xsd#us-gaap_WeightedAverageNumberDilutedSharesOutstandingAdjustment"/>
    <link:calculationArc order="1" weight="1.0" xlink:arcrole="http://www.xbrl.org/2003/arcrole/summation-item" xlink:from="loc_us-gaap_WeightedAverageNumberOfDilutedSharesOutstanding_b2aac7eb-8883-47c7-8e2c-adb6fe19290d" xlink:to="loc_us-gaap_WeightedAverageNumberDilutedSharesOutstandingAdjustment_d7df4c3e-a3dc-41a7-9f7e-222f9a34b34a" xlink:type="arc"/>
    <link:loc xlink:type="locator" xlink:label="loc_us-gaap_WeightedAverageNumberOfSharesOutstandingBasic_3826df59-518c-43eb-a69e-7566e21b3e63" xlink:href="https://xbrl.fasb.org/us-gaap/2024/elts/us-gaap-2024.xsd#us-gaap_WeightedAverageNumberOfSharesOutstandingBasic"/>
    <link:calculationArc order="2" weight="1.0" xlink:arcrole="http://www.xbrl.org/2003/arcrole/summation-item" xlink:from="loc_us-gaap_WeightedAverageNumberOfDilutedSharesOutstanding_b2aac7eb-8883-47c7-8e2c-adb6fe19290d" xlink:to="loc_us-gaap_WeightedAverageNumberOfSharesOutstandingBasic_3826df59-518c-43eb-a69e-7566e21b3e63" xlink:type="arc"/>
  </link:calculationLink>
</link:linkbase>
