<?xml version="1.0" encoding="UTF-8"?>

<!--XBRL Document Created with the Workiva Platform-->
<!--Copyright 2024 Workiva-->
<!--r:b53244ad-a069-4233-8412-5ce25e08c076,g:50ab7201-50ac-4426-a70c-6c39713915bf-->
<link:linkbase xmlns:link="http://www.xbrl.org/2003/linkbase" xmlns:xlink="http://www.w3.org/1999/xlink" xmlns:xsi="http://www.w3.org/2001/XMLSchema-instance" xsi:schemaLocation="http://www.xbrl.org/2003/linkbase http://www.xbrl.org/2003/xbrl-linkbase-2003-12-31.xsd">
  <link:roleRef roleURI="http://www.gamestop.com/role/CONDENSEDCONSOLIDATEDBALANCESHEETS" xlink:type="simple" xlink:href="gme-20240504.xsd#CONDENSEDCONSOLIDATEDBALANCESHEETS"/>
  <link:calculationLink xlink:role="http://www.gamestop.com/role/CONDENSEDCONSOLIDATEDBALANCESHEETS" xlink:type="extended">
    <link:loc xlink:type="locator" xlink:label="loc_us-gaap_LiabilitiesAndStockholdersEquity_be33fb99-9aec-46dd-977f-4b9398885a1e" xlink:href="https://xbrl.fasb.org/us-gaap/2023/elts/us-gaap-2023.xsd#us-gaap_LiabilitiesAndStockholdersEquity"/>
    <link:loc xlink:type="locator" xlink:label="loc_us-gaap_Liabilities_e5499f95-0b50-4f9a-b548-7ce2cab6d39d" xlink:href="https://xbrl.fasb.org/us-gaap/2023/elts/us-gaap-2023.xsd#us-gaap_Liabilities"/>
    <link:calculationArc order="1" weight="1.0" xlink:arcrole="http://www.xbrl.org/2003/arcrole/summation-item" xlink:from="loc_us-gaap_LiabilitiesAndStockholdersEquity_be33fb99-9aec-46dd-977f-4b9398885a1e" xlink:to="loc_us-gaap_Liabilities_e5499f95-0b50-4f9a-b548-7ce2cab6d39d" xlink:type="arc"/>
    <link:loc xlink:type="locator" xlink:label="loc_us-gaap_StockholdersEquityIncludingPortionAttributableToNoncontrollingInterest_f27c8fe4-6239-48bd-8466-5dc599ef2371" xlink:href="https://xbrl.fasb.org/us-gaap/2023/elts/us-gaap-2023.xsd#us-gaap_StockholdersEquityIncludingPortionAttributableToNoncontrollingInterest"/>
    <link:calculationArc order="2" weight="1.0" xlink:arcrole="http://www.xbrl.org/2003/arcrole/summation-item" xlink:from="loc_us-gaap_LiabilitiesAndStockholdersEquity_be33fb99-9aec-46dd-977f-4b9398885a1e" xlink:to="loc_us-gaap_StockholdersEquityIncludingPortionAttributableToNoncontrollingInterest_f27c8fe4-6239-48bd-8466-5dc599ef2371" xlink:type="arc"/>
    <link:loc xlink:type="locator" xlink:label="loc_us-gaap_LiabilitiesCurrent_ea175152-4b4d-489e-8592-ef2dd1ad0121" xlink:href="https://xbrl.fasb.org/us-gaap/2023/elts/us-gaap-2023.xsd#us-gaap_LiabilitiesCurrent"/>
    <link:loc xlink:type="locator" xlink:label="loc_us-gaap_AccountsPayableCurrent_36ee0e95-b8de-4251-945d-2676f1ea30f3" xlink:href="https://xbrl.fasb.org/us-gaap/2023/elts/us-gaap-2023.xsd#us-gaap_AccountsPayableCurrent"/>
    <link:calculationArc order="1" weight="1.0" xlink:arcrole="http://www.xbrl.org/2003/arcrole/summation-item" xlink:from="loc_us-gaap_LiabilitiesCurrent_ea175152-4b4d-489e-8592-ef2dd1ad0121" xlink:to="loc_us-gaap_AccountsPayableCurrent_36ee0e95-b8de-4251-945d-2676f1ea30f3" xlink:type="arc"/>
    <link:loc xlink:type="locator" xlink:label="loc_us-gaap_AccruedLiabilitiesCurrent_06a6f69f-54c7-4fe5-98c7-aeab25e0abbc" xlink:href="https://xbrl.fasb.org/us-gaap/2023/elts/us-gaap-2023.xsd#us-gaap_AccruedLiabilitiesCurrent"/>
    <link:calculationArc order="2" weight="1.0" xlink:arcrole="http://www.xbrl.org/2003/arcrole/summation-item" xlink:from="loc_us-gaap_LiabilitiesCurrent_ea175152-4b4d-489e-8592-ef2dd1ad0121" xlink:to="loc_us-gaap_AccruedLiabilitiesCurrent_06a6f69f-54c7-4fe5-98c7-aeab25e0abbc" xlink:type="arc"/>
    <link:loc xlink:type="locator" xlink:label="loc_us-gaap_OperatingLeaseLiabilityCurrent_fc299c34-e44f-4769-9c20-580fc7b03324" xlink:href="https://xbrl.fasb.org/us-gaap/2023/elts/us-gaap-2023.xsd#us-gaap_OperatingLeaseLiabilityCurrent"/>
    <link:calculationArc order="3" weight="1.0" xlink:arcrole="http://www.xbrl.org/2003/arcrole/summation-item" xlink:from="loc_us-gaap_LiabilitiesCurrent_ea175152-4b4d-489e-8592-ef2dd1ad0121" xlink:to="loc_us-gaap_OperatingLeaseLiabilityCurrent_fc299c34-e44f-4769-9c20-580fc7b03324" xlink:type="arc"/>
    <link:loc xlink:type="locator" xlink:label="loc_us-gaap_LongTermDebtCurrent_a959d44f-7921-47d0-98ac-891d408c593f" xlink:href="https://xbrl.fasb.org/us-gaap/2023/elts/us-gaap-2023.xsd#us-gaap_LongTermDebtCurrent"/>
    <link:calculationArc order="4" weight="1.0" xlink:arcrole="http://www.xbrl.org/2003/arcrole/summation-item" xlink:from="loc_us-gaap_LiabilitiesCurrent_ea175152-4b4d-489e-8592-ef2dd1ad0121" xlink:to="loc_us-gaap_LongTermDebtCurrent_a959d44f-7921-47d0-98ac-891d408c593f" xlink:type="arc"/>
    <link:loc xlink:type="locator" xlink:label="loc_us-gaap_AssetsCurrent_58af00fb-3de5-48f1-a0f0-73abdc0c98b1" xlink:href="https://xbrl.fasb.org/us-gaap/2023/elts/us-gaap-2023.xsd#us-gaap_AssetsCurrent"/>
    <link:loc xlink:type="locator" xlink:label="loc_us-gaap_CashAndCashEquivalentsAtCarryingValue_f6d12822-369e-4428-83b4-0a2f1351ff1c" xlink:href="https://xbrl.fasb.org/us-gaap/2023/elts/us-gaap-2023.xsd#us-gaap_CashAndCashEquivalentsAtCarryingValue"/>
    <link:calculationArc order="1" weight="1.0" xlink:arcrole="http://www.xbrl.org/2003/arcrole/summation-item" xlink:from="loc_us-gaap_AssetsCurrent_58af00fb-3de5-48f1-a0f0-73abdc0c98b1" xlink:to="loc_us-gaap_CashAndCashEquivalentsAtCarryingValue_f6d12822-369e-4428-83b4-0a2f1351ff1c" xlink:type="arc"/>
    <link:loc xlink:type="locator" xlink:label="loc_us-gaap_MarketableSecuritiesCurrent_7930455d-66f1-4ef8-891b-927fe6ebc5c9" xlink:href="https://xbrl.fasb.org/us-gaap/2023/elts/us-gaap-2023.xsd#us-gaap_MarketableSecuritiesCurrent"/>
    <link:calculationArc order="2" weight="1.0" xlink:arcrole="http://www.xbrl.org/2003/arcrole/summation-item" xlink:from="loc_us-gaap_AssetsCurrent_58af00fb-3de5-48f1-a0f0-73abdc0c98b1" xlink:to="loc_us-gaap_MarketableSecuritiesCurrent_7930455d-66f1-4ef8-891b-927fe6ebc5c9" xlink:type="arc"/>
    <link:loc xlink:type="locator" xlink:label="loc_us-gaap_ReceivablesNetCurrent_d67a7b1f-3e5d-4f75-9425-6d8f2b1dde66" xlink:href="https://xbrl.fasb.org/us-gaap/2023/elts/us-gaap-2023.xsd#us-gaap_ReceivablesNetCurrent"/>
    <link:calculationArc order="3" weight="1.0" xlink:arcrole="http://www.xbrl.org/2003/arcrole/summation-item" xlink:from="loc_us-gaap_AssetsCurrent_58af00fb-3de5-48f1-a0f0-73abdc0c98b1" xlink:to="loc_us-gaap_ReceivablesNetCurrent_d67a7b1f-3e5d-4f75-9425-6d8f2b1dde66" xlink:type="arc"/>
    <link:loc xlink:type="locator" xlink:label="loc_us-gaap_InventoryNet_57821b71-82cb-4011-9286-7bb161f2a963" xlink:href="https://xbrl.fasb.org/us-gaap/2023/elts/us-gaap-2023.xsd#us-gaap_InventoryNet"/>
    <link:calculationArc order="4" weight="1.0" xlink:arcrole="http://www.xbrl.org/2003/arcrole/summation-item" xlink:from="loc_us-gaap_AssetsCurrent_58af00fb-3de5-48f1-a0f0-73abdc0c98b1" xlink:to="loc_us-gaap_InventoryNet_57821b71-82cb-4011-9286-7bb161f2a963" xlink:type="arc"/>
    <link:loc xlink:type="locator" xlink:label="loc_us-gaap_PrepaidExpenseCurrent_5bf08db2-9e08-42c0-8a17-20f86620e9a7" xlink:href="https://xbrl.fasb.org/us-gaap/2023/elts/us-gaap-2023.xsd#us-gaap_PrepaidExpenseCurrent"/>
    <link:calculationArc order="5" weight="1.0" xlink:arcrole="http://www.xbrl.org/2003/arcrole/summation-item" xlink:from="loc_us-gaap_AssetsCurrent_58af00fb-3de5-48f1-a0f0-73abdc0c98b1" xlink:to="loc_us-gaap_PrepaidExpenseCurrent_5bf08db2-9e08-42c0-8a17-20f86620e9a7" xlink:type="arc"/>
    <link:loc xlink:type="locator" xlink:label="loc_us-gaap_Liabilities_d7283e71-55a9-4553-9bc5-4590042a2faa" xlink:href="https://xbrl.fasb.org/us-gaap/2023/elts/us-gaap-2023.xsd#us-gaap_Liabilities"/>
    <link:loc xlink:type="locator" xlink:label="loc_us-gaap_LiabilitiesCurrent_8d04762d-f817-448f-aed0-3adf00ad09a2" xlink:href="https://xbrl.fasb.org/us-gaap/2023/elts/us-gaap-2023.xsd#us-gaap_LiabilitiesCurrent"/>
    <link:calculationArc order="1" weight="1.0" xlink:arcrole="http://www.xbrl.org/2003/arcrole/summation-item" xlink:from="loc_us-gaap_Liabilities_d7283e71-55a9-4553-9bc5-4590042a2faa" xlink:to="loc_us-gaap_LiabilitiesCurrent_8d04762d-f817-448f-aed0-3adf00ad09a2" xlink:type="arc"/>
    <link:loc xlink:type="locator" xlink:label="loc_us-gaap_LongTermNotesPayable_56db59a4-4af1-49fe-9b34-c366eecddffe" xlink:href="https://xbrl.fasb.org/us-gaap/2023/elts/us-gaap-2023.xsd#us-gaap_LongTermNotesPayable"/>
    <link:calculationArc order="2" weight="1.0" xlink:arcrole="http://www.xbrl.org/2003/arcrole/summation-item" xlink:from="loc_us-gaap_Liabilities_d7283e71-55a9-4553-9bc5-4590042a2faa" xlink:to="loc_us-gaap_LongTermNotesPayable_56db59a4-4af1-49fe-9b34-c366eecddffe" xlink:type="arc"/>
    <link:loc xlink:type="locator" xlink:label="loc_us-gaap_OperatingLeaseLiabilityNoncurrent_4e9382d7-6a10-43af-97ee-d683661273b5" xlink:href="https://xbrl.fasb.org/us-gaap/2023/elts/us-gaap-2023.xsd#us-gaap_OperatingLeaseLiabilityNoncurrent"/>
    <link:calculationArc order="3" weight="1.0" xlink:arcrole="http://www.xbrl.org/2003/arcrole/summation-item" xlink:from="loc_us-gaap_Liabilities_d7283e71-55a9-4553-9bc5-4590042a2faa" xlink:to="loc_us-gaap_OperatingLeaseLiabilityNoncurrent_4e9382d7-6a10-43af-97ee-d683661273b5" xlink:type="arc"/>
    <link:loc xlink:type="locator" xlink:label="loc_us-gaap_OtherLiabilitiesNoncurrent_577c456c-1905-4d95-897a-0bcda126695d" xlink:href="https://xbrl.fasb.org/us-gaap/2023/elts/us-gaap-2023.xsd#us-gaap_OtherLiabilitiesNoncurrent"/>
    <link:calculationArc order="4" weight="1.0" xlink:arcrole="http://www.xbrl.org/2003/arcrole/summation-item" xlink:from="loc_us-gaap_Liabilities_d7283e71-55a9-4553-9bc5-4590042a2faa" xlink:to="loc_us-gaap_OtherLiabilitiesNoncurrent_577c456c-1905-4d95-897a-0bcda126695d" xlink:type="arc"/>
    <link:loc xlink:type="locator" xlink:label="loc_us-gaap_Assets_8209bfd9-48f7-4b26-b96f-1f4502412680" xlink:href="https://xbrl.fasb.org/us-gaap/2023/elts/us-gaap-2023.xsd#us-gaap_Assets"/>
    <link:loc xlink:type="locator" xlink:label="loc_us-gaap_AssetsCurrent_7fbd3dee-8ceb-4e4b-a150-86fa0af06248" xlink:href="https://xbrl.fasb.org/us-gaap/2023/elts/us-gaap-2023.xsd#us-gaap_AssetsCurrent"/>
    <link:calculationArc order="1" weight="1.0" xlink:arcrole="http://www.xbrl.org/2003/arcrole/summation-item" xlink:from="loc_us-gaap_Assets_8209bfd9-48f7-4b26-b96f-1f4502412680" xlink:to="loc_us-gaap_AssetsCurrent_7fbd3dee-8ceb-4e4b-a150-86fa0af06248" xlink:type="arc"/>
    <link:loc xlink:type="locator" xlink:label="loc_us-gaap_PropertyPlantAndEquipmentNet_03289902-ba60-4648-bcff-6c53be63e7b3" xlink:href="https://xbrl.fasb.org/us-gaap/2023/elts/us-gaap-2023.xsd#us-gaap_PropertyPlantAndEquipmentNet"/>
    <link:calculationArc order="2" weight="1.0" xlink:arcrole="http://www.xbrl.org/2003/arcrole/summation-item" xlink:from="loc_us-gaap_Assets_8209bfd9-48f7-4b26-b96f-1f4502412680" xlink:to="loc_us-gaap_PropertyPlantAndEquipmentNet_03289902-ba60-4648-bcff-6c53be63e7b3" xlink:type="arc"/>
    <link:loc xlink:type="locator" xlink:label="loc_us-gaap_OperatingLeaseRightOfUseAsset_0edf7703-509b-41ba-97a9-3d0cdd7095bc" xlink:href="https://xbrl.fasb.org/us-gaap/2023/elts/us-gaap-2023.xsd#us-gaap_OperatingLeaseRightOfUseAsset"/>
    <link:calculationArc order="3" weight="1.0" xlink:arcrole="http://www.xbrl.org/2003/arcrole/summation-item" xlink:from="loc_us-gaap_Assets_8209bfd9-48f7-4b26-b96f-1f4502412680" xlink:to="loc_us-gaap_OperatingLeaseRightOfUseAsset_0edf7703-509b-41ba-97a9-3d0cdd7095bc" xlink:type="arc"/>
    <link:loc xlink:type="locator" xlink:label="loc_us-gaap_DeferredIncomeTaxAssetsNet_0a48b2c2-789d-46d4-85df-ac9d0e6cf161" xlink:href="https://xbrl.fasb.org/us-gaap/2023/elts/us-gaap-2023.xsd#us-gaap_DeferredIncomeTaxAssetsNet"/>
    <link:calculationArc order="4" weight="1.0" xlink:arcrole="http://www.xbrl.org/2003/arcrole/summation-item" xlink:from="loc_us-gaap_Assets_8209bfd9-48f7-4b26-b96f-1f4502412680" xlink:to="loc_us-gaap_DeferredIncomeTaxAssetsNet_0a48b2c2-789d-46d4-85df-ac9d0e6cf161" xlink:type="arc"/>
    <link:loc xlink:type="locator" xlink:label="loc_us-gaap_OtherAssetsNoncurrent_8318b548-7988-4dda-982a-cbb1ebdfa62d" xlink:href="https://xbrl.fasb.org/us-gaap/2023/elts/us-gaap-2023.xsd#us-gaap_OtherAssetsNoncurrent"/>
    <link:calculationArc order="5" weight="1.0" xlink:arcrole="http://www.xbrl.org/2003/arcrole/summation-item" xlink:from="loc_us-gaap_Assets_8209bfd9-48f7-4b26-b96f-1f4502412680" xlink:to="loc_us-gaap_OtherAssetsNoncurrent_8318b548-7988-4dda-982a-cbb1ebdfa62d" xlink:type="arc"/>
    <link:loc xlink:type="locator" xlink:label="loc_us-gaap_StockholdersEquityIncludingPortionAttributableToNoncontrollingInterest_067c0637-b00f-4696-8fc3-65ec211bfc72" xlink:href="https://xbrl.fasb.org/us-gaap/2023/elts/us-gaap-2023.xsd#us-gaap_StockholdersEquityIncludingPortionAttributableToNoncontrollingInterest"/>
    <link:loc xlink:type="locator" xlink:label="loc_us-gaap_CommonStockValue_6d2fd352-6d8f-420d-b798-5c666683be20" xlink:href="https://xbrl.fasb.org/us-gaap/2023/elts/us-gaap-2023.xsd#us-gaap_CommonStockValue"/>
    <link:calculationArc order="1" weight="1.0" xlink:arcrole="http://www.xbrl.org/2003/arcrole/summation-item" xlink:from="loc_us-gaap_StockholdersEquityIncludingPortionAttributableToNoncontrollingInterest_067c0637-b00f-4696-8fc3-65ec211bfc72" xlink:to="loc_us-gaap_CommonStockValue_6d2fd352-6d8f-420d-b798-5c666683be20" xlink:type="arc"/>
    <link:loc xlink:type="locator" xlink:label="loc_us-gaap_AdditionalPaidInCapitalCommonStock_e80090c7-a044-409d-8b7c-c76b938d7556" xlink:href="https://xbrl.fasb.org/us-gaap/2023/elts/us-gaap-2023.xsd#us-gaap_AdditionalPaidInCapitalCommonStock"/>
    <link:calculationArc order="2" weight="1.0" xlink:arcrole="http://www.xbrl.org/2003/arcrole/summation-item" xlink:from="loc_us-gaap_StockholdersEquityIncludingPortionAttributableToNoncontrollingInterest_067c0637-b00f-4696-8fc3-65ec211bfc72" xlink:to="loc_us-gaap_AdditionalPaidInCapitalCommonStock_e80090c7-a044-409d-8b7c-c76b938d7556" xlink:type="arc"/>
    <link:loc xlink:type="locator" xlink:label="loc_us-gaap_AccumulatedOtherComprehensiveIncomeLossNetOfTax_0a42d4ac-55c9-47ab-9b32-6834b1f6661a" xlink:href="https://xbrl.fasb.org/us-gaap/2023/elts/us-gaap-2023.xsd#us-gaap_AccumulatedOtherComprehensiveIncomeLossNetOfTax"/>
    <link:calculationArc order="3" weight="1.0" xlink:arcrole="http://www.xbrl.org/2003/arcrole/summation-item" xlink:from="loc_us-gaap_StockholdersEquityIncludingPortionAttributableToNoncontrollingInterest_067c0637-b00f-4696-8fc3-65ec211bfc72" xlink:to="loc_us-gaap_AccumulatedOtherComprehensiveIncomeLossNetOfTax_0a42d4ac-55c9-47ab-9b32-6834b1f6661a" xlink:type="arc"/>
    <link:loc xlink:type="locator" xlink:label="loc_us-gaap_RetainedEarningsAccumulatedDeficit_e7aa092a-0da2-4d29-8b6e-48f4a4fdb1b0" xlink:href="https://xbrl.fasb.org/us-gaap/2023/elts/us-gaap-2023.xsd#us-gaap_RetainedEarningsAccumulatedDeficit"/>
    <link:calculationArc order="4" weight="1.0" xlink:arcrole="http://www.xbrl.org/2003/arcrole/summation-item" xlink:from="loc_us-gaap_StockholdersEquityIncludingPortionAttributableToNoncontrollingInterest_067c0637-b00f-4696-8fc3-65ec211bfc72" xlink:to="loc_us-gaap_RetainedEarningsAccumulatedDeficit_e7aa092a-0da2-4d29-8b6e-48f4a4fdb1b0" xlink:type="arc"/>
  </link:calculationLink>
  <link:roleRef roleURI="http://www.gamestop.com/role/CONDENSEDCONSOLIDATEDSTATEMENTSOFOPERATIONS" xlink:type="simple" xlink:href="gme-20240504.xsd#CONDENSEDCONSOLIDATEDSTATEMENTSOFOPERATIONS"/>
  <link:calculationLink xlink:role="http://www.gamestop.com/role/CONDENSEDCONSOLIDATEDSTATEMENTSOFOPERATIONS" xlink:type="extended">
    <link:loc xlink:type="locator" xlink:label="loc_us-gaap_NetIncomeLoss_b19c3786-d8ad-49f8-b63e-7c18e34a4ec4" xlink:href="https://xbrl.fasb.org/us-gaap/2023/elts/us-gaap-2023.xsd#us-gaap_NetIncomeLoss"/>
    <link:loc xlink:type="locator" xlink:label="loc_us-gaap_IncomeLossFromContinuingOperationsBeforeIncomeTaxesExtraordinaryItemsNoncontrollingInterest_a4b87143-fbf9-45e2-b783-e68fd15553f1" xlink:href="https://xbrl.fasb.org/us-gaap/2023/elts/us-gaap-2023.xsd#us-gaap_IncomeLossFromContinuingOperationsBeforeIncomeTaxesExtraordinaryItemsNoncontrollingInterest"/>
    <link:calculationArc order="1" weight="1.0" xlink:arcrole="http://www.xbrl.org/2003/arcrole/summation-item" xlink:from="loc_us-gaap_NetIncomeLoss_b19c3786-d8ad-49f8-b63e-7c18e34a4ec4" xlink:to="loc_us-gaap_IncomeLossFromContinuingOperationsBeforeIncomeTaxesExtraordinaryItemsNoncontrollingInterest_a4b87143-fbf9-45e2-b783-e68fd15553f1" xlink:type="arc"/>
    <link:loc xlink:type="locator" xlink:label="loc_us-gaap_IncomeTaxExpenseBenefit_10b838a0-f864-4d77-a428-95055633f0e2" xlink:href="https://xbrl.fasb.org/us-gaap/2023/elts/us-gaap-2023.xsd#us-gaap_IncomeTaxExpenseBenefit"/>
    <link:calculationArc order="2" weight="-1.0" xlink:arcrole="http://www.xbrl.org/2003/arcrole/summation-item" xlink:from="loc_us-gaap_NetIncomeLoss_b19c3786-d8ad-49f8-b63e-7c18e34a4ec4" xlink:to="loc_us-gaap_IncomeTaxExpenseBenefit_10b838a0-f864-4d77-a428-95055633f0e2" xlink:type="arc"/>
    <link:loc xlink:type="locator" xlink:label="loc_us-gaap_GrossProfit_1a2ac393-a983-413f-8b01-6b31eaa181a5" xlink:href="https://xbrl.fasb.org/us-gaap/2023/elts/us-gaap-2023.xsd#us-gaap_GrossProfit"/>
    <link:loc xlink:type="locator" xlink:label="loc_us-gaap_Revenues_4fc104a4-0be0-42f7-8364-6835edc53c13" xlink:href="https://xbrl.fasb.org/us-gaap/2023/elts/us-gaap-2023.xsd#us-gaap_Revenues"/>
    <link:calculationArc order="1" weight="1.0" xlink:arcrole="http://www.xbrl.org/2003/arcrole/summation-item" xlink:from="loc_us-gaap_GrossProfit_1a2ac393-a983-413f-8b01-6b31eaa181a5" xlink:to="loc_us-gaap_Revenues_4fc104a4-0be0-42f7-8364-6835edc53c13" xlink:type="arc"/>
    <link:loc xlink:type="locator" xlink:label="loc_us-gaap_CostOfRevenue_b0ebfc59-2908-430f-bd0a-8066d85189b4" xlink:href="https://xbrl.fasb.org/us-gaap/2023/elts/us-gaap-2023.xsd#us-gaap_CostOfRevenue"/>
    <link:calculationArc order="2" weight="-1.0" xlink:arcrole="http://www.xbrl.org/2003/arcrole/summation-item" xlink:from="loc_us-gaap_GrossProfit_1a2ac393-a983-413f-8b01-6b31eaa181a5" xlink:to="loc_us-gaap_CostOfRevenue_b0ebfc59-2908-430f-bd0a-8066d85189b4" xlink:type="arc"/>
    <link:loc xlink:type="locator" xlink:label="loc_us-gaap_IncomeLossFromContinuingOperationsBeforeIncomeTaxesExtraordinaryItemsNoncontrollingInterest_19c9d767-326c-413c-bd57-bc76f5c7d7a1" xlink:href="https://xbrl.fasb.org/us-gaap/2023/elts/us-gaap-2023.xsd#us-gaap_IncomeLossFromContinuingOperationsBeforeIncomeTaxesExtraordinaryItemsNoncontrollingInterest"/>
    <link:loc xlink:type="locator" xlink:label="loc_us-gaap_OperatingIncomeLoss_9618b24c-3303-480a-95f2-7be5dc4aef01" xlink:href="https://xbrl.fasb.org/us-gaap/2023/elts/us-gaap-2023.xsd#us-gaap_OperatingIncomeLoss"/>
    <link:calculationArc order="1" weight="1.0" xlink:arcrole="http://www.xbrl.org/2003/arcrole/summation-item" xlink:from="loc_us-gaap_IncomeLossFromContinuingOperationsBeforeIncomeTaxesExtraordinaryItemsNoncontrollingInterest_19c9d767-326c-413c-bd57-bc76f5c7d7a1" xlink:to="loc_us-gaap_OperatingIncomeLoss_9618b24c-3303-480a-95f2-7be5dc4aef01" xlink:type="arc"/>
    <link:loc xlink:type="locator" xlink:label="loc_us-gaap_InterestIncomeExpenseNet_8df963c9-1a6a-490c-9633-4a89a8a4dce4" xlink:href="https://xbrl.fasb.org/us-gaap/2023/elts/us-gaap-2023.xsd#us-gaap_InterestIncomeExpenseNet"/>
    <link:calculationArc order="2" weight="1.0" xlink:arcrole="http://www.xbrl.org/2003/arcrole/summation-item" xlink:from="loc_us-gaap_IncomeLossFromContinuingOperationsBeforeIncomeTaxesExtraordinaryItemsNoncontrollingInterest_19c9d767-326c-413c-bd57-bc76f5c7d7a1" xlink:to="loc_us-gaap_InterestIncomeExpenseNet_8df963c9-1a6a-490c-9633-4a89a8a4dce4" xlink:type="arc"/>
    <link:loc xlink:type="locator" xlink:label="loc_us-gaap_OtherNonoperatingIncomeExpense_a5b95f86-ea0f-4e1c-b33f-c5e17e5e091d" xlink:href="https://xbrl.fasb.org/us-gaap/2023/elts/us-gaap-2023.xsd#us-gaap_OtherNonoperatingIncomeExpense"/>
    <link:calculationArc order="3" weight="1.0" xlink:arcrole="http://www.xbrl.org/2003/arcrole/summation-item" xlink:from="loc_us-gaap_IncomeLossFromContinuingOperationsBeforeIncomeTaxesExtraordinaryItemsNoncontrollingInterest_19c9d767-326c-413c-bd57-bc76f5c7d7a1" xlink:to="loc_us-gaap_OtherNonoperatingIncomeExpense_a5b95f86-ea0f-4e1c-b33f-c5e17e5e091d" xlink:type="arc"/>
    <link:loc xlink:type="locator" xlink:label="loc_us-gaap_OperatingIncomeLoss_bc6a90a8-f330-4904-bd3c-c4765066ce5d" xlink:href="https://xbrl.fasb.org/us-gaap/2023/elts/us-gaap-2023.xsd#us-gaap_OperatingIncomeLoss"/>
    <link:loc xlink:type="locator" xlink:label="loc_us-gaap_GrossProfit_d776c0a3-9734-41e2-9d54-a90fb1ef18b7" xlink:href="https://xbrl.fasb.org/us-gaap/2023/elts/us-gaap-2023.xsd#us-gaap_GrossProfit"/>
    <link:calculationArc order="1" weight="1.0" xlink:arcrole="http://www.xbrl.org/2003/arcrole/summation-item" xlink:from="loc_us-gaap_OperatingIncomeLoss_bc6a90a8-f330-4904-bd3c-c4765066ce5d" xlink:to="loc_us-gaap_GrossProfit_d776c0a3-9734-41e2-9d54-a90fb1ef18b7" xlink:type="arc"/>
    <link:loc xlink:type="locator" xlink:label="loc_us-gaap_SellingGeneralAndAdministrativeExpense_3785fa09-4cf8-4cbc-87e8-65816f2b9064" xlink:href="https://xbrl.fasb.org/us-gaap/2023/elts/us-gaap-2023.xsd#us-gaap_SellingGeneralAndAdministrativeExpense"/>
    <link:calculationArc order="2" weight="-1.0" xlink:arcrole="http://www.xbrl.org/2003/arcrole/summation-item" xlink:from="loc_us-gaap_OperatingIncomeLoss_bc6a90a8-f330-4904-bd3c-c4765066ce5d" xlink:to="loc_us-gaap_SellingGeneralAndAdministrativeExpense_3785fa09-4cf8-4cbc-87e8-65816f2b9064" xlink:type="arc"/>
  </link:calculationLink>
  <link:roleRef roleURI="http://www.gamestop.com/role/CONDENSEDCONSOLIDATEDSTATEMENTSOFCOMPREHENSIVELOSS" xlink:type="simple" xlink:href="gme-20240504.xsd#CONDENSEDCONSOLIDATEDSTATEMENTSOFCOMPREHENSIVELOSS"/>
  <link:calculationLink xlink:role="http://www.gamestop.com/role/CONDENSEDCONSOLIDATEDSTATEMENTSOFCOMPREHENSIVELOSS" xlink:type="extended">
    <link:loc xlink:type="locator" xlink:label="loc_us-gaap_ComprehensiveIncomeNetOfTax_742e6e4c-e24c-4df6-95ae-e121174b9209" xlink:href="https://xbrl.fasb.org/us-gaap/2023/elts/us-gaap-2023.xsd#us-gaap_ComprehensiveIncomeNetOfTax"/>
    <link:loc xlink:type="locator" xlink:label="loc_us-gaap_NetIncomeLoss_a2f07841-e9e3-4aed-bc79-11ab44765115" xlink:href="https://xbrl.fasb.org/us-gaap/2023/elts/us-gaap-2023.xsd#us-gaap_NetIncomeLoss"/>
    <link:calculationArc order="1" weight="1.0" xlink:arcrole="http://www.xbrl.org/2003/arcrole/summation-item" xlink:from="loc_us-gaap_ComprehensiveIncomeNetOfTax_742e6e4c-e24c-4df6-95ae-e121174b9209" xlink:to="loc_us-gaap_NetIncomeLoss_a2f07841-e9e3-4aed-bc79-11ab44765115" xlink:type="arc"/>
    <link:loc xlink:type="locator" xlink:label="loc_us-gaap_OtherComprehensiveIncomeForeignCurrencyTransactionAndTranslationAdjustmentNetOfTaxPortionAttributableToParent_3ffd5532-1d2e-424c-879a-2f847c725c83" xlink:href="https://xbrl.fasb.org/us-gaap/2023/elts/us-gaap-2023.xsd#us-gaap_OtherComprehensiveIncomeForeignCurrencyTransactionAndTranslationAdjustmentNetOfTaxPortionAttributableToParent"/>
    <link:calculationArc order="2" weight="1.0" xlink:arcrole="http://www.xbrl.org/2003/arcrole/summation-item" xlink:from="loc_us-gaap_ComprehensiveIncomeNetOfTax_742e6e4c-e24c-4df6-95ae-e121174b9209" xlink:to="loc_us-gaap_OtherComprehensiveIncomeForeignCurrencyTransactionAndTranslationAdjustmentNetOfTaxPortionAttributableToParent_3ffd5532-1d2e-424c-879a-2f847c725c83" xlink:type="arc"/>
    <link:loc xlink:type="locator" xlink:label="loc_us-gaap_OtherComprehensiveIncomeLossForeignCurrencyTransactionAndTranslationReclassificationAdjustmentFromAOCIRealizedUponSaleOrLiquidationNetOfTax_a858a9c3-74ff-4268-9cb0-2ad2abb541a3" xlink:href="https://xbrl.fasb.org/us-gaap/2023/elts/us-gaap-2023.xsd#us-gaap_OtherComprehensiveIncomeLossForeignCurrencyTransactionAndTranslationReclassificationAdjustmentFromAOCIRealizedUponSaleOrLiquidationNetOfTax"/>
    <link:calculationArc order="3" weight="-1.0" xlink:arcrole="http://www.xbrl.org/2003/arcrole/summation-item" xlink:from="loc_us-gaap_ComprehensiveIncomeNetOfTax_742e6e4c-e24c-4df6-95ae-e121174b9209" xlink:to="loc_us-gaap_OtherComprehensiveIncomeLossForeignCurrencyTransactionAndTranslationReclassificationAdjustmentFromAOCIRealizedUponSaleOrLiquidationNetOfTax_a858a9c3-74ff-4268-9cb0-2ad2abb541a3" xlink:type="arc"/>
    <link:loc xlink:type="locator" xlink:label="loc_us-gaap_OtherComprehensiveIncomeAvailableforsaleSecuritiesAdjustmentNetOfTaxPortionAttributableToParent_731cbdc7-9059-45aa-9c51-d5f667cd4fe7" xlink:href="https://xbrl.fasb.org/us-gaap/2023/elts/us-gaap-2023.xsd#us-gaap_OtherComprehensiveIncomeAvailableforsaleSecuritiesAdjustmentNetOfTaxPortionAttributableToParent"/>
    <link:calculationArc order="4" weight="1.0" xlink:arcrole="http://www.xbrl.org/2003/arcrole/summation-item" xlink:from="loc_us-gaap_ComprehensiveIncomeNetOfTax_742e6e4c-e24c-4df6-95ae-e121174b9209" xlink:to="loc_us-gaap_OtherComprehensiveIncomeAvailableforsaleSecuritiesAdjustmentNetOfTaxPortionAttributableToParent_731cbdc7-9059-45aa-9c51-d5f667cd4fe7" xlink:type="arc"/>
    <link:loc xlink:type="locator" xlink:label="loc_us-gaap_OtherComprehensiveIncomeLossReclassificationAdjustmentFromAOCIForSaleOfSecuritiesNetOfTax_2b28b217-dfca-455b-9c5f-205683ccc037" xlink:href="https://xbrl.fasb.org/us-gaap/2023/elts/us-gaap-2023.xsd#us-gaap_OtherComprehensiveIncomeLossReclassificationAdjustmentFromAOCIForSaleOfSecuritiesNetOfTax"/>
    <link:calculationArc order="5" weight="-1.0" xlink:arcrole="http://www.xbrl.org/2003/arcrole/summation-item" xlink:from="loc_us-gaap_ComprehensiveIncomeNetOfTax_742e6e4c-e24c-4df6-95ae-e121174b9209" xlink:to="loc_us-gaap_OtherComprehensiveIncomeLossReclassificationAdjustmentFromAOCIForSaleOfSecuritiesNetOfTax_2b28b217-dfca-455b-9c5f-205683ccc037" xlink:type="arc"/>
  </link:calculationLink>
  <link:roleRef roleURI="http://www.gamestop.com/role/CONDENSEDCONSOLIDATEDSTATEMENTSOFCASHFLOWS" xlink:type="simple" xlink:href="gme-20240504.xsd#CONDENSEDCONSOLIDATEDSTATEMENTSOFCASHFLOWS"/>
  <link:calculationLink xlink:role="http://www.gamestop.com/role/CONDENSEDCONSOLIDATEDSTATEMENTSOFCASHFLOWS" xlink:type="extended">
    <link:loc xlink:type="locator" xlink:label="loc_us-gaap_CashCashEquivalentsRestrictedCashAndRestrictedCashEquivalentsPeriodIncreaseDecreaseIncludingExchangeRateEffect_987752bd-d980-482c-96c7-157fe8e7594d" xlink:href="https://xbrl.fasb.org/us-gaap/2023/elts/us-gaap-2023.xsd#us-gaap_CashCashEquivalentsRestrictedCashAndRestrictedCashEquivalentsPeriodIncreaseDecreaseIncludingExchangeRateEffect"/>
    <link:loc xlink:type="locator" xlink:label="loc_us-gaap_NetCashProvidedByUsedInOperatingActivities_39fa680f-b793-46df-ac1c-43cf6fdaa38f" xlink:href="https://xbrl.fasb.org/us-gaap/2023/elts/us-gaap-2023.xsd#us-gaap_NetCashProvidedByUsedInOperatingActivities"/>
    <link:calculationArc order="1" weight="1.0" xlink:arcrole="http://www.xbrl.org/2003/arcrole/summation-item" xlink:from="loc_us-gaap_CashCashEquivalentsRestrictedCashAndRestrictedCashEquivalentsPeriodIncreaseDecreaseIncludingExchangeRateEffect_987752bd-d980-482c-96c7-157fe8e7594d" xlink:to="loc_us-gaap_NetCashProvidedByUsedInOperatingActivities_39fa680f-b793-46df-ac1c-43cf6fdaa38f" xlink:type="arc"/>
    <link:loc xlink:type="locator" xlink:label="loc_us-gaap_NetCashProvidedByUsedInInvestingActivities_a0d5a424-9ae9-4970-ab17-88935a71f4a8" xlink:href="https://xbrl.fasb.org/us-gaap/2023/elts/us-gaap-2023.xsd#us-gaap_NetCashProvidedByUsedInInvestingActivities"/>
    <link:calculationArc order="2" weight="1.0" xlink:arcrole="http://www.xbrl.org/2003/arcrole/summation-item" xlink:from="loc_us-gaap_CashCashEquivalentsRestrictedCashAndRestrictedCashEquivalentsPeriodIncreaseDecreaseIncludingExchangeRateEffect_987752bd-d980-482c-96c7-157fe8e7594d" xlink:to="loc_us-gaap_NetCashProvidedByUsedInInvestingActivities_a0d5a424-9ae9-4970-ab17-88935a71f4a8" xlink:type="arc"/>
    <link:loc xlink:type="locator" xlink:label="loc_us-gaap_NetCashProvidedByUsedInFinancingActivities_9e4ae00d-72d0-4c4c-bcbe-bba3fc929430" xlink:href="https://xbrl.fasb.org/us-gaap/2023/elts/us-gaap-2023.xsd#us-gaap_NetCashProvidedByUsedInFinancingActivities"/>
    <link:calculationArc order="3" weight="1.0" xlink:arcrole="http://www.xbrl.org/2003/arcrole/summation-item" xlink:from="loc_us-gaap_CashCashEquivalentsRestrictedCashAndRestrictedCashEquivalentsPeriodIncreaseDecreaseIncludingExchangeRateEffect_987752bd-d980-482c-96c7-157fe8e7594d" xlink:to="loc_us-gaap_NetCashProvidedByUsedInFinancingActivities_9e4ae00d-72d0-4c4c-bcbe-bba3fc929430" xlink:type="arc"/>
    <link:loc xlink:type="locator" xlink:label="loc_us-gaap_EffectOfExchangeRateOnCashCashEquivalentsRestrictedCashAndRestrictedCashEquivalents_0185a221-7c14-40cb-a568-14e0a86769f8" xlink:href="https://xbrl.fasb.org/us-gaap/2023/elts/us-gaap-2023.xsd#us-gaap_EffectOfExchangeRateOnCashCashEquivalentsRestrictedCashAndRestrictedCashEquivalents"/>
    <link:calculationArc order="4" weight="1.0" xlink:arcrole="http://www.xbrl.org/2003/arcrole/summation-item" xlink:from="loc_us-gaap_CashCashEquivalentsRestrictedCashAndRestrictedCashEquivalentsPeriodIncreaseDecreaseIncludingExchangeRateEffect_987752bd-d980-482c-96c7-157fe8e7594d" xlink:to="loc_us-gaap_EffectOfExchangeRateOnCashCashEquivalentsRestrictedCashAndRestrictedCashEquivalents_0185a221-7c14-40cb-a568-14e0a86769f8" xlink:type="arc"/>
    <link:loc xlink:type="locator" xlink:label="loc_us-gaap_NetCashProvidedByUsedInInvestingActivities_8d55d070-ff0e-476e-b10d-7e6beb1901c9" xlink:href="https://xbrl.fasb.org/us-gaap/2023/elts/us-gaap-2023.xsd#us-gaap_NetCashProvidedByUsedInInvestingActivities"/>
    <link:loc xlink:type="locator" xlink:label="loc_us-gaap_ProceedsFromSaleOfOtherAssetsInvestingActivities_d90e4c52-9c5e-4012-a21a-ae43b87d4b8c" xlink:href="https://xbrl.fasb.org/us-gaap/2023/elts/us-gaap-2023.xsd#us-gaap_ProceedsFromSaleOfOtherAssetsInvestingActivities"/>
    <link:calculationArc order="1" weight="1.0" xlink:arcrole="http://www.xbrl.org/2003/arcrole/summation-item" xlink:from="loc_us-gaap_NetCashProvidedByUsedInInvestingActivities_8d55d070-ff0e-476e-b10d-7e6beb1901c9" xlink:to="loc_us-gaap_ProceedsFromSaleOfOtherAssetsInvestingActivities_d90e4c52-9c5e-4012-a21a-ae43b87d4b8c" xlink:type="arc"/>
    <link:loc xlink:type="locator" xlink:label="loc_us-gaap_PaymentsToAcquireMarketableSecurities_e4c0e42f-fea5-4c22-a1b1-c55549c26c42" xlink:href="https://xbrl.fasb.org/us-gaap/2023/elts/us-gaap-2023.xsd#us-gaap_PaymentsToAcquireMarketableSecurities"/>
    <link:calculationArc order="2" weight="-1.0" xlink:arcrole="http://www.xbrl.org/2003/arcrole/summation-item" xlink:from="loc_us-gaap_NetCashProvidedByUsedInInvestingActivities_8d55d070-ff0e-476e-b10d-7e6beb1901c9" xlink:to="loc_us-gaap_PaymentsToAcquireMarketableSecurities_e4c0e42f-fea5-4c22-a1b1-c55549c26c42" xlink:type="arc"/>
    <link:loc xlink:type="locator" xlink:label="loc_us-gaap_ProceedsFromSaleAndMaturityOfMarketableSecurities_4bd786be-15cf-4cd1-9e3c-6019112a8749" xlink:href="https://xbrl.fasb.org/us-gaap/2023/elts/us-gaap-2023.xsd#us-gaap_ProceedsFromSaleAndMaturityOfMarketableSecurities"/>
    <link:calculationArc order="3" weight="1.0" xlink:arcrole="http://www.xbrl.org/2003/arcrole/summation-item" xlink:from="loc_us-gaap_NetCashProvidedByUsedInInvestingActivities_8d55d070-ff0e-476e-b10d-7e6beb1901c9" xlink:to="loc_us-gaap_ProceedsFromSaleAndMaturityOfMarketableSecurities_4bd786be-15cf-4cd1-9e3c-6019112a8749" xlink:type="arc"/>
    <link:loc xlink:type="locator" xlink:label="loc_us-gaap_PaymentsToAcquirePropertyPlantAndEquipment_c9ef3a97-6de7-42b4-9d86-fa1afa33ac82" xlink:href="https://xbrl.fasb.org/us-gaap/2023/elts/us-gaap-2023.xsd#us-gaap_PaymentsToAcquirePropertyPlantAndEquipment"/>
    <link:calculationArc order="4" weight="-1.0" xlink:arcrole="http://www.xbrl.org/2003/arcrole/summation-item" xlink:from="loc_us-gaap_NetCashProvidedByUsedInInvestingActivities_8d55d070-ff0e-476e-b10d-7e6beb1901c9" xlink:to="loc_us-gaap_PaymentsToAcquirePropertyPlantAndEquipment_c9ef3a97-6de7-42b4-9d86-fa1afa33ac82" xlink:type="arc"/>
    <link:loc xlink:type="locator" xlink:label="loc_us-gaap_PaymentsForProceedsFromOtherInvestingActivities_d330e85f-976f-40b8-83f5-0a85916924aa" xlink:href="https://xbrl.fasb.org/us-gaap/2023/elts/us-gaap-2023.xsd#us-gaap_PaymentsForProceedsFromOtherInvestingActivities"/>
    <link:calculationArc order="5" weight="-1.0" xlink:arcrole="http://www.xbrl.org/2003/arcrole/summation-item" xlink:from="loc_us-gaap_NetCashProvidedByUsedInInvestingActivities_8d55d070-ff0e-476e-b10d-7e6beb1901c9" xlink:to="loc_us-gaap_PaymentsForProceedsFromOtherInvestingActivities_d330e85f-976f-40b8-83f5-0a85916924aa" xlink:type="arc"/>
    <link:loc xlink:type="locator" xlink:label="loc_us-gaap_NetCashProvidedByUsedInOperatingActivities_3718d300-c8d5-48de-b997-4ea93ad8fc9a" xlink:href="https://xbrl.fasb.org/us-gaap/2023/elts/us-gaap-2023.xsd#us-gaap_NetCashProvidedByUsedInOperatingActivities"/>
    <link:loc xlink:type="locator" xlink:label="loc_gme_IncreaseDecreaseInRightOfUseAssetsAndLeaseLiabilities_b970c3aa-0896-4b9d-9956-3dd50b0d5c09" xlink:href="gme-20240504.xsd#gme_IncreaseDecreaseInRightOfUseAssetsAndLeaseLiabilities"/>
    <link:calculationArc order="1" weight="-1.0" xlink:arcrole="http://www.xbrl.org/2003/arcrole/summation-item" xlink:from="loc_us-gaap_NetCashProvidedByUsedInOperatingActivities_3718d300-c8d5-48de-b997-4ea93ad8fc9a" xlink:to="loc_gme_IncreaseDecreaseInRightOfUseAssetsAndLeaseLiabilities_b970c3aa-0896-4b9d-9956-3dd50b0d5c09" xlink:type="arc"/>
    <link:loc xlink:type="locator" xlink:label="loc_us-gaap_OtherOperatingActivitiesCashFlowStatement_f0a08660-b683-4006-a44c-f3b6a428c56d" xlink:href="https://xbrl.fasb.org/us-gaap/2023/elts/us-gaap-2023.xsd#us-gaap_OtherOperatingActivitiesCashFlowStatement"/>
    <link:calculationArc order="2" weight="1.0" xlink:arcrole="http://www.xbrl.org/2003/arcrole/summation-item" xlink:from="loc_us-gaap_NetCashProvidedByUsedInOperatingActivities_3718d300-c8d5-48de-b997-4ea93ad8fc9a" xlink:to="loc_us-gaap_OtherOperatingActivitiesCashFlowStatement_f0a08660-b683-4006-a44c-f3b6a428c56d" xlink:type="arc"/>
    <link:loc xlink:type="locator" xlink:label="loc_us-gaap_ShareBasedCompensation_a6ab9444-ffce-498c-905c-4aeb219d81e3" xlink:href="https://xbrl.fasb.org/us-gaap/2023/elts/us-gaap-2023.xsd#us-gaap_ShareBasedCompensation"/>
    <link:calculationArc order="3" weight="1.0" xlink:arcrole="http://www.xbrl.org/2003/arcrole/summation-item" xlink:from="loc_us-gaap_NetCashProvidedByUsedInOperatingActivities_3718d300-c8d5-48de-b997-4ea93ad8fc9a" xlink:to="loc_us-gaap_ShareBasedCompensation_a6ab9444-ffce-498c-905c-4aeb219d81e3" xlink:type="arc"/>
    <link:loc xlink:type="locator" xlink:label="loc_gme_PrepaidIncomeTaxesAndAccruedIncomeTaxesPayable_d9d8e7bb-f88d-471b-979f-d60c4ea98d61" xlink:href="gme-20240504.xsd#gme_PrepaidIncomeTaxesAndAccruedIncomeTaxesPayable"/>
    <link:calculationArc order="4" weight="-1.0" xlink:arcrole="http://www.xbrl.org/2003/arcrole/summation-item" xlink:from="loc_us-gaap_NetCashProvidedByUsedInOperatingActivities_3718d300-c8d5-48de-b997-4ea93ad8fc9a" xlink:to="loc_gme_PrepaidIncomeTaxesAndAccruedIncomeTaxesPayable_d9d8e7bb-f88d-471b-979f-d60c4ea98d61" xlink:type="arc"/>
    <link:loc xlink:type="locator" xlink:label="loc_us-gaap_IncreaseDecreaseInReceivables_2328746c-d594-4339-803b-7489ceb4dfdc" xlink:href="https://xbrl.fasb.org/us-gaap/2023/elts/us-gaap-2023.xsd#us-gaap_IncreaseDecreaseInReceivables"/>
    <link:calculationArc order="5" weight="-1.0" xlink:arcrole="http://www.xbrl.org/2003/arcrole/summation-item" xlink:from="loc_us-gaap_NetCashProvidedByUsedInOperatingActivities_3718d300-c8d5-48de-b997-4ea93ad8fc9a" xlink:to="loc_us-gaap_IncreaseDecreaseInReceivables_2328746c-d594-4339-803b-7489ceb4dfdc" xlink:type="arc"/>
    <link:loc xlink:type="locator" xlink:label="loc_us-gaap_GainLossOnSaleOfPropertyPlantEquipment_f029082a-2f6a-4b09-9423-24ff4c463ba7" xlink:href="https://xbrl.fasb.org/us-gaap/2023/elts/us-gaap-2023.xsd#us-gaap_GainLossOnSaleOfPropertyPlantEquipment"/>
    <link:calculationArc order="6" weight="-1.0" xlink:arcrole="http://www.xbrl.org/2003/arcrole/summation-item" xlink:from="loc_us-gaap_NetCashProvidedByUsedInOperatingActivities_3718d300-c8d5-48de-b997-4ea93ad8fc9a" xlink:to="loc_us-gaap_GainLossOnSaleOfPropertyPlantEquipment_f029082a-2f6a-4b09-9423-24ff4c463ba7" xlink:type="arc"/>
    <link:loc xlink:type="locator" xlink:label="loc_us-gaap_OtherDepreciationAndAmortization_01ecc288-576c-4187-a47f-b27be8431936" xlink:href="https://xbrl.fasb.org/us-gaap/2023/elts/us-gaap-2023.xsd#us-gaap_OtherDepreciationAndAmortization"/>
    <link:calculationArc order="7" weight="1.0" xlink:arcrole="http://www.xbrl.org/2003/arcrole/summation-item" xlink:from="loc_us-gaap_NetCashProvidedByUsedInOperatingActivities_3718d300-c8d5-48de-b997-4ea93ad8fc9a" xlink:to="loc_us-gaap_OtherDepreciationAndAmortization_01ecc288-576c-4187-a47f-b27be8431936" xlink:type="arc"/>
    <link:loc xlink:type="locator" xlink:label="loc_us-gaap_IncreaseDecreaseInAccountsPayableAndAccruedLiabilities_6709e1f2-2f24-42a7-92d8-ffec668b9757" xlink:href="https://xbrl.fasb.org/us-gaap/2023/elts/us-gaap-2023.xsd#us-gaap_IncreaseDecreaseInAccountsPayableAndAccruedLiabilities"/>
    <link:calculationArc order="8" weight="1.0" xlink:arcrole="http://www.xbrl.org/2003/arcrole/summation-item" xlink:from="loc_us-gaap_NetCashProvidedByUsedInOperatingActivities_3718d300-c8d5-48de-b997-4ea93ad8fc9a" xlink:to="loc_us-gaap_IncreaseDecreaseInAccountsPayableAndAccruedLiabilities_6709e1f2-2f24-42a7-92d8-ffec668b9757" xlink:type="arc"/>
    <link:loc xlink:type="locator" xlink:label="loc_us-gaap_IncreaseDecreaseInInventories_3d6e48fb-fa08-4366-b15c-150a9aeb13ce" xlink:href="https://xbrl.fasb.org/us-gaap/2023/elts/us-gaap-2023.xsd#us-gaap_IncreaseDecreaseInInventories"/>
    <link:calculationArc order="9" weight="-1.0" xlink:arcrole="http://www.xbrl.org/2003/arcrole/summation-item" xlink:from="loc_us-gaap_NetCashProvidedByUsedInOperatingActivities_3718d300-c8d5-48de-b997-4ea93ad8fc9a" xlink:to="loc_us-gaap_IncreaseDecreaseInInventories_3d6e48fb-fa08-4366-b15c-150a9aeb13ce" xlink:type="arc"/>
    <link:loc xlink:type="locator" xlink:label="loc_us-gaap_IncreaseDecreaseInPrepaidDeferredExpenseAndOtherAssets_d5cda31b-6971-458e-8e8d-1fa461adbcef" xlink:href="https://xbrl.fasb.org/us-gaap/2023/elts/us-gaap-2023.xsd#us-gaap_IncreaseDecreaseInPrepaidDeferredExpenseAndOtherAssets"/>
    <link:calculationArc order="10" weight="-1.0" xlink:arcrole="http://www.xbrl.org/2003/arcrole/summation-item" xlink:from="loc_us-gaap_NetCashProvidedByUsedInOperatingActivities_3718d300-c8d5-48de-b997-4ea93ad8fc9a" xlink:to="loc_us-gaap_IncreaseDecreaseInPrepaidDeferredExpenseAndOtherAssets_d5cda31b-6971-458e-8e8d-1fa461adbcef" xlink:type="arc"/>
    <link:loc xlink:type="locator" xlink:label="loc_us-gaap_NetIncomeLoss_0fd50598-b6b7-459b-9b86-b36a58bc566c" xlink:href="https://xbrl.fasb.org/us-gaap/2023/elts/us-gaap-2023.xsd#us-gaap_NetIncomeLoss"/>
    <link:calculationArc order="11" weight="1.0" xlink:arcrole="http://www.xbrl.org/2003/arcrole/summation-item" xlink:from="loc_us-gaap_NetCashProvidedByUsedInOperatingActivities_3718d300-c8d5-48de-b997-4ea93ad8fc9a" xlink:to="loc_us-gaap_NetIncomeLoss_0fd50598-b6b7-459b-9b86-b36a58bc566c" xlink:type="arc"/>
    <link:loc xlink:type="locator" xlink:label="loc_us-gaap_IncreaseDecreaseInOtherNoncurrentLiabilities_63c2be27-a44c-4a24-a40a-4bbd7c3e7776" xlink:href="https://xbrl.fasb.org/us-gaap/2023/elts/us-gaap-2023.xsd#us-gaap_IncreaseDecreaseInOtherNoncurrentLiabilities"/>
    <link:calculationArc order="12" weight="1.0" xlink:arcrole="http://www.xbrl.org/2003/arcrole/summation-item" xlink:from="loc_us-gaap_NetCashProvidedByUsedInOperatingActivities_3718d300-c8d5-48de-b997-4ea93ad8fc9a" xlink:to="loc_us-gaap_IncreaseDecreaseInOtherNoncurrentLiabilities_63c2be27-a44c-4a24-a40a-4bbd7c3e7776" xlink:type="arc"/>
    <link:loc xlink:type="locator" xlink:label="loc_us-gaap_NetCashProvidedByUsedInFinancingActivities_0ac0319c-148e-4389-8346-44bc6e8e2f5c" xlink:href="https://xbrl.fasb.org/us-gaap/2023/elts/us-gaap-2023.xsd#us-gaap_NetCashProvidedByUsedInFinancingActivities"/>
    <link:loc xlink:type="locator" xlink:label="loc_gme_SettlementOfStockBasedAwards_22d191d7-a835-487f-bd2d-d4f75513527b" xlink:href="gme-20240504.xsd#gme_SettlementOfStockBasedAwards"/>
    <link:calculationArc order="1" weight="-1.0" xlink:arcrole="http://www.xbrl.org/2003/arcrole/summation-item" xlink:from="loc_us-gaap_NetCashProvidedByUsedInFinancingActivities_0ac0319c-148e-4389-8346-44bc6e8e2f5c" xlink:to="loc_gme_SettlementOfStockBasedAwards_22d191d7-a835-487f-bd2d-d4f75513527b" xlink:type="arc"/>
    <link:loc xlink:type="locator" xlink:label="loc_us-gaap_RepaymentsOfDebt_f6fb6634-f4cd-47f1-8a71-438899077e00" xlink:href="https://xbrl.fasb.org/us-gaap/2023/elts/us-gaap-2023.xsd#us-gaap_RepaymentsOfDebt"/>
    <link:calculationArc order="2" weight="-1.0" xlink:arcrole="http://www.xbrl.org/2003/arcrole/summation-item" xlink:from="loc_us-gaap_NetCashProvidedByUsedInFinancingActivities_0ac0319c-148e-4389-8346-44bc6e8e2f5c" xlink:to="loc_us-gaap_RepaymentsOfDebt_f6fb6634-f4cd-47f1-8a71-438899077e00" xlink:type="arc"/>
  </link:calculationLink>
  <link:roleRef roleURI="http://www.gamestop.com/role/SummaryofSignificantAccountingPoliciesCashCashEquivalentsandRestrictedCashDetails" xlink:type="simple" xlink:href="gme-20240504.xsd#SummaryofSignificantAccountingPoliciesCashCashEquivalentsandRestrictedCashDetails"/>
  <link:calculationLink xlink:role="http://www.gamestop.com/role/SummaryofSignificantAccountingPoliciesCashCashEquivalentsandRestrictedCashDetails" xlink:type="extended">
    <link:loc xlink:type="locator" xlink:label="loc_us-gaap_CashCashEquivalentsRestrictedCashAndRestrictedCashEquivalents_11645f3b-6373-4ffb-9f83-7af13150b4a4" xlink:href="https://xbrl.fasb.org/us-gaap/2023/elts/us-gaap-2023.xsd#us-gaap_CashCashEquivalentsRestrictedCashAndRestrictedCashEquivalents"/>
    <link:loc xlink:type="locator" xlink:label="loc_us-gaap_CashAndCashEquivalentsAtCarryingValue_1b46204c-50c3-4672-b977-df5dc3a28ca8" xlink:href="https://xbrl.fasb.org/us-gaap/2023/elts/us-gaap-2023.xsd#us-gaap_CashAndCashEquivalentsAtCarryingValue"/>
    <link:calculationArc order="1" weight="1.0" xlink:arcrole="http://www.xbrl.org/2003/arcrole/summation-item" xlink:from="loc_us-gaap_CashCashEquivalentsRestrictedCashAndRestrictedCashEquivalents_11645f3b-6373-4ffb-9f83-7af13150b4a4" xlink:to="loc_us-gaap_CashAndCashEquivalentsAtCarryingValue_1b46204c-50c3-4672-b977-df5dc3a28ca8" xlink:type="arc"/>
    <link:loc xlink:type="locator" xlink:label="loc_us-gaap_RestrictedCashAndCashEquivalentsAtCarryingValue_8c900b0a-3499-4ebe-a63c-32367747f147" xlink:href="https://xbrl.fasb.org/us-gaap/2023/elts/us-gaap-2023.xsd#us-gaap_RestrictedCashAndCashEquivalentsAtCarryingValue"/>
    <link:calculationArc order="2" weight="1.0" xlink:arcrole="http://www.xbrl.org/2003/arcrole/summation-item" xlink:from="loc_us-gaap_CashCashEquivalentsRestrictedCashAndRestrictedCashEquivalents_11645f3b-6373-4ffb-9f83-7af13150b4a4" xlink:to="loc_us-gaap_RestrictedCashAndCashEquivalentsAtCarryingValue_8c900b0a-3499-4ebe-a63c-32367747f147" xlink:type="arc"/>
    <link:loc xlink:type="locator" xlink:label="loc_us-gaap_RestrictedCashAndCashEquivalentsNoncurrent_281eacf4-2724-4e4c-b6e4-ff52b3b72c9b" xlink:href="https://xbrl.fasb.org/us-gaap/2023/elts/us-gaap-2023.xsd#us-gaap_RestrictedCashAndCashEquivalentsNoncurrent"/>
    <link:calculationArc order="3" weight="1.0" xlink:arcrole="http://www.xbrl.org/2003/arcrole/summation-item" xlink:from="loc_us-gaap_CashCashEquivalentsRestrictedCashAndRestrictedCashEquivalents_11645f3b-6373-4ffb-9f83-7af13150b4a4" xlink:to="loc_us-gaap_RestrictedCashAndCashEquivalentsNoncurrent_281eacf4-2724-4e4c-b6e4-ff52b3b72c9b" xlink:type="arc"/>
  </link:calculationLink>
  <link:roleRef roleURI="http://www.gamestop.com/role/FairValueMeasurementsFairValueofAssetsandLiabilitiesMeasuredatFairValueonRecurringBasisDetails" xlink:type="simple" xlink:href="gme-20240504.xsd#FairValueMeasurementsFairValueofAssetsandLiabilitiesMeasuredatFairValueonRecurringBasisDetails"/>
  <link:calculationLink xlink:role="http://www.gamestop.com/role/FairValueMeasurementsFairValueofAssetsandLiabilitiesMeasuredatFairValueonRecurringBasisDetails" xlink:type="extended">
    <link:loc xlink:type="locator" xlink:label="loc_us-gaap_LiabilitiesFairValueDisclosure_35eaabe7-5943-49d9-9955-49d45735aa52" xlink:href="https://xbrl.fasb.org/us-gaap/2023/elts/us-gaap-2023.xsd#us-gaap_LiabilitiesFairValueDisclosure"/>
    <link:loc xlink:type="locator" xlink:label="loc_gme_DeferredCompensationPlanLiabilitiesFairValueDisclosure_912b14d7-c186-45b1-b06f-6f5aae96a44e" xlink:href="gme-20240504.xsd#gme_DeferredCompensationPlanLiabilitiesFairValueDisclosure"/>
    <link:calculationArc order="1" weight="1.0" xlink:arcrole="http://www.xbrl.org/2003/arcrole/summation-item" xlink:from="loc_us-gaap_LiabilitiesFairValueDisclosure_35eaabe7-5943-49d9-9955-49d45735aa52" xlink:to="loc_gme_DeferredCompensationPlanLiabilitiesFairValueDisclosure_912b14d7-c186-45b1-b06f-6f5aae96a44e" xlink:type="arc"/>
    <link:loc xlink:type="locator" xlink:label="loc_us-gaap_ForeignCurrencyDerivativeInstrumentsNotDesignatedAsHedgingInstrumentsLiabilityAtFairValue_cdf767d5-bacb-4dbd-8e3a-1d3421a70a7d" xlink:href="https://xbrl.fasb.org/us-gaap/2023/elts/us-gaap-2023.xsd#us-gaap_ForeignCurrencyDerivativeInstrumentsNotDesignatedAsHedgingInstrumentsLiabilityAtFairValue"/>
    <link:calculationArc order="2" weight="1.0" xlink:arcrole="http://www.xbrl.org/2003/arcrole/summation-item" xlink:from="loc_us-gaap_LiabilitiesFairValueDisclosure_35eaabe7-5943-49d9-9955-49d45735aa52" xlink:to="loc_us-gaap_ForeignCurrencyDerivativeInstrumentsNotDesignatedAsHedgingInstrumentsLiabilityAtFairValue_cdf767d5-bacb-4dbd-8e3a-1d3421a70a7d" xlink:type="arc"/>
    <link:loc xlink:type="locator" xlink:label="loc_us-gaap_AvailableForSaleDebtSecuritiesAmortizedCostBasis_593537d9-27f9-4c90-a2ea-d8cd3090a9ac" xlink:href="https://xbrl.fasb.org/us-gaap/2023/elts/us-gaap-2023.xsd#us-gaap_AvailableForSaleDebtSecuritiesAmortizedCostBasis"/>
    <link:loc xlink:type="locator" xlink:label="loc_us-gaap_AvailableForSaleDebtSecuritiesAccumulatedGrossUnrealizedGainBeforeTax_90b04391-5bea-42e3-99f5-8120e09913a2" xlink:href="https://xbrl.fasb.org/us-gaap/2023/elts/us-gaap-2023.xsd#us-gaap_AvailableForSaleDebtSecuritiesAccumulatedGrossUnrealizedGainBeforeTax"/>
    <link:calculationArc order="1" weight="-1.0" xlink:arcrole="http://www.xbrl.org/2003/arcrole/summation-item" xlink:from="loc_us-gaap_AvailableForSaleDebtSecuritiesAmortizedCostBasis_593537d9-27f9-4c90-a2ea-d8cd3090a9ac" xlink:to="loc_us-gaap_AvailableForSaleDebtSecuritiesAccumulatedGrossUnrealizedGainBeforeTax_90b04391-5bea-42e3-99f5-8120e09913a2" xlink:type="arc"/>
    <link:loc xlink:type="locator" xlink:label="loc_us-gaap_AvailableForSaleDebtSecuritiesAccumulatedGrossUnrealizedLossBeforeTax_29bbb94e-4437-4a4f-a1a2-dc3cc06b3b63" xlink:href="https://xbrl.fasb.org/us-gaap/2023/elts/us-gaap-2023.xsd#us-gaap_AvailableForSaleDebtSecuritiesAccumulatedGrossUnrealizedLossBeforeTax"/>
    <link:calculationArc order="2" weight="1.0" xlink:arcrole="http://www.xbrl.org/2003/arcrole/summation-item" xlink:from="loc_us-gaap_AvailableForSaleDebtSecuritiesAmortizedCostBasis_593537d9-27f9-4c90-a2ea-d8cd3090a9ac" xlink:to="loc_us-gaap_AvailableForSaleDebtSecuritiesAccumulatedGrossUnrealizedLossBeforeTax_29bbb94e-4437-4a4f-a1a2-dc3cc06b3b63" xlink:type="arc"/>
    <link:loc xlink:type="locator" xlink:label="loc_us-gaap_AvailableForSaleSecuritiesDebtSecurities_a9fdb2c4-bc93-425a-ab7d-4d45e2ea2f06" xlink:href="https://xbrl.fasb.org/us-gaap/2023/elts/us-gaap-2023.xsd#us-gaap_AvailableForSaleSecuritiesDebtSecurities"/>
    <link:calculationArc order="3" weight="1.0" xlink:arcrole="http://www.xbrl.org/2003/arcrole/summation-item" xlink:from="loc_us-gaap_AvailableForSaleDebtSecuritiesAmortizedCostBasis_593537d9-27f9-4c90-a2ea-d8cd3090a9ac" xlink:to="loc_us-gaap_AvailableForSaleSecuritiesDebtSecurities_a9fdb2c4-bc93-425a-ab7d-4d45e2ea2f06" xlink:type="arc"/>
  </link:calculationLink>
  <link:roleRef roleURI="http://www.gamestop.com/role/EarningsPerShareReconciliationofCommonSharesUsedinCalculatingBasicandDilutedNetIncomeLossPerCommonShareDetails" xlink:type="simple" xlink:href="gme-20240504.xsd#EarningsPerShareReconciliationofCommonSharesUsedinCalculatingBasicandDilutedNetIncomeLossPerCommonShareDetails"/>
  <link:calculationLink xlink:role="http://www.gamestop.com/role/EarningsPerShareReconciliationofCommonSharesUsedinCalculatingBasicandDilutedNetIncomeLossPerCommonShareDetails" xlink:type="extended">
    <link:loc xlink:type="locator" xlink:label="loc_us-gaap_WeightedAverageNumberOfDilutedSharesOutstanding_36bc60b2-ef4b-4a8b-9746-510b13479e84" xlink:href="https://xbrl.fasb.org/us-gaap/2023/elts/us-gaap-2023.xsd#us-gaap_WeightedAverageNumberOfDilutedSharesOutstanding"/>
    <link:loc xlink:type="locator" xlink:label="loc_us-gaap_WeightedAverageNumberOfSharesOutstandingBasic_0e6f61a7-3906-48f3-971f-9d4f57d9630d" xlink:href="https://xbrl.fasb.org/us-gaap/2023/elts/us-gaap-2023.xsd#us-gaap_WeightedAverageNumberOfSharesOutstandingBasic"/>
    <link:calculationArc order="1" weight="1.0" xlink:arcrole="http://www.xbrl.org/2003/arcrole/summation-item" xlink:from="loc_us-gaap_WeightedAverageNumberOfDilutedSharesOutstanding_36bc60b2-ef4b-4a8b-9746-510b13479e84" xlink:to="loc_us-gaap_WeightedAverageNumberOfSharesOutstandingBasic_0e6f61a7-3906-48f3-971f-9d4f57d9630d" xlink:type="arc"/>
    <link:loc xlink:type="locator" xlink:label="loc_us-gaap_WeightedAverageNumberDilutedSharesOutstandingAdjustment_3a0691dc-b991-4489-930f-be11723a1072" xlink:href="https://xbrl.fasb.org/us-gaap/2023/elts/us-gaap-2023.xsd#us-gaap_WeightedAverageNumberDilutedSharesOutstandingAdjustment"/>
    <link:calculationArc order="2" weight="1.0" xlink:arcrole="http://www.xbrl.org/2003/arcrole/summation-item" xlink:from="loc_us-gaap_WeightedAverageNumberOfDilutedSharesOutstanding_36bc60b2-ef4b-4a8b-9746-510b13479e84" xlink:to="loc_us-gaap_WeightedAverageNumberDilutedSharesOutstandingAdjustment_3a0691dc-b991-4489-930f-be11723a1072" xlink:type="arc"/>
  </link:calculationLink>
</link:linkbase>
