<?xml version="1.0" encoding="UTF-8"?>

<!--XBRL Document Created with the Workiva Platform-->
<!--Copyright 2025 Workiva-->
<!--r:aeae3be1-3cdd-453f-ac7a-4fe4a51af16b,g:8adbbe36-e14b-4e5e-9801-b2b33ec01f1f-->
<link:linkbase xmlns:link="http://www.xbrl.org/2003/linkbase" xmlns:xlink="http://www.w3.org/1999/xlink" xmlns:xsi="http://www.w3.org/2001/XMLSchema-instance" xmlns:xbrldt="http://xbrl.org/2005/xbrldt" xsi:schemaLocation="http://www.xbrl.org/2003/linkbase http://www.xbrl.org/2003/xbrl-linkbase-2003-12-31.xsd">
  <link:arcroleRef arcroleURI="http://xbrl.org/int/dim/arcrole/all" xlink:type="simple" xlink:href="http://www.xbrl.org/2005/xbrldt-2005.xsd#all"/>
  <link:arcroleRef arcroleURI="http://xbrl.org/int/dim/arcrole/hypercube-dimension" xlink:type="simple" xlink:href="http://www.xbrl.org/2005/xbrldt-2005.xsd#hypercube-dimension"/>
  <link:arcroleRef arcroleURI="http://xbrl.org/int/dim/arcrole/dimension-default" xlink:type="simple" xlink:href="http://www.xbrl.org/2005/xbrldt-2005.xsd#dimension-default"/>
  <link:arcroleRef arcroleURI="http://xbrl.org/int/dim/arcrole/dimension-domain" xlink:type="simple" xlink:href="http://www.xbrl.org/2005/xbrldt-2005.xsd#dimension-domain"/>
  <link:arcroleRef arcroleURI="http://xbrl.org/int/dim/arcrole/domain-member" xlink:type="simple" xlink:href="http://www.xbrl.org/2005/xbrldt-2005.xsd#domain-member"/>
  <link:roleRef roleURI="http://www.gamestop.com/role/Cover" xlink:type="simple" xlink:href="gme-20250326.xsd#Cover"/>
  <link:definitionLink xlink:role="http://www.gamestop.com/role/Cover" xlink:type="extended">
    <link:loc xlink:type="locator" xlink:label="loc_dei_DocumentInformationLineItems_26edd882-08b8-4261-80cd-a18c3b0ec9b9" xlink:href="https://xbrl.sec.gov/dei/2024/dei-2024.xsd#dei_DocumentInformationLineItems"/>
    <link:loc xlink:type="locator" xlink:label="loc_dei_DocumentInformationTable_45da1084-ba63-46bb-9543-06fed8f371de" xlink:href="https://xbrl.sec.gov/dei/2024/dei-2024.xsd#dei_DocumentInformationTable"/>
    <link:definitionArc xlink:arcrole="http://xbrl.org/int/dim/arcrole/all" xlink:from="loc_dei_DocumentInformationLineItems_26edd882-08b8-4261-80cd-a18c3b0ec9b9" xlink:to="loc_dei_DocumentInformationTable_45da1084-ba63-46bb-9543-06fed8f371de" xlink:type="arc" order="1" xbrldt:closed="true" xbrldt:contextElement="segment"/>
    <link:loc xlink:type="locator" xlink:label="loc_dei_DocumentInformationDocumentAxis_5f3da435-ec92-4aae-aa59-cb61ed0b9c49" xlink:href="https://xbrl.sec.gov/dei/2024/dei-2024.xsd#dei_DocumentInformationDocumentAxis"/>
    <link:definitionArc xlink:arcrole="http://xbrl.org/int/dim/arcrole/hypercube-dimension" xlink:from="loc_dei_DocumentInformationTable_45da1084-ba63-46bb-9543-06fed8f371de" xlink:to="loc_dei_DocumentInformationDocumentAxis_5f3da435-ec92-4aae-aa59-cb61ed0b9c49" xlink:type="arc" order="1"/>
    <link:loc xlink:type="locator" xlink:label="loc_dei_DocumentDomain_5f3da435-ec92-4aae-aa59-cb61ed0b9c49_default" xlink:href="https://xbrl.sec.gov/dei/2024/dei-2024.xsd#dei_DocumentDomain"/>
    <link:definitionArc xlink:arcrole="http://xbrl.org/int/dim/arcrole/dimension-default" xlink:from="loc_dei_DocumentInformationDocumentAxis_5f3da435-ec92-4aae-aa59-cb61ed0b9c49" xlink:to="loc_dei_DocumentDomain_5f3da435-ec92-4aae-aa59-cb61ed0b9c49_default" xlink:type="arc" order="1"/>
    <link:loc xlink:type="locator" xlink:label="loc_dei_DocumentDomain_5e51a553-ed74-476b-af22-2d2e6d8aa9d0" xlink:href="https://xbrl.sec.gov/dei/2024/dei-2024.xsd#dei_DocumentDomain"/>
    <link:definitionArc xlink:arcrole="http://xbrl.org/int/dim/arcrole/dimension-domain" xlink:from="loc_dei_DocumentInformationDocumentAxis_5f3da435-ec92-4aae-aa59-cb61ed0b9c49" xlink:to="loc_dei_DocumentDomain_5e51a553-ed74-476b-af22-2d2e6d8aa9d0" xlink:type="arc" order="1"/>
    <link:loc xlink:type="locator" xlink:label="loc_dei_DocumentType_2897de70-6b55-46df-ab8c-c4c712af37db" xlink:href="https://xbrl.sec.gov/dei/2024/dei-2024.xsd#dei_DocumentType"/>
    <link:definitionArc xlink:arcrole="http://xbrl.org/int/dim/arcrole/domain-member" xlink:from="loc_dei_DocumentInformationLineItems_26edd882-08b8-4261-80cd-a18c3b0ec9b9" xlink:to="loc_dei_DocumentType_2897de70-6b55-46df-ab8c-c4c712af37db" xlink:type="arc" order="0"/>
    <link:loc xlink:type="locator" xlink:label="loc_dei_DocumentPeriodEndDate_ead9a124-b020-4462-80df-762a74e86f51" xlink:href="https://xbrl.sec.gov/dei/2024/dei-2024.xsd#dei_DocumentPeriodEndDate"/>
    <link:definitionArc xlink:arcrole="http://xbrl.org/int/dim/arcrole/domain-member" xlink:from="loc_dei_DocumentInformationLineItems_26edd882-08b8-4261-80cd-a18c3b0ec9b9" xlink:to="loc_dei_DocumentPeriodEndDate_ead9a124-b020-4462-80df-762a74e86f51" xlink:type="arc" order="1"/>
    <link:loc xlink:type="locator" xlink:label="loc_dei_EntityRegistrantName_624b3e3f-03ae-47ec-abb6-faf4be188cf6" xlink:href="https://xbrl.sec.gov/dei/2024/dei-2024.xsd#dei_EntityRegistrantName"/>
    <link:definitionArc xlink:arcrole="http://xbrl.org/int/dim/arcrole/domain-member" xlink:from="loc_dei_DocumentInformationLineItems_26edd882-08b8-4261-80cd-a18c3b0ec9b9" xlink:to="loc_dei_EntityRegistrantName_624b3e3f-03ae-47ec-abb6-faf4be188cf6" xlink:type="arc" order="2"/>
    <link:loc xlink:type="locator" xlink:label="loc_dei_EntityIncorporationStateCountryCode_f0d6024d-301e-409d-aa62-9d4e008b66b7" xlink:href="https://xbrl.sec.gov/dei/2024/dei-2024.xsd#dei_EntityIncorporationStateCountryCode"/>
    <link:definitionArc xlink:arcrole="http://xbrl.org/int/dim/arcrole/domain-member" xlink:from="loc_dei_DocumentInformationLineItems_26edd882-08b8-4261-80cd-a18c3b0ec9b9" xlink:to="loc_dei_EntityIncorporationStateCountryCode_f0d6024d-301e-409d-aa62-9d4e008b66b7" xlink:type="arc" order="3"/>
    <link:loc xlink:type="locator" xlink:label="loc_dei_EntityFileNumber_45ad4087-cd05-48b5-bb28-aad60fab64d8" xlink:href="https://xbrl.sec.gov/dei/2024/dei-2024.xsd#dei_EntityFileNumber"/>
    <link:definitionArc xlink:arcrole="http://xbrl.org/int/dim/arcrole/domain-member" xlink:from="loc_dei_DocumentInformationLineItems_26edd882-08b8-4261-80cd-a18c3b0ec9b9" xlink:to="loc_dei_EntityFileNumber_45ad4087-cd05-48b5-bb28-aad60fab64d8" xlink:type="arc" order="4"/>
    <link:loc xlink:type="locator" xlink:label="loc_dei_EntityTaxIdentificationNumber_119424de-8fe9-433a-95fe-2a557b6af519" xlink:href="https://xbrl.sec.gov/dei/2024/dei-2024.xsd#dei_EntityTaxIdentificationNumber"/>
    <link:definitionArc xlink:arcrole="http://xbrl.org/int/dim/arcrole/domain-member" xlink:from="loc_dei_DocumentInformationLineItems_26edd882-08b8-4261-80cd-a18c3b0ec9b9" xlink:to="loc_dei_EntityTaxIdentificationNumber_119424de-8fe9-433a-95fe-2a557b6af519" xlink:type="arc" order="5"/>
    <link:loc xlink:type="locator" xlink:label="loc_dei_EntityAddressAddressLine1_91a99953-646e-4766-a427-4594b793d52e" xlink:href="https://xbrl.sec.gov/dei/2024/dei-2024.xsd#dei_EntityAddressAddressLine1"/>
    <link:definitionArc xlink:arcrole="http://xbrl.org/int/dim/arcrole/domain-member" xlink:from="loc_dei_DocumentInformationLineItems_26edd882-08b8-4261-80cd-a18c3b0ec9b9" xlink:to="loc_dei_EntityAddressAddressLine1_91a99953-646e-4766-a427-4594b793d52e" xlink:type="arc" order="6"/>
    <link:loc xlink:type="locator" xlink:label="loc_dei_EntityAddressCityOrTown_1df38b7d-6945-4b43-a10c-a2018ebd32f8" xlink:href="https://xbrl.sec.gov/dei/2024/dei-2024.xsd#dei_EntityAddressCityOrTown"/>
    <link:definitionArc xlink:arcrole="http://xbrl.org/int/dim/arcrole/domain-member" xlink:from="loc_dei_DocumentInformationLineItems_26edd882-08b8-4261-80cd-a18c3b0ec9b9" xlink:to="loc_dei_EntityAddressCityOrTown_1df38b7d-6945-4b43-a10c-a2018ebd32f8" xlink:type="arc" order="7"/>
    <link:loc xlink:type="locator" xlink:label="loc_dei_EntityAddressStateOrProvince_9d4125fa-7ff9-4377-88ad-83e57166943e" xlink:href="https://xbrl.sec.gov/dei/2024/dei-2024.xsd#dei_EntityAddressStateOrProvince"/>
    <link:definitionArc xlink:arcrole="http://xbrl.org/int/dim/arcrole/domain-member" xlink:from="loc_dei_DocumentInformationLineItems_26edd882-08b8-4261-80cd-a18c3b0ec9b9" xlink:to="loc_dei_EntityAddressStateOrProvince_9d4125fa-7ff9-4377-88ad-83e57166943e" xlink:type="arc" order="8"/>
    <link:loc xlink:type="locator" xlink:label="loc_dei_EntityAddressPostalZipCode_3f7a06dc-22c3-4a39-9fef-c4575037a80c" xlink:href="https://xbrl.sec.gov/dei/2024/dei-2024.xsd#dei_EntityAddressPostalZipCode"/>
    <link:definitionArc xlink:arcrole="http://xbrl.org/int/dim/arcrole/domain-member" xlink:from="loc_dei_DocumentInformationLineItems_26edd882-08b8-4261-80cd-a18c3b0ec9b9" xlink:to="loc_dei_EntityAddressPostalZipCode_3f7a06dc-22c3-4a39-9fef-c4575037a80c" xlink:type="arc" order="9"/>
    <link:loc xlink:type="locator" xlink:label="loc_dei_CityAreaCode_4ba03511-82aa-4efa-ab11-23201780761a" xlink:href="https://xbrl.sec.gov/dei/2024/dei-2024.xsd#dei_CityAreaCode"/>
    <link:definitionArc xlink:arcrole="http://xbrl.org/int/dim/arcrole/domain-member" xlink:from="loc_dei_DocumentInformationLineItems_26edd882-08b8-4261-80cd-a18c3b0ec9b9" xlink:to="loc_dei_CityAreaCode_4ba03511-82aa-4efa-ab11-23201780761a" xlink:type="arc" order="10"/>
    <link:loc xlink:type="locator" xlink:label="loc_dei_LocalPhoneNumber_5da67f8e-1ed8-46fc-a1f1-bc650fecee23" xlink:href="https://xbrl.sec.gov/dei/2024/dei-2024.xsd#dei_LocalPhoneNumber"/>
    <link:definitionArc xlink:arcrole="http://xbrl.org/int/dim/arcrole/domain-member" xlink:from="loc_dei_DocumentInformationLineItems_26edd882-08b8-4261-80cd-a18c3b0ec9b9" xlink:to="loc_dei_LocalPhoneNumber_5da67f8e-1ed8-46fc-a1f1-bc650fecee23" xlink:type="arc" order="11"/>
    <link:loc xlink:type="locator" xlink:label="loc_dei_WrittenCommunications_11b35829-fd90-4b08-a88a-93389751de71" xlink:href="https://xbrl.sec.gov/dei/2024/dei-2024.xsd#dei_WrittenCommunications"/>
    <link:definitionArc xlink:arcrole="http://xbrl.org/int/dim/arcrole/domain-member" xlink:from="loc_dei_DocumentInformationLineItems_26edd882-08b8-4261-80cd-a18c3b0ec9b9" xlink:to="loc_dei_WrittenCommunications_11b35829-fd90-4b08-a88a-93389751de71" xlink:type="arc" order="12"/>
    <link:loc xlink:type="locator" xlink:label="loc_dei_SolicitingMaterial_e20091d2-e6a1-4076-8b7f-44be3d5f58c2" xlink:href="https://xbrl.sec.gov/dei/2024/dei-2024.xsd#dei_SolicitingMaterial"/>
    <link:definitionArc xlink:arcrole="http://xbrl.org/int/dim/arcrole/domain-member" xlink:from="loc_dei_DocumentInformationLineItems_26edd882-08b8-4261-80cd-a18c3b0ec9b9" xlink:to="loc_dei_SolicitingMaterial_e20091d2-e6a1-4076-8b7f-44be3d5f58c2" xlink:type="arc" order="13"/>
    <link:loc xlink:type="locator" xlink:label="loc_dei_PreCommencementTenderOffer_af8be110-ec32-4fe9-aa65-e1f4b3b2aa23" xlink:href="https://xbrl.sec.gov/dei/2024/dei-2024.xsd#dei_PreCommencementTenderOffer"/>
    <link:definitionArc xlink:arcrole="http://xbrl.org/int/dim/arcrole/domain-member" xlink:from="loc_dei_DocumentInformationLineItems_26edd882-08b8-4261-80cd-a18c3b0ec9b9" xlink:to="loc_dei_PreCommencementTenderOffer_af8be110-ec32-4fe9-aa65-e1f4b3b2aa23" xlink:type="arc" order="14"/>
    <link:loc xlink:type="locator" xlink:label="loc_dei_PreCommencementIssuerTenderOffer_09d0e0d7-5e16-4738-a378-12a5a8edd1ee" xlink:href="https://xbrl.sec.gov/dei/2024/dei-2024.xsd#dei_PreCommencementIssuerTenderOffer"/>
    <link:definitionArc xlink:arcrole="http://xbrl.org/int/dim/arcrole/domain-member" xlink:from="loc_dei_DocumentInformationLineItems_26edd882-08b8-4261-80cd-a18c3b0ec9b9" xlink:to="loc_dei_PreCommencementIssuerTenderOffer_09d0e0d7-5e16-4738-a378-12a5a8edd1ee" xlink:type="arc" order="15"/>
    <link:loc xlink:type="locator" xlink:label="loc_dei_Security12bTitle_1e4b4b05-3dc7-478c-affb-2e727df9515d" xlink:href="https://xbrl.sec.gov/dei/2024/dei-2024.xsd#dei_Security12bTitle"/>
    <link:definitionArc xlink:arcrole="http://xbrl.org/int/dim/arcrole/domain-member" xlink:from="loc_dei_DocumentInformationLineItems_26edd882-08b8-4261-80cd-a18c3b0ec9b9" xlink:to="loc_dei_Security12bTitle_1e4b4b05-3dc7-478c-affb-2e727df9515d" xlink:type="arc" order="16"/>
    <link:loc xlink:type="locator" xlink:label="loc_dei_TradingSymbol_2f51dd32-1c70-49f5-8b07-29826fdb243e" xlink:href="https://xbrl.sec.gov/dei/2024/dei-2024.xsd#dei_TradingSymbol"/>
    <link:definitionArc xlink:arcrole="http://xbrl.org/int/dim/arcrole/domain-member" xlink:from="loc_dei_DocumentInformationLineItems_26edd882-08b8-4261-80cd-a18c3b0ec9b9" xlink:to="loc_dei_TradingSymbol_2f51dd32-1c70-49f5-8b07-29826fdb243e" xlink:type="arc" order="17"/>
    <link:loc xlink:type="locator" xlink:label="loc_dei_SecurityExchangeName_ca436af7-5741-4ad6-82b5-3a990ba597d8" xlink:href="https://xbrl.sec.gov/dei/2024/dei-2024.xsd#dei_SecurityExchangeName"/>
    <link:definitionArc xlink:arcrole="http://xbrl.org/int/dim/arcrole/domain-member" xlink:from="loc_dei_DocumentInformationLineItems_26edd882-08b8-4261-80cd-a18c3b0ec9b9" xlink:to="loc_dei_SecurityExchangeName_ca436af7-5741-4ad6-82b5-3a990ba597d8" xlink:type="arc" order="18"/>
    <link:loc xlink:type="locator" xlink:label="loc_dei_EntityEmergingGrowthCompany_20cf63f4-e7c1-4333-acfc-1559ef4acb8d" xlink:href="https://xbrl.sec.gov/dei/2024/dei-2024.xsd#dei_EntityEmergingGrowthCompany"/>
    <link:definitionArc xlink:arcrole="http://xbrl.org/int/dim/arcrole/domain-member" xlink:from="loc_dei_DocumentInformationLineItems_26edd882-08b8-4261-80cd-a18c3b0ec9b9" xlink:to="loc_dei_EntityEmergingGrowthCompany_20cf63f4-e7c1-4333-acfc-1559ef4acb8d" xlink:type="arc" order="19"/>
    <link:loc xlink:type="locator" xlink:label="loc_dei_EntityCentralIndexKey_15b2e457-7e9a-445d-8ad5-3db4237d846f" xlink:href="https://xbrl.sec.gov/dei/2024/dei-2024.xsd#dei_EntityCentralIndexKey"/>
    <link:definitionArc xlink:arcrole="http://xbrl.org/int/dim/arcrole/domain-member" xlink:from="loc_dei_DocumentInformationLineItems_26edd882-08b8-4261-80cd-a18c3b0ec9b9" xlink:to="loc_dei_EntityCentralIndexKey_15b2e457-7e9a-445d-8ad5-3db4237d846f" xlink:type="arc" order="20"/>
    <link:loc xlink:type="locator" xlink:label="loc_dei_AmendmentFlag_e597d132-b12e-4475-a3d6-584c32f123d7" xlink:href="https://xbrl.sec.gov/dei/2024/dei-2024.xsd#dei_AmendmentFlag"/>
    <link:definitionArc xlink:arcrole="http://xbrl.org/int/dim/arcrole/domain-member" xlink:from="loc_dei_DocumentInformationLineItems_26edd882-08b8-4261-80cd-a18c3b0ec9b9" xlink:to="loc_dei_AmendmentFlag_e597d132-b12e-4475-a3d6-584c32f123d7" xlink:type="arc" order="21"/>
  </link:definitionLink>
</link:linkbase>
