<?xml version="1.0" encoding="UTF-8"?>

<!--XBRL Document Created with the Workiva Platform-->
<!--Copyright 2025 Workiva-->
<!--r:c8915d87-cdfa-4acf-9200-697c4ade6060,g:ac2444c1-cce2-4277-8bac-e4b0e9281f95-->
<link:linkbase xmlns:link="http://www.xbrl.org/2003/linkbase" xmlns:xlink="http://www.w3.org/1999/xlink" xmlns:xsi="http://www.w3.org/2001/XMLSchema-instance" xsi:schemaLocation="http://www.xbrl.org/2003/linkbase http://www.xbrl.org/2003/xbrl-linkbase-2003-12-31.xsd">
  <link:roleRef roleURI="http://www.gamestop.com/role/Cover" xlink:type="simple" xlink:href="gme-20250623.xsd#Cover"/>
  <link:presentationLink xlink:role="http://www.gamestop.com/role/Cover" xlink:type="extended">
    <link:loc xlink:type="locator" xlink:label="loc_dei_CoverAbstract_86c33f4e-f775-4f0a-a5ed-fbdc3b500c7a" xlink:href="https://xbrl.sec.gov/dei/2024/dei-2024.xsd#dei_CoverAbstract"/>
    <link:loc xlink:type="locator" xlink:label="loc_dei_DocumentInformationTable_c115ee6e-c7ee-492f-b1b1-85220d532693" xlink:href="https://xbrl.sec.gov/dei/2024/dei-2024.xsd#dei_DocumentInformationTable"/>
    <link:presentationArc order="1" xlink:arcrole="http://www.xbrl.org/2003/arcrole/parent-child" xlink:from="loc_dei_CoverAbstract_86c33f4e-f775-4f0a-a5ed-fbdc3b500c7a" xlink:to="loc_dei_DocumentInformationTable_c115ee6e-c7ee-492f-b1b1-85220d532693" xlink:type="arc" preferredLabel="http://www.xbrl.org/2003/role/terseLabel"/>
    <link:loc xlink:type="locator" xlink:label="loc_dei_DocumentInformationDocumentAxis_07e14cdd-d2d7-42c9-905f-c5805fe3927f" xlink:href="https://xbrl.sec.gov/dei/2024/dei-2024.xsd#dei_DocumentInformationDocumentAxis"/>
    <link:presentationArc order="1" xlink:arcrole="http://www.xbrl.org/2003/arcrole/parent-child" xlink:from="loc_dei_DocumentInformationTable_c115ee6e-c7ee-492f-b1b1-85220d532693" xlink:to="loc_dei_DocumentInformationDocumentAxis_07e14cdd-d2d7-42c9-905f-c5805fe3927f" xlink:type="arc" preferredLabel="http://www.xbrl.org/2003/role/terseLabel"/>
    <link:loc xlink:type="locator" xlink:label="loc_dei_DocumentDomain_c11fb1fc-9161-40e0-81e5-3abc8ad606e0" xlink:href="https://xbrl.sec.gov/dei/2024/dei-2024.xsd#dei_DocumentDomain"/>
    <link:presentationArc order="1" xlink:arcrole="http://www.xbrl.org/2003/arcrole/parent-child" xlink:from="loc_dei_DocumentInformationDocumentAxis_07e14cdd-d2d7-42c9-905f-c5805fe3927f" xlink:to="loc_dei_DocumentDomain_c11fb1fc-9161-40e0-81e5-3abc8ad606e0" xlink:type="arc" preferredLabel="http://www.xbrl.org/2003/role/terseLabel"/>
    <link:loc xlink:type="locator" xlink:label="loc_dei_DocumentInformationLineItems_9758dbc8-ded6-4a3b-a93b-2f6f8a09ac09" xlink:href="https://xbrl.sec.gov/dei/2024/dei-2024.xsd#dei_DocumentInformationLineItems"/>
    <link:presentationArc order="2" xlink:arcrole="http://www.xbrl.org/2003/arcrole/parent-child" xlink:from="loc_dei_DocumentInformationTable_c115ee6e-c7ee-492f-b1b1-85220d532693" xlink:to="loc_dei_DocumentInformationLineItems_9758dbc8-ded6-4a3b-a93b-2f6f8a09ac09" xlink:type="arc" preferredLabel="http://www.xbrl.org/2003/role/terseLabel"/>
    <link:loc xlink:type="locator" xlink:label="loc_dei_DocumentType_dd747f18-5aac-4519-97da-3341b2b7f8cd" xlink:href="https://xbrl.sec.gov/dei/2024/dei-2024.xsd#dei_DocumentType"/>
    <link:presentationArc order="1" xlink:arcrole="http://www.xbrl.org/2003/arcrole/parent-child" xlink:from="loc_dei_DocumentInformationLineItems_9758dbc8-ded6-4a3b-a93b-2f6f8a09ac09" xlink:to="loc_dei_DocumentType_dd747f18-5aac-4519-97da-3341b2b7f8cd" xlink:type="arc" preferredLabel="http://www.xbrl.org/2003/role/terseLabel"/>
    <link:loc xlink:type="locator" xlink:label="loc_dei_DocumentPeriodEndDate_a82a4ad7-1eb4-456b-a463-3c50bbd19f72" xlink:href="https://xbrl.sec.gov/dei/2024/dei-2024.xsd#dei_DocumentPeriodEndDate"/>
    <link:presentationArc order="2" xlink:arcrole="http://www.xbrl.org/2003/arcrole/parent-child" xlink:from="loc_dei_DocumentInformationLineItems_9758dbc8-ded6-4a3b-a93b-2f6f8a09ac09" xlink:to="loc_dei_DocumentPeriodEndDate_a82a4ad7-1eb4-456b-a463-3c50bbd19f72" xlink:type="arc" preferredLabel="http://www.xbrl.org/2003/role/terseLabel"/>
    <link:loc xlink:type="locator" xlink:label="loc_dei_EntityRegistrantName_fff0e107-42c1-4a5a-8fdd-208818d2449b" xlink:href="https://xbrl.sec.gov/dei/2024/dei-2024.xsd#dei_EntityRegistrantName"/>
    <link:presentationArc order="3" xlink:arcrole="http://www.xbrl.org/2003/arcrole/parent-child" xlink:from="loc_dei_DocumentInformationLineItems_9758dbc8-ded6-4a3b-a93b-2f6f8a09ac09" xlink:to="loc_dei_EntityRegistrantName_fff0e107-42c1-4a5a-8fdd-208818d2449b" xlink:type="arc" preferredLabel="http://www.xbrl.org/2003/role/terseLabel"/>
    <link:loc xlink:type="locator" xlink:label="loc_dei_EntityIncorporationStateCountryCode_0b53a5b1-c72c-4828-91ab-4570affc460a" xlink:href="https://xbrl.sec.gov/dei/2024/dei-2024.xsd#dei_EntityIncorporationStateCountryCode"/>
    <link:presentationArc order="4" xlink:arcrole="http://www.xbrl.org/2003/arcrole/parent-child" xlink:from="loc_dei_DocumentInformationLineItems_9758dbc8-ded6-4a3b-a93b-2f6f8a09ac09" xlink:to="loc_dei_EntityIncorporationStateCountryCode_0b53a5b1-c72c-4828-91ab-4570affc460a" xlink:type="arc" preferredLabel="http://www.xbrl.org/2003/role/terseLabel"/>
    <link:loc xlink:type="locator" xlink:label="loc_dei_EntityFileNumber_73226526-4245-4ba9-8df7-b1e27839276e" xlink:href="https://xbrl.sec.gov/dei/2024/dei-2024.xsd#dei_EntityFileNumber"/>
    <link:presentationArc order="5" xlink:arcrole="http://www.xbrl.org/2003/arcrole/parent-child" xlink:from="loc_dei_DocumentInformationLineItems_9758dbc8-ded6-4a3b-a93b-2f6f8a09ac09" xlink:to="loc_dei_EntityFileNumber_73226526-4245-4ba9-8df7-b1e27839276e" xlink:type="arc" preferredLabel="http://www.xbrl.org/2003/role/terseLabel"/>
    <link:loc xlink:type="locator" xlink:label="loc_dei_EntityTaxIdentificationNumber_eeec20dd-53e9-4dae-8a65-77bbf93c089e" xlink:href="https://xbrl.sec.gov/dei/2024/dei-2024.xsd#dei_EntityTaxIdentificationNumber"/>
    <link:presentationArc order="6" xlink:arcrole="http://www.xbrl.org/2003/arcrole/parent-child" xlink:from="loc_dei_DocumentInformationLineItems_9758dbc8-ded6-4a3b-a93b-2f6f8a09ac09" xlink:to="loc_dei_EntityTaxIdentificationNumber_eeec20dd-53e9-4dae-8a65-77bbf93c089e" xlink:type="arc" preferredLabel="http://www.xbrl.org/2003/role/terseLabel"/>
    <link:loc xlink:type="locator" xlink:label="loc_dei_EntityAddressAddressLine1_e33e63c5-b714-4266-b049-0d4f8d98e1cf" xlink:href="https://xbrl.sec.gov/dei/2024/dei-2024.xsd#dei_EntityAddressAddressLine1"/>
    <link:presentationArc order="7" xlink:arcrole="http://www.xbrl.org/2003/arcrole/parent-child" xlink:from="loc_dei_DocumentInformationLineItems_9758dbc8-ded6-4a3b-a93b-2f6f8a09ac09" xlink:to="loc_dei_EntityAddressAddressLine1_e33e63c5-b714-4266-b049-0d4f8d98e1cf" xlink:type="arc" preferredLabel="http://www.xbrl.org/2003/role/terseLabel"/>
    <link:loc xlink:type="locator" xlink:label="loc_dei_EntityAddressCityOrTown_e0505e02-9def-4ff1-96e4-09c4b210a605" xlink:href="https://xbrl.sec.gov/dei/2024/dei-2024.xsd#dei_EntityAddressCityOrTown"/>
    <link:presentationArc order="8" xlink:arcrole="http://www.xbrl.org/2003/arcrole/parent-child" xlink:from="loc_dei_DocumentInformationLineItems_9758dbc8-ded6-4a3b-a93b-2f6f8a09ac09" xlink:to="loc_dei_EntityAddressCityOrTown_e0505e02-9def-4ff1-96e4-09c4b210a605" xlink:type="arc" preferredLabel="http://www.xbrl.org/2003/role/terseLabel"/>
    <link:loc xlink:type="locator" xlink:label="loc_dei_EntityAddressStateOrProvince_89878c0a-c256-4eb7-997e-a8909c2a4f07" xlink:href="https://xbrl.sec.gov/dei/2024/dei-2024.xsd#dei_EntityAddressStateOrProvince"/>
    <link:presentationArc order="9" xlink:arcrole="http://www.xbrl.org/2003/arcrole/parent-child" xlink:from="loc_dei_DocumentInformationLineItems_9758dbc8-ded6-4a3b-a93b-2f6f8a09ac09" xlink:to="loc_dei_EntityAddressStateOrProvince_89878c0a-c256-4eb7-997e-a8909c2a4f07" xlink:type="arc" preferredLabel="http://www.xbrl.org/2003/role/terseLabel"/>
    <link:loc xlink:type="locator" xlink:label="loc_dei_EntityAddressPostalZipCode_c7f7d780-03b6-48b5-a4fe-03fe024a1225" xlink:href="https://xbrl.sec.gov/dei/2024/dei-2024.xsd#dei_EntityAddressPostalZipCode"/>
    <link:presentationArc order="10" xlink:arcrole="http://www.xbrl.org/2003/arcrole/parent-child" xlink:from="loc_dei_DocumentInformationLineItems_9758dbc8-ded6-4a3b-a93b-2f6f8a09ac09" xlink:to="loc_dei_EntityAddressPostalZipCode_c7f7d780-03b6-48b5-a4fe-03fe024a1225" xlink:type="arc" preferredLabel="http://www.xbrl.org/2003/role/terseLabel"/>
    <link:loc xlink:type="locator" xlink:label="loc_dei_CityAreaCode_9a4d6a3d-3f86-453d-98d4-6676e9c4e237" xlink:href="https://xbrl.sec.gov/dei/2024/dei-2024.xsd#dei_CityAreaCode"/>
    <link:presentationArc order="11" xlink:arcrole="http://www.xbrl.org/2003/arcrole/parent-child" xlink:from="loc_dei_DocumentInformationLineItems_9758dbc8-ded6-4a3b-a93b-2f6f8a09ac09" xlink:to="loc_dei_CityAreaCode_9a4d6a3d-3f86-453d-98d4-6676e9c4e237" xlink:type="arc" preferredLabel="http://www.xbrl.org/2003/role/terseLabel"/>
    <link:loc xlink:type="locator" xlink:label="loc_dei_LocalPhoneNumber_8d476687-c8e1-408f-8700-02017d03b29d" xlink:href="https://xbrl.sec.gov/dei/2024/dei-2024.xsd#dei_LocalPhoneNumber"/>
    <link:presentationArc order="12" xlink:arcrole="http://www.xbrl.org/2003/arcrole/parent-child" xlink:from="loc_dei_DocumentInformationLineItems_9758dbc8-ded6-4a3b-a93b-2f6f8a09ac09" xlink:to="loc_dei_LocalPhoneNumber_8d476687-c8e1-408f-8700-02017d03b29d" xlink:type="arc" preferredLabel="http://www.xbrl.org/2003/role/terseLabel"/>
    <link:loc xlink:type="locator" xlink:label="loc_dei_WrittenCommunications_b99d81eb-b671-44c3-8ae1-18434be2f98d" xlink:href="https://xbrl.sec.gov/dei/2024/dei-2024.xsd#dei_WrittenCommunications"/>
    <link:presentationArc order="13" xlink:arcrole="http://www.xbrl.org/2003/arcrole/parent-child" xlink:from="loc_dei_DocumentInformationLineItems_9758dbc8-ded6-4a3b-a93b-2f6f8a09ac09" xlink:to="loc_dei_WrittenCommunications_b99d81eb-b671-44c3-8ae1-18434be2f98d" xlink:type="arc" preferredLabel="http://www.xbrl.org/2003/role/terseLabel"/>
    <link:loc xlink:type="locator" xlink:label="loc_dei_SolicitingMaterial_4427d309-aede-4335-9fa9-fafe41002ec1" xlink:href="https://xbrl.sec.gov/dei/2024/dei-2024.xsd#dei_SolicitingMaterial"/>
    <link:presentationArc order="14" xlink:arcrole="http://www.xbrl.org/2003/arcrole/parent-child" xlink:from="loc_dei_DocumentInformationLineItems_9758dbc8-ded6-4a3b-a93b-2f6f8a09ac09" xlink:to="loc_dei_SolicitingMaterial_4427d309-aede-4335-9fa9-fafe41002ec1" xlink:type="arc" preferredLabel="http://www.xbrl.org/2003/role/terseLabel"/>
    <link:loc xlink:type="locator" xlink:label="loc_dei_PreCommencementTenderOffer_7dd9822c-8743-4a01-a3b8-748212f339a1" xlink:href="https://xbrl.sec.gov/dei/2024/dei-2024.xsd#dei_PreCommencementTenderOffer"/>
    <link:presentationArc order="15" xlink:arcrole="http://www.xbrl.org/2003/arcrole/parent-child" xlink:from="loc_dei_DocumentInformationLineItems_9758dbc8-ded6-4a3b-a93b-2f6f8a09ac09" xlink:to="loc_dei_PreCommencementTenderOffer_7dd9822c-8743-4a01-a3b8-748212f339a1" xlink:type="arc" preferredLabel="http://www.xbrl.org/2003/role/terseLabel"/>
    <link:loc xlink:type="locator" xlink:label="loc_dei_PreCommencementIssuerTenderOffer_04c96db9-9459-4df6-8b5e-a745427a7d69" xlink:href="https://xbrl.sec.gov/dei/2024/dei-2024.xsd#dei_PreCommencementIssuerTenderOffer"/>
    <link:presentationArc order="16" xlink:arcrole="http://www.xbrl.org/2003/arcrole/parent-child" xlink:from="loc_dei_DocumentInformationLineItems_9758dbc8-ded6-4a3b-a93b-2f6f8a09ac09" xlink:to="loc_dei_PreCommencementIssuerTenderOffer_04c96db9-9459-4df6-8b5e-a745427a7d69" xlink:type="arc" preferredLabel="http://www.xbrl.org/2003/role/terseLabel"/>
    <link:loc xlink:type="locator" xlink:label="loc_dei_Security12bTitle_26f0951d-468b-4477-9f08-85ea97096e53" xlink:href="https://xbrl.sec.gov/dei/2024/dei-2024.xsd#dei_Security12bTitle"/>
    <link:presentationArc order="17" xlink:arcrole="http://www.xbrl.org/2003/arcrole/parent-child" xlink:from="loc_dei_DocumentInformationLineItems_9758dbc8-ded6-4a3b-a93b-2f6f8a09ac09" xlink:to="loc_dei_Security12bTitle_26f0951d-468b-4477-9f08-85ea97096e53" xlink:type="arc" preferredLabel="http://www.xbrl.org/2003/role/terseLabel"/>
    <link:loc xlink:type="locator" xlink:label="loc_dei_TradingSymbol_6ebfa942-8e50-4578-8a2a-be2afb40e3b7" xlink:href="https://xbrl.sec.gov/dei/2024/dei-2024.xsd#dei_TradingSymbol"/>
    <link:presentationArc order="18" xlink:arcrole="http://www.xbrl.org/2003/arcrole/parent-child" xlink:from="loc_dei_DocumentInformationLineItems_9758dbc8-ded6-4a3b-a93b-2f6f8a09ac09" xlink:to="loc_dei_TradingSymbol_6ebfa942-8e50-4578-8a2a-be2afb40e3b7" xlink:type="arc" preferredLabel="http://www.xbrl.org/2003/role/terseLabel"/>
    <link:loc xlink:type="locator" xlink:label="loc_dei_SecurityExchangeName_e42a58eb-41c4-487c-b580-c28be1e16e44" xlink:href="https://xbrl.sec.gov/dei/2024/dei-2024.xsd#dei_SecurityExchangeName"/>
    <link:presentationArc order="19" xlink:arcrole="http://www.xbrl.org/2003/arcrole/parent-child" xlink:from="loc_dei_DocumentInformationLineItems_9758dbc8-ded6-4a3b-a93b-2f6f8a09ac09" xlink:to="loc_dei_SecurityExchangeName_e42a58eb-41c4-487c-b580-c28be1e16e44" xlink:type="arc" preferredLabel="http://www.xbrl.org/2003/role/terseLabel"/>
    <link:loc xlink:type="locator" xlink:label="loc_dei_EntityEmergingGrowthCompany_3953822b-1c3e-4f81-8175-91fc689c796d" xlink:href="https://xbrl.sec.gov/dei/2024/dei-2024.xsd#dei_EntityEmergingGrowthCompany"/>
    <link:presentationArc order="20" xlink:arcrole="http://www.xbrl.org/2003/arcrole/parent-child" xlink:from="loc_dei_DocumentInformationLineItems_9758dbc8-ded6-4a3b-a93b-2f6f8a09ac09" xlink:to="loc_dei_EntityEmergingGrowthCompany_3953822b-1c3e-4f81-8175-91fc689c796d" xlink:type="arc" preferredLabel="http://www.xbrl.org/2003/role/terseLabel"/>
    <link:loc xlink:type="locator" xlink:label="loc_dei_EntityCentralIndexKey_00c1d0e3-c6e4-488f-8112-f6cfa5afd302" xlink:href="https://xbrl.sec.gov/dei/2024/dei-2024.xsd#dei_EntityCentralIndexKey"/>
    <link:presentationArc order="21" xlink:arcrole="http://www.xbrl.org/2003/arcrole/parent-child" xlink:from="loc_dei_DocumentInformationLineItems_9758dbc8-ded6-4a3b-a93b-2f6f8a09ac09" xlink:to="loc_dei_EntityCentralIndexKey_00c1d0e3-c6e4-488f-8112-f6cfa5afd302" xlink:type="arc" preferredLabel="http://www.xbrl.org/2003/role/terseLabel"/>
    <link:loc xlink:type="locator" xlink:label="loc_dei_AmendmentFlag_7308a30d-3ed7-4941-821f-0f5c86b2e3ee" xlink:href="https://xbrl.sec.gov/dei/2024/dei-2024.xsd#dei_AmendmentFlag"/>
    <link:presentationArc order="22" xlink:arcrole="http://www.xbrl.org/2003/arcrole/parent-child" xlink:from="loc_dei_DocumentInformationLineItems_9758dbc8-ded6-4a3b-a93b-2f6f8a09ac09" xlink:to="loc_dei_AmendmentFlag_7308a30d-3ed7-4941-821f-0f5c86b2e3ee" xlink:type="arc" preferredLabel="http://www.xbrl.org/2003/role/terseLabel"/>
  </link:presentationLink>
</link:linkbase>
