<?xml version="1.0" encoding="UTF-8"?>

<!--XBRL Document Created with the Workiva Platform-->
<!--Copyright 2025 Workiva-->
<!--r:c8915d87-cdfa-4acf-9200-697c4ade6060,g:ac2444c1-cce2-4277-8bac-e4b0e9281f95-->
<link:linkbase xmlns:link="http://www.xbrl.org/2003/linkbase" xmlns:xlink="http://www.w3.org/1999/xlink" xmlns:xsi="http://www.w3.org/2001/XMLSchema-instance" xmlns:xbrldt="http://xbrl.org/2005/xbrldt" xsi:schemaLocation="http://www.xbrl.org/2003/linkbase http://www.xbrl.org/2003/xbrl-linkbase-2003-12-31.xsd">
  <link:arcroleRef arcroleURI="http://xbrl.org/int/dim/arcrole/all" xlink:type="simple" xlink:href="http://www.xbrl.org/2005/xbrldt-2005.xsd#all"/>
  <link:arcroleRef arcroleURI="http://xbrl.org/int/dim/arcrole/hypercube-dimension" xlink:type="simple" xlink:href="http://www.xbrl.org/2005/xbrldt-2005.xsd#hypercube-dimension"/>
  <link:arcroleRef arcroleURI="http://xbrl.org/int/dim/arcrole/dimension-default" xlink:type="simple" xlink:href="http://www.xbrl.org/2005/xbrldt-2005.xsd#dimension-default"/>
  <link:arcroleRef arcroleURI="http://xbrl.org/int/dim/arcrole/dimension-domain" xlink:type="simple" xlink:href="http://www.xbrl.org/2005/xbrldt-2005.xsd#dimension-domain"/>
  <link:arcroleRef arcroleURI="http://xbrl.org/int/dim/arcrole/domain-member" xlink:type="simple" xlink:href="http://www.xbrl.org/2005/xbrldt-2005.xsd#domain-member"/>
  <link:roleRef roleURI="http://www.gamestop.com/role/Cover" xlink:type="simple" xlink:href="gme-20250623.xsd#Cover"/>
  <link:definitionLink xlink:role="http://www.gamestop.com/role/Cover" xlink:type="extended">
    <link:loc xlink:type="locator" xlink:label="loc_dei_DocumentInformationLineItems_9758dbc8-ded6-4a3b-a93b-2f6f8a09ac09" xlink:href="https://xbrl.sec.gov/dei/2024/dei-2024.xsd#dei_DocumentInformationLineItems"/>
    <link:loc xlink:type="locator" xlink:label="loc_dei_DocumentInformationTable_c115ee6e-c7ee-492f-b1b1-85220d532693" xlink:href="https://xbrl.sec.gov/dei/2024/dei-2024.xsd#dei_DocumentInformationTable"/>
    <link:definitionArc xlink:arcrole="http://xbrl.org/int/dim/arcrole/all" xlink:from="loc_dei_DocumentInformationLineItems_9758dbc8-ded6-4a3b-a93b-2f6f8a09ac09" xlink:to="loc_dei_DocumentInformationTable_c115ee6e-c7ee-492f-b1b1-85220d532693" xlink:type="arc" order="1" xbrldt:closed="true" xbrldt:contextElement="segment"/>
    <link:loc xlink:type="locator" xlink:label="loc_dei_DocumentInformationDocumentAxis_07e14cdd-d2d7-42c9-905f-c5805fe3927f" xlink:href="https://xbrl.sec.gov/dei/2024/dei-2024.xsd#dei_DocumentInformationDocumentAxis"/>
    <link:definitionArc xlink:arcrole="http://xbrl.org/int/dim/arcrole/hypercube-dimension" xlink:from="loc_dei_DocumentInformationTable_c115ee6e-c7ee-492f-b1b1-85220d532693" xlink:to="loc_dei_DocumentInformationDocumentAxis_07e14cdd-d2d7-42c9-905f-c5805fe3927f" xlink:type="arc" order="1"/>
    <link:loc xlink:type="locator" xlink:label="loc_dei_DocumentDomain_07e14cdd-d2d7-42c9-905f-c5805fe3927f_default" xlink:href="https://xbrl.sec.gov/dei/2024/dei-2024.xsd#dei_DocumentDomain"/>
    <link:definitionArc xlink:arcrole="http://xbrl.org/int/dim/arcrole/dimension-default" xlink:from="loc_dei_DocumentInformationDocumentAxis_07e14cdd-d2d7-42c9-905f-c5805fe3927f" xlink:to="loc_dei_DocumentDomain_07e14cdd-d2d7-42c9-905f-c5805fe3927f_default" xlink:type="arc" order="1"/>
    <link:loc xlink:type="locator" xlink:label="loc_dei_DocumentDomain_c11fb1fc-9161-40e0-81e5-3abc8ad606e0" xlink:href="https://xbrl.sec.gov/dei/2024/dei-2024.xsd#dei_DocumentDomain"/>
    <link:definitionArc xlink:arcrole="http://xbrl.org/int/dim/arcrole/dimension-domain" xlink:from="loc_dei_DocumentInformationDocumentAxis_07e14cdd-d2d7-42c9-905f-c5805fe3927f" xlink:to="loc_dei_DocumentDomain_c11fb1fc-9161-40e0-81e5-3abc8ad606e0" xlink:type="arc" order="1"/>
    <link:loc xlink:type="locator" xlink:label="loc_dei_DocumentType_dd747f18-5aac-4519-97da-3341b2b7f8cd" xlink:href="https://xbrl.sec.gov/dei/2024/dei-2024.xsd#dei_DocumentType"/>
    <link:definitionArc xlink:arcrole="http://xbrl.org/int/dim/arcrole/domain-member" xlink:from="loc_dei_DocumentInformationLineItems_9758dbc8-ded6-4a3b-a93b-2f6f8a09ac09" xlink:to="loc_dei_DocumentType_dd747f18-5aac-4519-97da-3341b2b7f8cd" xlink:type="arc" order="0"/>
    <link:loc xlink:type="locator" xlink:label="loc_dei_DocumentPeriodEndDate_a82a4ad7-1eb4-456b-a463-3c50bbd19f72" xlink:href="https://xbrl.sec.gov/dei/2024/dei-2024.xsd#dei_DocumentPeriodEndDate"/>
    <link:definitionArc xlink:arcrole="http://xbrl.org/int/dim/arcrole/domain-member" xlink:from="loc_dei_DocumentInformationLineItems_9758dbc8-ded6-4a3b-a93b-2f6f8a09ac09" xlink:to="loc_dei_DocumentPeriodEndDate_a82a4ad7-1eb4-456b-a463-3c50bbd19f72" xlink:type="arc" order="1"/>
    <link:loc xlink:type="locator" xlink:label="loc_dei_EntityRegistrantName_fff0e107-42c1-4a5a-8fdd-208818d2449b" xlink:href="https://xbrl.sec.gov/dei/2024/dei-2024.xsd#dei_EntityRegistrantName"/>
    <link:definitionArc xlink:arcrole="http://xbrl.org/int/dim/arcrole/domain-member" xlink:from="loc_dei_DocumentInformationLineItems_9758dbc8-ded6-4a3b-a93b-2f6f8a09ac09" xlink:to="loc_dei_EntityRegistrantName_fff0e107-42c1-4a5a-8fdd-208818d2449b" xlink:type="arc" order="2"/>
    <link:loc xlink:type="locator" xlink:label="loc_dei_EntityIncorporationStateCountryCode_0b53a5b1-c72c-4828-91ab-4570affc460a" xlink:href="https://xbrl.sec.gov/dei/2024/dei-2024.xsd#dei_EntityIncorporationStateCountryCode"/>
    <link:definitionArc xlink:arcrole="http://xbrl.org/int/dim/arcrole/domain-member" xlink:from="loc_dei_DocumentInformationLineItems_9758dbc8-ded6-4a3b-a93b-2f6f8a09ac09" xlink:to="loc_dei_EntityIncorporationStateCountryCode_0b53a5b1-c72c-4828-91ab-4570affc460a" xlink:type="arc" order="3"/>
    <link:loc xlink:type="locator" xlink:label="loc_dei_EntityFileNumber_73226526-4245-4ba9-8df7-b1e27839276e" xlink:href="https://xbrl.sec.gov/dei/2024/dei-2024.xsd#dei_EntityFileNumber"/>
    <link:definitionArc xlink:arcrole="http://xbrl.org/int/dim/arcrole/domain-member" xlink:from="loc_dei_DocumentInformationLineItems_9758dbc8-ded6-4a3b-a93b-2f6f8a09ac09" xlink:to="loc_dei_EntityFileNumber_73226526-4245-4ba9-8df7-b1e27839276e" xlink:type="arc" order="4"/>
    <link:loc xlink:type="locator" xlink:label="loc_dei_EntityTaxIdentificationNumber_eeec20dd-53e9-4dae-8a65-77bbf93c089e" xlink:href="https://xbrl.sec.gov/dei/2024/dei-2024.xsd#dei_EntityTaxIdentificationNumber"/>
    <link:definitionArc xlink:arcrole="http://xbrl.org/int/dim/arcrole/domain-member" xlink:from="loc_dei_DocumentInformationLineItems_9758dbc8-ded6-4a3b-a93b-2f6f8a09ac09" xlink:to="loc_dei_EntityTaxIdentificationNumber_eeec20dd-53e9-4dae-8a65-77bbf93c089e" xlink:type="arc" order="5"/>
    <link:loc xlink:type="locator" xlink:label="loc_dei_EntityAddressAddressLine1_e33e63c5-b714-4266-b049-0d4f8d98e1cf" xlink:href="https://xbrl.sec.gov/dei/2024/dei-2024.xsd#dei_EntityAddressAddressLine1"/>
    <link:definitionArc xlink:arcrole="http://xbrl.org/int/dim/arcrole/domain-member" xlink:from="loc_dei_DocumentInformationLineItems_9758dbc8-ded6-4a3b-a93b-2f6f8a09ac09" xlink:to="loc_dei_EntityAddressAddressLine1_e33e63c5-b714-4266-b049-0d4f8d98e1cf" xlink:type="arc" order="6"/>
    <link:loc xlink:type="locator" xlink:label="loc_dei_EntityAddressCityOrTown_e0505e02-9def-4ff1-96e4-09c4b210a605" xlink:href="https://xbrl.sec.gov/dei/2024/dei-2024.xsd#dei_EntityAddressCityOrTown"/>
    <link:definitionArc xlink:arcrole="http://xbrl.org/int/dim/arcrole/domain-member" xlink:from="loc_dei_DocumentInformationLineItems_9758dbc8-ded6-4a3b-a93b-2f6f8a09ac09" xlink:to="loc_dei_EntityAddressCityOrTown_e0505e02-9def-4ff1-96e4-09c4b210a605" xlink:type="arc" order="7"/>
    <link:loc xlink:type="locator" xlink:label="loc_dei_EntityAddressStateOrProvince_89878c0a-c256-4eb7-997e-a8909c2a4f07" xlink:href="https://xbrl.sec.gov/dei/2024/dei-2024.xsd#dei_EntityAddressStateOrProvince"/>
    <link:definitionArc xlink:arcrole="http://xbrl.org/int/dim/arcrole/domain-member" xlink:from="loc_dei_DocumentInformationLineItems_9758dbc8-ded6-4a3b-a93b-2f6f8a09ac09" xlink:to="loc_dei_EntityAddressStateOrProvince_89878c0a-c256-4eb7-997e-a8909c2a4f07" xlink:type="arc" order="8"/>
    <link:loc xlink:type="locator" xlink:label="loc_dei_EntityAddressPostalZipCode_c7f7d780-03b6-48b5-a4fe-03fe024a1225" xlink:href="https://xbrl.sec.gov/dei/2024/dei-2024.xsd#dei_EntityAddressPostalZipCode"/>
    <link:definitionArc xlink:arcrole="http://xbrl.org/int/dim/arcrole/domain-member" xlink:from="loc_dei_DocumentInformationLineItems_9758dbc8-ded6-4a3b-a93b-2f6f8a09ac09" xlink:to="loc_dei_EntityAddressPostalZipCode_c7f7d780-03b6-48b5-a4fe-03fe024a1225" xlink:type="arc" order="9"/>
    <link:loc xlink:type="locator" xlink:label="loc_dei_CityAreaCode_9a4d6a3d-3f86-453d-98d4-6676e9c4e237" xlink:href="https://xbrl.sec.gov/dei/2024/dei-2024.xsd#dei_CityAreaCode"/>
    <link:definitionArc xlink:arcrole="http://xbrl.org/int/dim/arcrole/domain-member" xlink:from="loc_dei_DocumentInformationLineItems_9758dbc8-ded6-4a3b-a93b-2f6f8a09ac09" xlink:to="loc_dei_CityAreaCode_9a4d6a3d-3f86-453d-98d4-6676e9c4e237" xlink:type="arc" order="10"/>
    <link:loc xlink:type="locator" xlink:label="loc_dei_LocalPhoneNumber_8d476687-c8e1-408f-8700-02017d03b29d" xlink:href="https://xbrl.sec.gov/dei/2024/dei-2024.xsd#dei_LocalPhoneNumber"/>
    <link:definitionArc xlink:arcrole="http://xbrl.org/int/dim/arcrole/domain-member" xlink:from="loc_dei_DocumentInformationLineItems_9758dbc8-ded6-4a3b-a93b-2f6f8a09ac09" xlink:to="loc_dei_LocalPhoneNumber_8d476687-c8e1-408f-8700-02017d03b29d" xlink:type="arc" order="11"/>
    <link:loc xlink:type="locator" xlink:label="loc_dei_WrittenCommunications_b99d81eb-b671-44c3-8ae1-18434be2f98d" xlink:href="https://xbrl.sec.gov/dei/2024/dei-2024.xsd#dei_WrittenCommunications"/>
    <link:definitionArc xlink:arcrole="http://xbrl.org/int/dim/arcrole/domain-member" xlink:from="loc_dei_DocumentInformationLineItems_9758dbc8-ded6-4a3b-a93b-2f6f8a09ac09" xlink:to="loc_dei_WrittenCommunications_b99d81eb-b671-44c3-8ae1-18434be2f98d" xlink:type="arc" order="12"/>
    <link:loc xlink:type="locator" xlink:label="loc_dei_SolicitingMaterial_4427d309-aede-4335-9fa9-fafe41002ec1" xlink:href="https://xbrl.sec.gov/dei/2024/dei-2024.xsd#dei_SolicitingMaterial"/>
    <link:definitionArc xlink:arcrole="http://xbrl.org/int/dim/arcrole/domain-member" xlink:from="loc_dei_DocumentInformationLineItems_9758dbc8-ded6-4a3b-a93b-2f6f8a09ac09" xlink:to="loc_dei_SolicitingMaterial_4427d309-aede-4335-9fa9-fafe41002ec1" xlink:type="arc" order="13"/>
    <link:loc xlink:type="locator" xlink:label="loc_dei_PreCommencementTenderOffer_7dd9822c-8743-4a01-a3b8-748212f339a1" xlink:href="https://xbrl.sec.gov/dei/2024/dei-2024.xsd#dei_PreCommencementTenderOffer"/>
    <link:definitionArc xlink:arcrole="http://xbrl.org/int/dim/arcrole/domain-member" xlink:from="loc_dei_DocumentInformationLineItems_9758dbc8-ded6-4a3b-a93b-2f6f8a09ac09" xlink:to="loc_dei_PreCommencementTenderOffer_7dd9822c-8743-4a01-a3b8-748212f339a1" xlink:type="arc" order="14"/>
    <link:loc xlink:type="locator" xlink:label="loc_dei_PreCommencementIssuerTenderOffer_04c96db9-9459-4df6-8b5e-a745427a7d69" xlink:href="https://xbrl.sec.gov/dei/2024/dei-2024.xsd#dei_PreCommencementIssuerTenderOffer"/>
    <link:definitionArc xlink:arcrole="http://xbrl.org/int/dim/arcrole/domain-member" xlink:from="loc_dei_DocumentInformationLineItems_9758dbc8-ded6-4a3b-a93b-2f6f8a09ac09" xlink:to="loc_dei_PreCommencementIssuerTenderOffer_04c96db9-9459-4df6-8b5e-a745427a7d69" xlink:type="arc" order="15"/>
    <link:loc xlink:type="locator" xlink:label="loc_dei_Security12bTitle_26f0951d-468b-4477-9f08-85ea97096e53" xlink:href="https://xbrl.sec.gov/dei/2024/dei-2024.xsd#dei_Security12bTitle"/>
    <link:definitionArc xlink:arcrole="http://xbrl.org/int/dim/arcrole/domain-member" xlink:from="loc_dei_DocumentInformationLineItems_9758dbc8-ded6-4a3b-a93b-2f6f8a09ac09" xlink:to="loc_dei_Security12bTitle_26f0951d-468b-4477-9f08-85ea97096e53" xlink:type="arc" order="16"/>
    <link:loc xlink:type="locator" xlink:label="loc_dei_TradingSymbol_6ebfa942-8e50-4578-8a2a-be2afb40e3b7" xlink:href="https://xbrl.sec.gov/dei/2024/dei-2024.xsd#dei_TradingSymbol"/>
    <link:definitionArc xlink:arcrole="http://xbrl.org/int/dim/arcrole/domain-member" xlink:from="loc_dei_DocumentInformationLineItems_9758dbc8-ded6-4a3b-a93b-2f6f8a09ac09" xlink:to="loc_dei_TradingSymbol_6ebfa942-8e50-4578-8a2a-be2afb40e3b7" xlink:type="arc" order="17"/>
    <link:loc xlink:type="locator" xlink:label="loc_dei_SecurityExchangeName_e42a58eb-41c4-487c-b580-c28be1e16e44" xlink:href="https://xbrl.sec.gov/dei/2024/dei-2024.xsd#dei_SecurityExchangeName"/>
    <link:definitionArc xlink:arcrole="http://xbrl.org/int/dim/arcrole/domain-member" xlink:from="loc_dei_DocumentInformationLineItems_9758dbc8-ded6-4a3b-a93b-2f6f8a09ac09" xlink:to="loc_dei_SecurityExchangeName_e42a58eb-41c4-487c-b580-c28be1e16e44" xlink:type="arc" order="18"/>
    <link:loc xlink:type="locator" xlink:label="loc_dei_EntityEmergingGrowthCompany_3953822b-1c3e-4f81-8175-91fc689c796d" xlink:href="https://xbrl.sec.gov/dei/2024/dei-2024.xsd#dei_EntityEmergingGrowthCompany"/>
    <link:definitionArc xlink:arcrole="http://xbrl.org/int/dim/arcrole/domain-member" xlink:from="loc_dei_DocumentInformationLineItems_9758dbc8-ded6-4a3b-a93b-2f6f8a09ac09" xlink:to="loc_dei_EntityEmergingGrowthCompany_3953822b-1c3e-4f81-8175-91fc689c796d" xlink:type="arc" order="19"/>
    <link:loc xlink:type="locator" xlink:label="loc_dei_EntityCentralIndexKey_00c1d0e3-c6e4-488f-8112-f6cfa5afd302" xlink:href="https://xbrl.sec.gov/dei/2024/dei-2024.xsd#dei_EntityCentralIndexKey"/>
    <link:definitionArc xlink:arcrole="http://xbrl.org/int/dim/arcrole/domain-member" xlink:from="loc_dei_DocumentInformationLineItems_9758dbc8-ded6-4a3b-a93b-2f6f8a09ac09" xlink:to="loc_dei_EntityCentralIndexKey_00c1d0e3-c6e4-488f-8112-f6cfa5afd302" xlink:type="arc" order="20"/>
    <link:loc xlink:type="locator" xlink:label="loc_dei_AmendmentFlag_7308a30d-3ed7-4941-821f-0f5c86b2e3ee" xlink:href="https://xbrl.sec.gov/dei/2024/dei-2024.xsd#dei_AmendmentFlag"/>
    <link:definitionArc xlink:arcrole="http://xbrl.org/int/dim/arcrole/domain-member" xlink:from="loc_dei_DocumentInformationLineItems_9758dbc8-ded6-4a3b-a93b-2f6f8a09ac09" xlink:to="loc_dei_AmendmentFlag_7308a30d-3ed7-4941-821f-0f5c86b2e3ee" xlink:type="arc" order="21"/>
  </link:definitionLink>
</link:linkbase>
