<?xml version="1.0" encoding="UTF-8"?>

<!--XBRL Document Created with the Workiva Platform-->
<!--Copyright 2025 Workiva-->
<!--r:2b60ad6d-5112-42bb-80b6-5b44d173a0be,g:70cfdb2a-293e-406f-a9d6-2d987495bd63-->
<link:linkbase xmlns:link="http://www.xbrl.org/2003/linkbase" xmlns:xlink="http://www.w3.org/1999/xlink" xmlns:xsi="http://www.w3.org/2001/XMLSchema-instance" xmlns:xbrldt="http://xbrl.org/2005/xbrldt" xsi:schemaLocation="http://www.xbrl.org/2003/linkbase http://www.xbrl.org/2003/xbrl-linkbase-2003-12-31.xsd">
  <link:arcroleRef arcroleURI="http://xbrl.org/int/dim/arcrole/all" xlink:type="simple" xlink:href="http://www.xbrl.org/2005/xbrldt-2005.xsd#all"/>
  <link:arcroleRef arcroleURI="http://xbrl.org/int/dim/arcrole/hypercube-dimension" xlink:type="simple" xlink:href="http://www.xbrl.org/2005/xbrldt-2005.xsd#hypercube-dimension"/>
  <link:arcroleRef arcroleURI="http://xbrl.org/int/dim/arcrole/dimension-default" xlink:type="simple" xlink:href="http://www.xbrl.org/2005/xbrldt-2005.xsd#dimension-default"/>
  <link:arcroleRef arcroleURI="http://xbrl.org/int/dim/arcrole/dimension-domain" xlink:type="simple" xlink:href="http://www.xbrl.org/2005/xbrldt-2005.xsd#dimension-domain"/>
  <link:arcroleRef arcroleURI="http://xbrl.org/int/dim/arcrole/domain-member" xlink:type="simple" xlink:href="http://www.xbrl.org/2005/xbrldt-2005.xsd#domain-member"/>
  <link:roleRef roleURI="http://www.gamestop.com/role/Cover" xlink:type="simple" xlink:href="gme-20250808.xsd#Cover"/>
  <link:definitionLink xlink:role="http://www.gamestop.com/role/Cover" xlink:type="extended">
    <link:loc xlink:type="locator" xlink:label="loc_dei_DocumentInformationLineItems_bfa3a4eb-1fab-4d8d-8796-5dc0612d4434" xlink:href="https://xbrl.sec.gov/dei/2024/dei-2024.xsd#dei_DocumentInformationLineItems"/>
    <link:loc xlink:type="locator" xlink:label="loc_dei_DocumentInformationTable_f2209b46-dc8e-4920-8634-a5d7a8ed5c4e" xlink:href="https://xbrl.sec.gov/dei/2024/dei-2024.xsd#dei_DocumentInformationTable"/>
    <link:definitionArc xlink:arcrole="http://xbrl.org/int/dim/arcrole/all" xlink:from="loc_dei_DocumentInformationLineItems_bfa3a4eb-1fab-4d8d-8796-5dc0612d4434" xlink:to="loc_dei_DocumentInformationTable_f2209b46-dc8e-4920-8634-a5d7a8ed5c4e" xlink:type="arc" order="1" xbrldt:closed="true" xbrldt:contextElement="segment"/>
    <link:loc xlink:type="locator" xlink:label="loc_dei_DocumentInformationDocumentAxis_7cd32783-caa9-4b35-b308-e9be74af4e48" xlink:href="https://xbrl.sec.gov/dei/2024/dei-2024.xsd#dei_DocumentInformationDocumentAxis"/>
    <link:definitionArc xlink:arcrole="http://xbrl.org/int/dim/arcrole/hypercube-dimension" xlink:from="loc_dei_DocumentInformationTable_f2209b46-dc8e-4920-8634-a5d7a8ed5c4e" xlink:to="loc_dei_DocumentInformationDocumentAxis_7cd32783-caa9-4b35-b308-e9be74af4e48" xlink:type="arc" order="1"/>
    <link:loc xlink:type="locator" xlink:label="loc_dei_DocumentDomain_7cd32783-caa9-4b35-b308-e9be74af4e48_default" xlink:href="https://xbrl.sec.gov/dei/2024/dei-2024.xsd#dei_DocumentDomain"/>
    <link:definitionArc xlink:arcrole="http://xbrl.org/int/dim/arcrole/dimension-default" xlink:from="loc_dei_DocumentInformationDocumentAxis_7cd32783-caa9-4b35-b308-e9be74af4e48" xlink:to="loc_dei_DocumentDomain_7cd32783-caa9-4b35-b308-e9be74af4e48_default" xlink:type="arc" order="1"/>
    <link:loc xlink:type="locator" xlink:label="loc_dei_DocumentDomain_fb4c051d-04cf-445d-b7da-438e13a45162" xlink:href="https://xbrl.sec.gov/dei/2024/dei-2024.xsd#dei_DocumentDomain"/>
    <link:definitionArc xlink:arcrole="http://xbrl.org/int/dim/arcrole/dimension-domain" xlink:from="loc_dei_DocumentInformationDocumentAxis_7cd32783-caa9-4b35-b308-e9be74af4e48" xlink:to="loc_dei_DocumentDomain_fb4c051d-04cf-445d-b7da-438e13a45162" xlink:type="arc" order="1"/>
    <link:loc xlink:type="locator" xlink:label="loc_dei_DocumentType_ebb53bc0-729b-46f9-a461-0a7cccab8bca" xlink:href="https://xbrl.sec.gov/dei/2024/dei-2024.xsd#dei_DocumentType"/>
    <link:definitionArc xlink:arcrole="http://xbrl.org/int/dim/arcrole/domain-member" xlink:from="loc_dei_DocumentInformationLineItems_bfa3a4eb-1fab-4d8d-8796-5dc0612d4434" xlink:to="loc_dei_DocumentType_ebb53bc0-729b-46f9-a461-0a7cccab8bca" xlink:type="arc" order="0"/>
    <link:loc xlink:type="locator" xlink:label="loc_dei_DocumentPeriodEndDate_a48f8437-b486-428b-b8a7-eec39ff9a132" xlink:href="https://xbrl.sec.gov/dei/2024/dei-2024.xsd#dei_DocumentPeriodEndDate"/>
    <link:definitionArc xlink:arcrole="http://xbrl.org/int/dim/arcrole/domain-member" xlink:from="loc_dei_DocumentInformationLineItems_bfa3a4eb-1fab-4d8d-8796-5dc0612d4434" xlink:to="loc_dei_DocumentPeriodEndDate_a48f8437-b486-428b-b8a7-eec39ff9a132" xlink:type="arc" order="1"/>
    <link:loc xlink:type="locator" xlink:label="loc_dei_EntityRegistrantName_8d757088-724b-4db2-9b62-0ae0b7ea0d1e" xlink:href="https://xbrl.sec.gov/dei/2024/dei-2024.xsd#dei_EntityRegistrantName"/>
    <link:definitionArc xlink:arcrole="http://xbrl.org/int/dim/arcrole/domain-member" xlink:from="loc_dei_DocumentInformationLineItems_bfa3a4eb-1fab-4d8d-8796-5dc0612d4434" xlink:to="loc_dei_EntityRegistrantName_8d757088-724b-4db2-9b62-0ae0b7ea0d1e" xlink:type="arc" order="2"/>
    <link:loc xlink:type="locator" xlink:label="loc_dei_EntityIncorporationStateCountryCode_79806f06-a7d6-428f-bf75-1497fe1d03a3" xlink:href="https://xbrl.sec.gov/dei/2024/dei-2024.xsd#dei_EntityIncorporationStateCountryCode"/>
    <link:definitionArc xlink:arcrole="http://xbrl.org/int/dim/arcrole/domain-member" xlink:from="loc_dei_DocumentInformationLineItems_bfa3a4eb-1fab-4d8d-8796-5dc0612d4434" xlink:to="loc_dei_EntityIncorporationStateCountryCode_79806f06-a7d6-428f-bf75-1497fe1d03a3" xlink:type="arc" order="3"/>
    <link:loc xlink:type="locator" xlink:label="loc_dei_EntityFileNumber_b45f1018-1ed3-4e12-b4ff-4255acecb3ee" xlink:href="https://xbrl.sec.gov/dei/2024/dei-2024.xsd#dei_EntityFileNumber"/>
    <link:definitionArc xlink:arcrole="http://xbrl.org/int/dim/arcrole/domain-member" xlink:from="loc_dei_DocumentInformationLineItems_bfa3a4eb-1fab-4d8d-8796-5dc0612d4434" xlink:to="loc_dei_EntityFileNumber_b45f1018-1ed3-4e12-b4ff-4255acecb3ee" xlink:type="arc" order="4"/>
    <link:loc xlink:type="locator" xlink:label="loc_dei_EntityTaxIdentificationNumber_10ec4a15-76d8-429c-8508-a3a3f77290f8" xlink:href="https://xbrl.sec.gov/dei/2024/dei-2024.xsd#dei_EntityTaxIdentificationNumber"/>
    <link:definitionArc xlink:arcrole="http://xbrl.org/int/dim/arcrole/domain-member" xlink:from="loc_dei_DocumentInformationLineItems_bfa3a4eb-1fab-4d8d-8796-5dc0612d4434" xlink:to="loc_dei_EntityTaxIdentificationNumber_10ec4a15-76d8-429c-8508-a3a3f77290f8" xlink:type="arc" order="5"/>
    <link:loc xlink:type="locator" xlink:label="loc_dei_EntityAddressAddressLine1_32025f54-1038-4633-9682-7ced22313db7" xlink:href="https://xbrl.sec.gov/dei/2024/dei-2024.xsd#dei_EntityAddressAddressLine1"/>
    <link:definitionArc xlink:arcrole="http://xbrl.org/int/dim/arcrole/domain-member" xlink:from="loc_dei_DocumentInformationLineItems_bfa3a4eb-1fab-4d8d-8796-5dc0612d4434" xlink:to="loc_dei_EntityAddressAddressLine1_32025f54-1038-4633-9682-7ced22313db7" xlink:type="arc" order="6"/>
    <link:loc xlink:type="locator" xlink:label="loc_dei_EntityAddressCityOrTown_2f436cc2-b916-4665-a286-5b9cebc786fd" xlink:href="https://xbrl.sec.gov/dei/2024/dei-2024.xsd#dei_EntityAddressCityOrTown"/>
    <link:definitionArc xlink:arcrole="http://xbrl.org/int/dim/arcrole/domain-member" xlink:from="loc_dei_DocumentInformationLineItems_bfa3a4eb-1fab-4d8d-8796-5dc0612d4434" xlink:to="loc_dei_EntityAddressCityOrTown_2f436cc2-b916-4665-a286-5b9cebc786fd" xlink:type="arc" order="7"/>
    <link:loc xlink:type="locator" xlink:label="loc_dei_EntityAddressStateOrProvince_8dafa28c-2be2-462a-9c68-38de09035dbc" xlink:href="https://xbrl.sec.gov/dei/2024/dei-2024.xsd#dei_EntityAddressStateOrProvince"/>
    <link:definitionArc xlink:arcrole="http://xbrl.org/int/dim/arcrole/domain-member" xlink:from="loc_dei_DocumentInformationLineItems_bfa3a4eb-1fab-4d8d-8796-5dc0612d4434" xlink:to="loc_dei_EntityAddressStateOrProvince_8dafa28c-2be2-462a-9c68-38de09035dbc" xlink:type="arc" order="8"/>
    <link:loc xlink:type="locator" xlink:label="loc_dei_EntityAddressPostalZipCode_29e0ccfd-1d0e-4e6b-be0f-e7a8555ce75c" xlink:href="https://xbrl.sec.gov/dei/2024/dei-2024.xsd#dei_EntityAddressPostalZipCode"/>
    <link:definitionArc xlink:arcrole="http://xbrl.org/int/dim/arcrole/domain-member" xlink:from="loc_dei_DocumentInformationLineItems_bfa3a4eb-1fab-4d8d-8796-5dc0612d4434" xlink:to="loc_dei_EntityAddressPostalZipCode_29e0ccfd-1d0e-4e6b-be0f-e7a8555ce75c" xlink:type="arc" order="9"/>
    <link:loc xlink:type="locator" xlink:label="loc_dei_CityAreaCode_f5c55732-15bc-48dd-b8c4-eb7faea9c041" xlink:href="https://xbrl.sec.gov/dei/2024/dei-2024.xsd#dei_CityAreaCode"/>
    <link:definitionArc xlink:arcrole="http://xbrl.org/int/dim/arcrole/domain-member" xlink:from="loc_dei_DocumentInformationLineItems_bfa3a4eb-1fab-4d8d-8796-5dc0612d4434" xlink:to="loc_dei_CityAreaCode_f5c55732-15bc-48dd-b8c4-eb7faea9c041" xlink:type="arc" order="10"/>
    <link:loc xlink:type="locator" xlink:label="loc_dei_LocalPhoneNumber_3a656c39-4c03-4d11-a171-5ea05b282d88" xlink:href="https://xbrl.sec.gov/dei/2024/dei-2024.xsd#dei_LocalPhoneNumber"/>
    <link:definitionArc xlink:arcrole="http://xbrl.org/int/dim/arcrole/domain-member" xlink:from="loc_dei_DocumentInformationLineItems_bfa3a4eb-1fab-4d8d-8796-5dc0612d4434" xlink:to="loc_dei_LocalPhoneNumber_3a656c39-4c03-4d11-a171-5ea05b282d88" xlink:type="arc" order="11"/>
    <link:loc xlink:type="locator" xlink:label="loc_dei_WrittenCommunications_ee39eee4-e3fd-47ca-beac-7ea392b49f5e" xlink:href="https://xbrl.sec.gov/dei/2024/dei-2024.xsd#dei_WrittenCommunications"/>
    <link:definitionArc xlink:arcrole="http://xbrl.org/int/dim/arcrole/domain-member" xlink:from="loc_dei_DocumentInformationLineItems_bfa3a4eb-1fab-4d8d-8796-5dc0612d4434" xlink:to="loc_dei_WrittenCommunications_ee39eee4-e3fd-47ca-beac-7ea392b49f5e" xlink:type="arc" order="12"/>
    <link:loc xlink:type="locator" xlink:label="loc_dei_SolicitingMaterial_a5165b89-a157-45e9-8caf-92de238bd78d" xlink:href="https://xbrl.sec.gov/dei/2024/dei-2024.xsd#dei_SolicitingMaterial"/>
    <link:definitionArc xlink:arcrole="http://xbrl.org/int/dim/arcrole/domain-member" xlink:from="loc_dei_DocumentInformationLineItems_bfa3a4eb-1fab-4d8d-8796-5dc0612d4434" xlink:to="loc_dei_SolicitingMaterial_a5165b89-a157-45e9-8caf-92de238bd78d" xlink:type="arc" order="13"/>
    <link:loc xlink:type="locator" xlink:label="loc_dei_PreCommencementTenderOffer_fe3987c4-be14-4955-a9e9-b32578f897a6" xlink:href="https://xbrl.sec.gov/dei/2024/dei-2024.xsd#dei_PreCommencementTenderOffer"/>
    <link:definitionArc xlink:arcrole="http://xbrl.org/int/dim/arcrole/domain-member" xlink:from="loc_dei_DocumentInformationLineItems_bfa3a4eb-1fab-4d8d-8796-5dc0612d4434" xlink:to="loc_dei_PreCommencementTenderOffer_fe3987c4-be14-4955-a9e9-b32578f897a6" xlink:type="arc" order="14"/>
    <link:loc xlink:type="locator" xlink:label="loc_dei_PreCommencementIssuerTenderOffer_7a0a37c3-fcd5-4990-a561-dc524254d4d0" xlink:href="https://xbrl.sec.gov/dei/2024/dei-2024.xsd#dei_PreCommencementIssuerTenderOffer"/>
    <link:definitionArc xlink:arcrole="http://xbrl.org/int/dim/arcrole/domain-member" xlink:from="loc_dei_DocumentInformationLineItems_bfa3a4eb-1fab-4d8d-8796-5dc0612d4434" xlink:to="loc_dei_PreCommencementIssuerTenderOffer_7a0a37c3-fcd5-4990-a561-dc524254d4d0" xlink:type="arc" order="15"/>
    <link:loc xlink:type="locator" xlink:label="loc_dei_Security12bTitle_c6224268-bb82-4a09-81f2-8071f142c0df" xlink:href="https://xbrl.sec.gov/dei/2024/dei-2024.xsd#dei_Security12bTitle"/>
    <link:definitionArc xlink:arcrole="http://xbrl.org/int/dim/arcrole/domain-member" xlink:from="loc_dei_DocumentInformationLineItems_bfa3a4eb-1fab-4d8d-8796-5dc0612d4434" xlink:to="loc_dei_Security12bTitle_c6224268-bb82-4a09-81f2-8071f142c0df" xlink:type="arc" order="16"/>
    <link:loc xlink:type="locator" xlink:label="loc_dei_TradingSymbol_5f677151-9525-4a22-a0d9-fc0d5075fed3" xlink:href="https://xbrl.sec.gov/dei/2024/dei-2024.xsd#dei_TradingSymbol"/>
    <link:definitionArc xlink:arcrole="http://xbrl.org/int/dim/arcrole/domain-member" xlink:from="loc_dei_DocumentInformationLineItems_bfa3a4eb-1fab-4d8d-8796-5dc0612d4434" xlink:to="loc_dei_TradingSymbol_5f677151-9525-4a22-a0d9-fc0d5075fed3" xlink:type="arc" order="17"/>
    <link:loc xlink:type="locator" xlink:label="loc_dei_SecurityExchangeName_687c654e-ba47-4fd7-b166-09316862d670" xlink:href="https://xbrl.sec.gov/dei/2024/dei-2024.xsd#dei_SecurityExchangeName"/>
    <link:definitionArc xlink:arcrole="http://xbrl.org/int/dim/arcrole/domain-member" xlink:from="loc_dei_DocumentInformationLineItems_bfa3a4eb-1fab-4d8d-8796-5dc0612d4434" xlink:to="loc_dei_SecurityExchangeName_687c654e-ba47-4fd7-b166-09316862d670" xlink:type="arc" order="18"/>
    <link:loc xlink:type="locator" xlink:label="loc_dei_EntityEmergingGrowthCompany_8a8cf18a-7237-4c9e-9829-d6ed17979828" xlink:href="https://xbrl.sec.gov/dei/2024/dei-2024.xsd#dei_EntityEmergingGrowthCompany"/>
    <link:definitionArc xlink:arcrole="http://xbrl.org/int/dim/arcrole/domain-member" xlink:from="loc_dei_DocumentInformationLineItems_bfa3a4eb-1fab-4d8d-8796-5dc0612d4434" xlink:to="loc_dei_EntityEmergingGrowthCompany_8a8cf18a-7237-4c9e-9829-d6ed17979828" xlink:type="arc" order="19"/>
    <link:loc xlink:type="locator" xlink:label="loc_dei_EntityCentralIndexKey_f85953e8-8d7a-405c-8911-b1f3c7556370" xlink:href="https://xbrl.sec.gov/dei/2024/dei-2024.xsd#dei_EntityCentralIndexKey"/>
    <link:definitionArc xlink:arcrole="http://xbrl.org/int/dim/arcrole/domain-member" xlink:from="loc_dei_DocumentInformationLineItems_bfa3a4eb-1fab-4d8d-8796-5dc0612d4434" xlink:to="loc_dei_EntityCentralIndexKey_f85953e8-8d7a-405c-8911-b1f3c7556370" xlink:type="arc" order="20"/>
    <link:loc xlink:type="locator" xlink:label="loc_dei_AmendmentFlag_af933f73-f70c-4f07-9e52-2b83f9b4efe3" xlink:href="https://xbrl.sec.gov/dei/2024/dei-2024.xsd#dei_AmendmentFlag"/>
    <link:definitionArc xlink:arcrole="http://xbrl.org/int/dim/arcrole/domain-member" xlink:from="loc_dei_DocumentInformationLineItems_bfa3a4eb-1fab-4d8d-8796-5dc0612d4434" xlink:to="loc_dei_AmendmentFlag_af933f73-f70c-4f07-9e52-2b83f9b4efe3" xlink:type="arc" order="21"/>
  </link:definitionLink>
</link:linkbase>
