<?xml version="1.0" encoding="UTF-8"?>

<!--XBRL Document Created with the Workiva Platform-->
<!--Copyright 2025 Workiva-->
<!--r:2b60ad6d-5112-42bb-80b6-5b44d173a0be,g:70cfdb2a-293e-406f-a9d6-2d987495bd63-->
<link:linkbase xmlns:link="http://www.xbrl.org/2003/linkbase" xmlns:xlink="http://www.w3.org/1999/xlink" xmlns:xsi="http://www.w3.org/2001/XMLSchema-instance" xsi:schemaLocation="http://www.xbrl.org/2003/linkbase http://www.xbrl.org/2003/xbrl-linkbase-2003-12-31.xsd">
  <link:roleRef roleURI="http://www.xbrl.org/2009/role/negatedPeriodStartLabel" xlink:type="simple" xlink:href="http://www.xbrl.org/lrr/role/negated-2009-12-16.xsd#negatedPeriodStartLabel"/>
  <link:roleRef roleURI="http://www.xbrl.org/2009/role/netLabel" xlink:type="simple" xlink:href="http://www.xbrl.org/lrr/role/net-2009-12-16.xsd#netLabel"/>
  <link:roleRef roleURI="http://www.xbrl.org/2009/role/negatedNetLabel" xlink:type="simple" xlink:href="http://www.xbrl.org/lrr/role/negated-2009-12-16.xsd#negatedNetLabel"/>
  <link:roleRef roleURI="http://www.xbrl.org/2009/role/negatedTerseLabel" xlink:type="simple" xlink:href="http://www.xbrl.org/lrr/role/negated-2009-12-16.xsd#negatedTerseLabel"/>
  <link:roleRef roleURI="http://www.xbrl.org/2009/role/negatedPeriodEndLabel" xlink:type="simple" xlink:href="http://www.xbrl.org/lrr/role/negated-2009-12-16.xsd#negatedPeriodEndLabel"/>
  <link:roleRef roleURI="http://www.xbrl.org/2009/role/negatedLabel" xlink:type="simple" xlink:href="http://www.xbrl.org/lrr/role/negated-2009-12-16.xsd#negatedLabel"/>
  <link:roleRef roleURI="http://www.xbrl.org/2009/role/negatedTotalLabel" xlink:type="simple" xlink:href="http://www.xbrl.org/lrr/role/negated-2009-12-16.xsd#negatedTotalLabel"/>
  <link:labelLink xlink:role="http://www.xbrl.org/2003/role/link" xlink:type="extended">
    <link:label id="lab_dei_EntityIncorporationStateCountryCode_34f671ca-c6c7-443a-bc82-6e7b49b16346_terseLabel_en-US" xlink:label="lab_dei_EntityIncorporationStateCountryCode" xlink:role="http://www.xbrl.org/2003/role/terseLabel" xlink:type="resource" xml:lang="en-US">Entity Incorporation, State or Country Code</link:label>
    <link:label id="lab_dei_EntityIncorporationStateCountryCode_label_en-US" xlink:label="lab_dei_EntityIncorporationStateCountryCode" xlink:role="http://www.xbrl.org/2003/role/label" xlink:type="resource" xml:lang="en-US">Entity Incorporation, State or Country Code</link:label>
    <link:loc xlink:type="locator" xlink:label="loc_dei_EntityIncorporationStateCountryCode" xlink:href="https://xbrl.sec.gov/dei/2024/dei-2024.xsd#dei_EntityIncorporationStateCountryCode"/>
    <link:labelArc xlink:arcrole="http://www.xbrl.org/2003/arcrole/concept-label" xlink:from="loc_dei_EntityIncorporationStateCountryCode" xlink:to="lab_dei_EntityIncorporationStateCountryCode" xlink:type="arc" order="1"/>
    <link:label id="lab_dei_DocumentInformationDocumentAxis_ca70a11a-1a6f-4588-920f-4780dcea0269_terseLabel_en-US" xlink:label="lab_dei_DocumentInformationDocumentAxis" xlink:role="http://www.xbrl.org/2003/role/terseLabel" xlink:type="resource" xml:lang="en-US">Document Information, Document [Axis]</link:label>
    <link:label id="lab_dei_DocumentInformationDocumentAxis_label_en-US" xlink:label="lab_dei_DocumentInformationDocumentAxis" xlink:role="http://www.xbrl.org/2003/role/label" xlink:type="resource" xml:lang="en-US">Document Information, Document [Axis]</link:label>
    <link:loc xlink:type="locator" xlink:label="loc_dei_DocumentInformationDocumentAxis" xlink:href="https://xbrl.sec.gov/dei/2024/dei-2024.xsd#dei_DocumentInformationDocumentAxis"/>
    <link:labelArc xlink:arcrole="http://www.xbrl.org/2003/arcrole/concept-label" xlink:from="loc_dei_DocumentInformationDocumentAxis" xlink:to="lab_dei_DocumentInformationDocumentAxis" xlink:type="arc" order="1"/>
    <link:label id="lab_dei_SecurityExchangeName_49f6326c-a30b-4e4e-b140-778439deb4cb_terseLabel_en-US" xlink:label="lab_dei_SecurityExchangeName" xlink:role="http://www.xbrl.org/2003/role/terseLabel" xlink:type="resource" xml:lang="en-US">Security Exchange Name</link:label>
    <link:label id="lab_dei_SecurityExchangeName_label_en-US" xlink:label="lab_dei_SecurityExchangeName" xlink:role="http://www.xbrl.org/2003/role/label" xlink:type="resource" xml:lang="en-US">Security Exchange Name</link:label>
    <link:loc xlink:type="locator" xlink:label="loc_dei_SecurityExchangeName" xlink:href="https://xbrl.sec.gov/dei/2024/dei-2024.xsd#dei_SecurityExchangeName"/>
    <link:labelArc xlink:arcrole="http://www.xbrl.org/2003/arcrole/concept-label" xlink:from="loc_dei_SecurityExchangeName" xlink:to="lab_dei_SecurityExchangeName" xlink:type="arc" order="1"/>
    <link:label id="lab_dei_DocumentDomain_e79f26eb-cddc-4122-ae4d-5fd1c3c80969_terseLabel_en-US" xlink:label="lab_dei_DocumentDomain" xlink:role="http://www.xbrl.org/2003/role/terseLabel" xlink:type="resource" xml:lang="en-US">Document [Domain]</link:label>
    <link:label id="lab_dei_DocumentDomain_label_en-US" xlink:label="lab_dei_DocumentDomain" xlink:role="http://www.xbrl.org/2003/role/label" xlink:type="resource" xml:lang="en-US">Document [Domain]</link:label>
    <link:loc xlink:type="locator" xlink:label="loc_dei_DocumentDomain" xlink:href="https://xbrl.sec.gov/dei/2024/dei-2024.xsd#dei_DocumentDomain"/>
    <link:labelArc xlink:arcrole="http://www.xbrl.org/2003/arcrole/concept-label" xlink:from="loc_dei_DocumentDomain" xlink:to="lab_dei_DocumentDomain" xlink:type="arc" order="1"/>
    <link:label id="lab_dei_EntityAddressCityOrTown_c5c62c88-acac-4d22-9564-ee9bd4fa55c0_terseLabel_en-US" xlink:label="lab_dei_EntityAddressCityOrTown" xlink:role="http://www.xbrl.org/2003/role/terseLabel" xlink:type="resource" xml:lang="en-US">Entity Address, City or Town</link:label>
    <link:label id="lab_dei_EntityAddressCityOrTown_label_en-US" xlink:label="lab_dei_EntityAddressCityOrTown" xlink:role="http://www.xbrl.org/2003/role/label" xlink:type="resource" xml:lang="en-US">Entity Address, City or Town</link:label>
    <link:loc xlink:type="locator" xlink:label="loc_dei_EntityAddressCityOrTown" xlink:href="https://xbrl.sec.gov/dei/2024/dei-2024.xsd#dei_EntityAddressCityOrTown"/>
    <link:labelArc xlink:arcrole="http://www.xbrl.org/2003/arcrole/concept-label" xlink:from="loc_dei_EntityAddressCityOrTown" xlink:to="lab_dei_EntityAddressCityOrTown" xlink:type="arc" order="1"/>
    <link:label id="lab_dei_SolicitingMaterial_3c6ebd53-99ea-4cce-984d-9c6f3470bf37_terseLabel_en-US" xlink:label="lab_dei_SolicitingMaterial" xlink:role="http://www.xbrl.org/2003/role/terseLabel" xlink:type="resource" xml:lang="en-US">Soliciting Material</link:label>
    <link:label id="lab_dei_SolicitingMaterial_label_en-US" xlink:label="lab_dei_SolicitingMaterial" xlink:role="http://www.xbrl.org/2003/role/label" xlink:type="resource" xml:lang="en-US">Soliciting Material</link:label>
    <link:loc xlink:type="locator" xlink:label="loc_dei_SolicitingMaterial" xlink:href="https://xbrl.sec.gov/dei/2024/dei-2024.xsd#dei_SolicitingMaterial"/>
    <link:labelArc xlink:arcrole="http://www.xbrl.org/2003/arcrole/concept-label" xlink:from="loc_dei_SolicitingMaterial" xlink:to="lab_dei_SolicitingMaterial" xlink:type="arc" order="1"/>
    <link:label id="lab_dei_CoverAbstract_label_en-US" xlink:label="lab_dei_CoverAbstract" xlink:role="http://www.xbrl.org/2003/role/label" xlink:type="resource" xml:lang="en-US">Cover [Abstract]</link:label>
    <link:loc xlink:type="locator" xlink:label="loc_dei_CoverAbstract" xlink:href="https://xbrl.sec.gov/dei/2024/dei-2024.xsd#dei_CoverAbstract"/>
    <link:labelArc xlink:arcrole="http://www.xbrl.org/2003/arcrole/concept-label" xlink:from="loc_dei_CoverAbstract" xlink:to="lab_dei_CoverAbstract" xlink:type="arc" order="1"/>
    <link:label id="lab_dei_CityAreaCode_85a7e0cc-fa59-434e-bce8-4c20f52b797b_terseLabel_en-US" xlink:label="lab_dei_CityAreaCode" xlink:role="http://www.xbrl.org/2003/role/terseLabel" xlink:type="resource" xml:lang="en-US">City Area Code</link:label>
    <link:label id="lab_dei_CityAreaCode_label_en-US" xlink:label="lab_dei_CityAreaCode" xlink:role="http://www.xbrl.org/2003/role/label" xlink:type="resource" xml:lang="en-US">City Area Code</link:label>
    <link:loc xlink:type="locator" xlink:label="loc_dei_CityAreaCode" xlink:href="https://xbrl.sec.gov/dei/2024/dei-2024.xsd#dei_CityAreaCode"/>
    <link:labelArc xlink:arcrole="http://www.xbrl.org/2003/arcrole/concept-label" xlink:from="loc_dei_CityAreaCode" xlink:to="lab_dei_CityAreaCode" xlink:type="arc" order="1"/>
    <link:label id="lab_dei_AmendmentFlag_a82ba28e-a5be-4c2b-843e-5728df937d59_terseLabel_en-US" xlink:label="lab_dei_AmendmentFlag" xlink:role="http://www.xbrl.org/2003/role/terseLabel" xlink:type="resource" xml:lang="en-US">Amendment Flag</link:label>
    <link:label id="lab_dei_AmendmentFlag_label_en-US" xlink:label="lab_dei_AmendmentFlag" xlink:role="http://www.xbrl.org/2003/role/label" xlink:type="resource" xml:lang="en-US">Amendment Flag</link:label>
    <link:loc xlink:type="locator" xlink:label="loc_dei_AmendmentFlag" xlink:href="https://xbrl.sec.gov/dei/2024/dei-2024.xsd#dei_AmendmentFlag"/>
    <link:labelArc xlink:arcrole="http://www.xbrl.org/2003/arcrole/concept-label" xlink:from="loc_dei_AmendmentFlag" xlink:to="lab_dei_AmendmentFlag" xlink:type="arc" order="1"/>
    <link:label id="lab_dei_EntityTaxIdentificationNumber_1f412990-da94-4408-a639-411ee5aa0276_terseLabel_en-US" xlink:label="lab_dei_EntityTaxIdentificationNumber" xlink:role="http://www.xbrl.org/2003/role/terseLabel" xlink:type="resource" xml:lang="en-US">Entity Tax Identification Number</link:label>
    <link:label id="lab_dei_EntityTaxIdentificationNumber_label_en-US" xlink:label="lab_dei_EntityTaxIdentificationNumber" xlink:role="http://www.xbrl.org/2003/role/label" xlink:type="resource" xml:lang="en-US">Entity Tax Identification Number</link:label>
    <link:loc xlink:type="locator" xlink:label="loc_dei_EntityTaxIdentificationNumber" xlink:href="https://xbrl.sec.gov/dei/2024/dei-2024.xsd#dei_EntityTaxIdentificationNumber"/>
    <link:labelArc xlink:arcrole="http://www.xbrl.org/2003/arcrole/concept-label" xlink:from="loc_dei_EntityTaxIdentificationNumber" xlink:to="lab_dei_EntityTaxIdentificationNumber" xlink:type="arc" order="1"/>
    <link:label id="lab_dei_TradingSymbol_789917ef-ea75-41e6-9d30-06cc213186b0_terseLabel_en-US" xlink:label="lab_dei_TradingSymbol" xlink:role="http://www.xbrl.org/2003/role/terseLabel" xlink:type="resource" xml:lang="en-US">Trading Symbol</link:label>
    <link:label id="lab_dei_TradingSymbol_label_en-US" xlink:label="lab_dei_TradingSymbol" xlink:role="http://www.xbrl.org/2003/role/label" xlink:type="resource" xml:lang="en-US">Trading Symbol</link:label>
    <link:loc xlink:type="locator" xlink:label="loc_dei_TradingSymbol" xlink:href="https://xbrl.sec.gov/dei/2024/dei-2024.xsd#dei_TradingSymbol"/>
    <link:labelArc xlink:arcrole="http://www.xbrl.org/2003/arcrole/concept-label" xlink:from="loc_dei_TradingSymbol" xlink:to="lab_dei_TradingSymbol" xlink:type="arc" order="1"/>
    <link:label id="lab_dei_EntityRegistrantName_9fb103c6-577f-46b0-b6c8-8f0e44e4adf1_terseLabel_en-US" xlink:label="lab_dei_EntityRegistrantName" xlink:role="http://www.xbrl.org/2003/role/terseLabel" xlink:type="resource" xml:lang="en-US">Registrant Name</link:label>
    <link:label id="lab_dei_EntityRegistrantName_label_en-US" xlink:label="lab_dei_EntityRegistrantName" xlink:role="http://www.xbrl.org/2003/role/label" xlink:type="resource" xml:lang="en-US">Entity Registrant Name</link:label>
    <link:loc xlink:type="locator" xlink:label="loc_dei_EntityRegistrantName" xlink:href="https://xbrl.sec.gov/dei/2024/dei-2024.xsd#dei_EntityRegistrantName"/>
    <link:labelArc xlink:arcrole="http://www.xbrl.org/2003/arcrole/concept-label" xlink:from="loc_dei_EntityRegistrantName" xlink:to="lab_dei_EntityRegistrantName" xlink:type="arc" order="1"/>
    <link:label id="lab_dei_PreCommencementTenderOffer_40cbc71c-c723-4c7e-ad8e-f1e44fa38de0_terseLabel_en-US" xlink:label="lab_dei_PreCommencementTenderOffer" xlink:role="http://www.xbrl.org/2003/role/terseLabel" xlink:type="resource" xml:lang="en-US">Pre-commencement Tender Offer</link:label>
    <link:label id="lab_dei_PreCommencementTenderOffer_label_en-US" xlink:label="lab_dei_PreCommencementTenderOffer" xlink:role="http://www.xbrl.org/2003/role/label" xlink:type="resource" xml:lang="en-US">Pre-commencement Tender Offer</link:label>
    <link:loc xlink:type="locator" xlink:label="loc_dei_PreCommencementTenderOffer" xlink:href="https://xbrl.sec.gov/dei/2024/dei-2024.xsd#dei_PreCommencementTenderOffer"/>
    <link:labelArc xlink:arcrole="http://www.xbrl.org/2003/arcrole/concept-label" xlink:from="loc_dei_PreCommencementTenderOffer" xlink:to="lab_dei_PreCommencementTenderOffer" xlink:type="arc" order="1"/>
    <link:label id="lab_dei_EntityEmergingGrowthCompany_91884b25-4a32-45aa-8a1a-2ca74df9aab0_terseLabel_en-US" xlink:label="lab_dei_EntityEmergingGrowthCompany" xlink:role="http://www.xbrl.org/2003/role/terseLabel" xlink:type="resource" xml:lang="en-US">Entity Emerging Growth Company</link:label>
    <link:label id="lab_dei_EntityEmergingGrowthCompany_label_en-US" xlink:label="lab_dei_EntityEmergingGrowthCompany" xlink:role="http://www.xbrl.org/2003/role/label" xlink:type="resource" xml:lang="en-US">Entity Emerging Growth Company</link:label>
    <link:loc xlink:type="locator" xlink:label="loc_dei_EntityEmergingGrowthCompany" xlink:href="https://xbrl.sec.gov/dei/2024/dei-2024.xsd#dei_EntityEmergingGrowthCompany"/>
    <link:labelArc xlink:arcrole="http://www.xbrl.org/2003/arcrole/concept-label" xlink:from="loc_dei_EntityEmergingGrowthCompany" xlink:to="lab_dei_EntityEmergingGrowthCompany" xlink:type="arc" order="1"/>
    <link:label id="lab_dei_EntityCentralIndexKey_29fce2de-1a7e-41ec-9604-16229345b6c6_terseLabel_en-US" xlink:label="lab_dei_EntityCentralIndexKey" xlink:role="http://www.xbrl.org/2003/role/terseLabel" xlink:type="resource" xml:lang="en-US">Central Index Key</link:label>
    <link:label id="lab_dei_EntityCentralIndexKey_label_en-US" xlink:label="lab_dei_EntityCentralIndexKey" xlink:role="http://www.xbrl.org/2003/role/label" xlink:type="resource" xml:lang="en-US">Entity Central Index Key</link:label>
    <link:loc xlink:type="locator" xlink:label="loc_dei_EntityCentralIndexKey" xlink:href="https://xbrl.sec.gov/dei/2024/dei-2024.xsd#dei_EntityCentralIndexKey"/>
    <link:labelArc xlink:arcrole="http://www.xbrl.org/2003/arcrole/concept-label" xlink:from="loc_dei_EntityCentralIndexKey" xlink:to="lab_dei_EntityCentralIndexKey" xlink:type="arc" order="1"/>
    <link:label id="lab_dei_EntityFileNumber_64051db5-0fa3-438e-a8dd-b2366efd88e7_terseLabel_en-US" xlink:label="lab_dei_EntityFileNumber" xlink:role="http://www.xbrl.org/2003/role/terseLabel" xlink:type="resource" xml:lang="en-US">Entity File Number</link:label>
    <link:label id="lab_dei_EntityFileNumber_label_en-US" xlink:label="lab_dei_EntityFileNumber" xlink:role="http://www.xbrl.org/2003/role/label" xlink:type="resource" xml:lang="en-US">Entity File Number</link:label>
    <link:loc xlink:type="locator" xlink:label="loc_dei_EntityFileNumber" xlink:href="https://xbrl.sec.gov/dei/2024/dei-2024.xsd#dei_EntityFileNumber"/>
    <link:labelArc xlink:arcrole="http://www.xbrl.org/2003/arcrole/concept-label" xlink:from="loc_dei_EntityFileNumber" xlink:to="lab_dei_EntityFileNumber" xlink:type="arc" order="1"/>
    <link:label id="lab_dei_EntityAddressStateOrProvince_16d72d4e-e59c-4e9c-bb8a-4dcc432bbf4c_terseLabel_en-US" xlink:label="lab_dei_EntityAddressStateOrProvince" xlink:role="http://www.xbrl.org/2003/role/terseLabel" xlink:type="resource" xml:lang="en-US">Entity Address, State or Province</link:label>
    <link:label id="lab_dei_EntityAddressStateOrProvince_label_en-US" xlink:label="lab_dei_EntityAddressStateOrProvince" xlink:role="http://www.xbrl.org/2003/role/label" xlink:type="resource" xml:lang="en-US">Entity Address, State or Province</link:label>
    <link:loc xlink:type="locator" xlink:label="loc_dei_EntityAddressStateOrProvince" xlink:href="https://xbrl.sec.gov/dei/2024/dei-2024.xsd#dei_EntityAddressStateOrProvince"/>
    <link:labelArc xlink:arcrole="http://www.xbrl.org/2003/arcrole/concept-label" xlink:from="loc_dei_EntityAddressStateOrProvince" xlink:to="lab_dei_EntityAddressStateOrProvince" xlink:type="arc" order="1"/>
    <link:label id="lab_dei_PreCommencementIssuerTenderOffer_3f4dbc99-27d6-4ef2-8e41-63a9b96749a7_terseLabel_en-US" xlink:label="lab_dei_PreCommencementIssuerTenderOffer" xlink:role="http://www.xbrl.org/2003/role/terseLabel" xlink:type="resource" xml:lang="en-US">Pre-commencement Issuer Tender Offer</link:label>
    <link:label id="lab_dei_PreCommencementIssuerTenderOffer_label_en-US" xlink:label="lab_dei_PreCommencementIssuerTenderOffer" xlink:role="http://www.xbrl.org/2003/role/label" xlink:type="resource" xml:lang="en-US">Pre-commencement Issuer Tender Offer</link:label>
    <link:loc xlink:type="locator" xlink:label="loc_dei_PreCommencementIssuerTenderOffer" xlink:href="https://xbrl.sec.gov/dei/2024/dei-2024.xsd#dei_PreCommencementIssuerTenderOffer"/>
    <link:labelArc xlink:arcrole="http://www.xbrl.org/2003/arcrole/concept-label" xlink:from="loc_dei_PreCommencementIssuerTenderOffer" xlink:to="lab_dei_PreCommencementIssuerTenderOffer" xlink:type="arc" order="1"/>
    <link:label id="lab_dei_EntityAddressAddressLine1_85e1b6d7-83c1-4a23-ab52-524d51564beb_terseLabel_en-US" xlink:label="lab_dei_EntityAddressAddressLine1" xlink:role="http://www.xbrl.org/2003/role/terseLabel" xlink:type="resource" xml:lang="en-US">Entity Address, Address Line One</link:label>
    <link:label id="lab_dei_EntityAddressAddressLine1_label_en-US" xlink:label="lab_dei_EntityAddressAddressLine1" xlink:role="http://www.xbrl.org/2003/role/label" xlink:type="resource" xml:lang="en-US">Entity Address, Address Line One</link:label>
    <link:loc xlink:type="locator" xlink:label="loc_dei_EntityAddressAddressLine1" xlink:href="https://xbrl.sec.gov/dei/2024/dei-2024.xsd#dei_EntityAddressAddressLine1"/>
    <link:labelArc xlink:arcrole="http://www.xbrl.org/2003/arcrole/concept-label" xlink:from="loc_dei_EntityAddressAddressLine1" xlink:to="lab_dei_EntityAddressAddressLine1" xlink:type="arc" order="1"/>
    <link:label id="lab_dei_DocumentInformationLineItems_157d9bc4-3452-49fa-ad65-093b7a6025f6_terseLabel_en-US" xlink:label="lab_dei_DocumentInformationLineItems" xlink:role="http://www.xbrl.org/2003/role/terseLabel" xlink:type="resource" xml:lang="en-US">Document Information [Line Items]</link:label>
    <link:label id="lab_dei_DocumentInformationLineItems_label_en-US" xlink:label="lab_dei_DocumentInformationLineItems" xlink:role="http://www.xbrl.org/2003/role/label" xlink:type="resource" xml:lang="en-US">Document Information [Line Items]</link:label>
    <link:loc xlink:type="locator" xlink:label="loc_dei_DocumentInformationLineItems" xlink:href="https://xbrl.sec.gov/dei/2024/dei-2024.xsd#dei_DocumentInformationLineItems"/>
    <link:labelArc xlink:arcrole="http://www.xbrl.org/2003/arcrole/concept-label" xlink:from="loc_dei_DocumentInformationLineItems" xlink:to="lab_dei_DocumentInformationLineItems" xlink:type="arc" order="1"/>
    <link:label id="lab_dei_DocumentInformationTable_6880b7ef-0419-4794-988f-57e819e21900_terseLabel_en-US" xlink:label="lab_dei_DocumentInformationTable" xlink:role="http://www.xbrl.org/2003/role/terseLabel" xlink:type="resource" xml:lang="en-US">Document Information [Table]</link:label>
    <link:label id="lab_dei_DocumentInformationTable_label_en-US" xlink:label="lab_dei_DocumentInformationTable" xlink:role="http://www.xbrl.org/2003/role/label" xlink:type="resource" xml:lang="en-US">Document Information [Table]</link:label>
    <link:loc xlink:type="locator" xlink:label="loc_dei_DocumentInformationTable" xlink:href="https://xbrl.sec.gov/dei/2024/dei-2024.xsd#dei_DocumentInformationTable"/>
    <link:labelArc xlink:arcrole="http://www.xbrl.org/2003/arcrole/concept-label" xlink:from="loc_dei_DocumentInformationTable" xlink:to="lab_dei_DocumentInformationTable" xlink:type="arc" order="1"/>
    <link:label id="lab_dei_EntityAddressPostalZipCode_ca888344-a619-4fc5-9fbe-355d39a714a7_terseLabel_en-US" xlink:label="lab_dei_EntityAddressPostalZipCode" xlink:role="http://www.xbrl.org/2003/role/terseLabel" xlink:type="resource" xml:lang="en-US">Entity Address, Postal Zip Code</link:label>
    <link:label id="lab_dei_EntityAddressPostalZipCode_label_en-US" xlink:label="lab_dei_EntityAddressPostalZipCode" xlink:role="http://www.xbrl.org/2003/role/label" xlink:type="resource" xml:lang="en-US">Entity Address, Postal Zip Code</link:label>
    <link:loc xlink:type="locator" xlink:label="loc_dei_EntityAddressPostalZipCode" xlink:href="https://xbrl.sec.gov/dei/2024/dei-2024.xsd#dei_EntityAddressPostalZipCode"/>
    <link:labelArc xlink:arcrole="http://www.xbrl.org/2003/arcrole/concept-label" xlink:from="loc_dei_EntityAddressPostalZipCode" xlink:to="lab_dei_EntityAddressPostalZipCode" xlink:type="arc" order="1"/>
    <link:label id="lab_dei_WrittenCommunications_d022033d-79be-4e15-be91-d30542bd809b_terseLabel_en-US" xlink:label="lab_dei_WrittenCommunications" xlink:role="http://www.xbrl.org/2003/role/terseLabel" xlink:type="resource" xml:lang="en-US">Written Communications</link:label>
    <link:label id="lab_dei_WrittenCommunications_label_en-US" xlink:label="lab_dei_WrittenCommunications" xlink:role="http://www.xbrl.org/2003/role/label" xlink:type="resource" xml:lang="en-US">Written Communications</link:label>
    <link:loc xlink:type="locator" xlink:label="loc_dei_WrittenCommunications" xlink:href="https://xbrl.sec.gov/dei/2024/dei-2024.xsd#dei_WrittenCommunications"/>
    <link:labelArc xlink:arcrole="http://www.xbrl.org/2003/arcrole/concept-label" xlink:from="loc_dei_WrittenCommunications" xlink:to="lab_dei_WrittenCommunications" xlink:type="arc" order="1"/>
    <link:label id="lab_dei_LocalPhoneNumber_7330cf25-6c9c-491f-8287-ad5f27671f8e_terseLabel_en-US" xlink:label="lab_dei_LocalPhoneNumber" xlink:role="http://www.xbrl.org/2003/role/terseLabel" xlink:type="resource" xml:lang="en-US">Local Phone Number</link:label>
    <link:label id="lab_dei_LocalPhoneNumber_label_en-US" xlink:label="lab_dei_LocalPhoneNumber" xlink:role="http://www.xbrl.org/2003/role/label" xlink:type="resource" xml:lang="en-US">Local Phone Number</link:label>
    <link:loc xlink:type="locator" xlink:label="loc_dei_LocalPhoneNumber" xlink:href="https://xbrl.sec.gov/dei/2024/dei-2024.xsd#dei_LocalPhoneNumber"/>
    <link:labelArc xlink:arcrole="http://www.xbrl.org/2003/arcrole/concept-label" xlink:from="loc_dei_LocalPhoneNumber" xlink:to="lab_dei_LocalPhoneNumber" xlink:type="arc" order="1"/>
    <link:label id="lab_dei_Security12bTitle_b42dab09-4b9f-4062-b80f-05348c154980_terseLabel_en-US" xlink:label="lab_dei_Security12bTitle" xlink:role="http://www.xbrl.org/2003/role/terseLabel" xlink:type="resource" xml:lang="en-US">Title of 12(b) Security</link:label>
    <link:label id="lab_dei_Security12bTitle_label_en-US" xlink:label="lab_dei_Security12bTitle" xlink:role="http://www.xbrl.org/2003/role/label" xlink:type="resource" xml:lang="en-US">Title of 12(b) Security</link:label>
    <link:loc xlink:type="locator" xlink:label="loc_dei_Security12bTitle" xlink:href="https://xbrl.sec.gov/dei/2024/dei-2024.xsd#dei_Security12bTitle"/>
    <link:labelArc xlink:arcrole="http://www.xbrl.org/2003/arcrole/concept-label" xlink:from="loc_dei_Security12bTitle" xlink:to="lab_dei_Security12bTitle" xlink:type="arc" order="1"/>
    <link:label id="lab_dei_DocumentPeriodEndDate_88c60b6a-636b-484b-99a5-f438d2fe8aa2_terseLabel_en-US" xlink:label="lab_dei_DocumentPeriodEndDate" xlink:role="http://www.xbrl.org/2003/role/terseLabel" xlink:type="resource" xml:lang="en-US">Document Period End Date</link:label>
    <link:label id="lab_dei_DocumentPeriodEndDate_label_en-US" xlink:label="lab_dei_DocumentPeriodEndDate" xlink:role="http://www.xbrl.org/2003/role/label" xlink:type="resource" xml:lang="en-US">Document Period End Date</link:label>
    <link:loc xlink:type="locator" xlink:label="loc_dei_DocumentPeriodEndDate" xlink:href="https://xbrl.sec.gov/dei/2024/dei-2024.xsd#dei_DocumentPeriodEndDate"/>
    <link:labelArc xlink:arcrole="http://www.xbrl.org/2003/arcrole/concept-label" xlink:from="loc_dei_DocumentPeriodEndDate" xlink:to="lab_dei_DocumentPeriodEndDate" xlink:type="arc" order="1"/>
    <link:label id="lab_dei_DocumentType_5194aa3b-484e-4ce3-b77e-675911faebbd_terseLabel_en-US" xlink:label="lab_dei_DocumentType" xlink:role="http://www.xbrl.org/2003/role/terseLabel" xlink:type="resource" xml:lang="en-US">Document Type</link:label>
    <link:label id="lab_dei_DocumentType_label_en-US" xlink:label="lab_dei_DocumentType" xlink:role="http://www.xbrl.org/2003/role/label" xlink:type="resource" xml:lang="en-US">Document Type</link:label>
    <link:loc xlink:type="locator" xlink:label="loc_dei_DocumentType" xlink:href="https://xbrl.sec.gov/dei/2024/dei-2024.xsd#dei_DocumentType"/>
    <link:labelArc xlink:arcrole="http://www.xbrl.org/2003/arcrole/concept-label" xlink:from="loc_dei_DocumentType" xlink:to="lab_dei_DocumentType" xlink:type="arc" order="1"/>
  </link:labelLink>
</link:linkbase>
