<?xml version="1.0" encoding="UTF-8"?>

<!--XBRL Document Created with the Workiva Platform-->
<!--Copyright 2025 Workiva-->
<!--r:54207576-410a-4e5f-8a05-0b26ccd2f385,g:60bda5f9-fb3a-4b85-b261-cd7468748eb7-->
<link:linkbase xmlns:link="http://www.xbrl.org/2003/linkbase" xmlns:xlink="http://www.w3.org/1999/xlink" xmlns:xsi="http://www.w3.org/2001/XMLSchema-instance" xmlns:xbrldt="http://xbrl.org/2005/xbrldt" xsi:schemaLocation="http://www.xbrl.org/2003/linkbase http://www.xbrl.org/2003/xbrl-linkbase-2003-12-31.xsd">
  <link:arcroleRef arcroleURI="http://xbrl.org/int/dim/arcrole/all" xlink:type="simple" xlink:href="http://www.xbrl.org/2005/xbrldt-2005.xsd#all"/>
  <link:arcroleRef arcroleURI="http://xbrl.org/int/dim/arcrole/hypercube-dimension" xlink:type="simple" xlink:href="http://www.xbrl.org/2005/xbrldt-2005.xsd#hypercube-dimension"/>
  <link:arcroleRef arcroleURI="http://xbrl.org/int/dim/arcrole/dimension-default" xlink:type="simple" xlink:href="http://www.xbrl.org/2005/xbrldt-2005.xsd#dimension-default"/>
  <link:arcroleRef arcroleURI="http://xbrl.org/int/dim/arcrole/dimension-domain" xlink:type="simple" xlink:href="http://www.xbrl.org/2005/xbrldt-2005.xsd#dimension-domain"/>
  <link:arcroleRef arcroleURI="http://xbrl.org/int/dim/arcrole/domain-member" xlink:type="simple" xlink:href="http://www.xbrl.org/2005/xbrldt-2005.xsd#domain-member"/>
  <link:roleRef roleURI="http://www.gamestop.com/role/Cover" xlink:type="simple" xlink:href="gme-20250611.xsd#Cover"/>
  <link:definitionLink xlink:role="http://www.gamestop.com/role/Cover" xlink:type="extended">
    <link:loc xlink:type="locator" xlink:label="loc_dei_DocumentInformationLineItems_8772c98e-1f04-4b3d-a95a-38170523cfbf" xlink:href="https://xbrl.sec.gov/dei/2024/dei-2024.xsd#dei_DocumentInformationLineItems"/>
    <link:loc xlink:type="locator" xlink:label="loc_dei_DocumentInformationTable_bc131f05-2285-4279-ad4f-fdf8006769e0" xlink:href="https://xbrl.sec.gov/dei/2024/dei-2024.xsd#dei_DocumentInformationTable"/>
    <link:definitionArc xlink:arcrole="http://xbrl.org/int/dim/arcrole/all" xlink:from="loc_dei_DocumentInformationLineItems_8772c98e-1f04-4b3d-a95a-38170523cfbf" xlink:to="loc_dei_DocumentInformationTable_bc131f05-2285-4279-ad4f-fdf8006769e0" xlink:type="arc" order="1" xbrldt:closed="true" xbrldt:contextElement="segment"/>
    <link:loc xlink:type="locator" xlink:label="loc_dei_DocumentInformationDocumentAxis_250001b6-3945-4bfd-91bd-1589054800b5" xlink:href="https://xbrl.sec.gov/dei/2024/dei-2024.xsd#dei_DocumentInformationDocumentAxis"/>
    <link:definitionArc xlink:arcrole="http://xbrl.org/int/dim/arcrole/hypercube-dimension" xlink:from="loc_dei_DocumentInformationTable_bc131f05-2285-4279-ad4f-fdf8006769e0" xlink:to="loc_dei_DocumentInformationDocumentAxis_250001b6-3945-4bfd-91bd-1589054800b5" xlink:type="arc" order="1"/>
    <link:loc xlink:type="locator" xlink:label="loc_dei_DocumentDomain_250001b6-3945-4bfd-91bd-1589054800b5_default" xlink:href="https://xbrl.sec.gov/dei/2024/dei-2024.xsd#dei_DocumentDomain"/>
    <link:definitionArc xlink:arcrole="http://xbrl.org/int/dim/arcrole/dimension-default" xlink:from="loc_dei_DocumentInformationDocumentAxis_250001b6-3945-4bfd-91bd-1589054800b5" xlink:to="loc_dei_DocumentDomain_250001b6-3945-4bfd-91bd-1589054800b5_default" xlink:type="arc" order="1"/>
    <link:loc xlink:type="locator" xlink:label="loc_dei_DocumentDomain_72bb7d6e-182b-4816-bbe5-87b5a26991f8" xlink:href="https://xbrl.sec.gov/dei/2024/dei-2024.xsd#dei_DocumentDomain"/>
    <link:definitionArc xlink:arcrole="http://xbrl.org/int/dim/arcrole/dimension-domain" xlink:from="loc_dei_DocumentInformationDocumentAxis_250001b6-3945-4bfd-91bd-1589054800b5" xlink:to="loc_dei_DocumentDomain_72bb7d6e-182b-4816-bbe5-87b5a26991f8" xlink:type="arc" order="1"/>
    <link:loc xlink:type="locator" xlink:label="loc_dei_DocumentType_1c8bf4f4-065e-485f-995f-f17804f9a1c7" xlink:href="https://xbrl.sec.gov/dei/2024/dei-2024.xsd#dei_DocumentType"/>
    <link:definitionArc xlink:arcrole="http://xbrl.org/int/dim/arcrole/domain-member" xlink:from="loc_dei_DocumentInformationLineItems_8772c98e-1f04-4b3d-a95a-38170523cfbf" xlink:to="loc_dei_DocumentType_1c8bf4f4-065e-485f-995f-f17804f9a1c7" xlink:type="arc" order="0"/>
    <link:loc xlink:type="locator" xlink:label="loc_dei_DocumentPeriodEndDate_66e5df2b-25ac-44ec-9ba8-63239b0874ec" xlink:href="https://xbrl.sec.gov/dei/2024/dei-2024.xsd#dei_DocumentPeriodEndDate"/>
    <link:definitionArc xlink:arcrole="http://xbrl.org/int/dim/arcrole/domain-member" xlink:from="loc_dei_DocumentInformationLineItems_8772c98e-1f04-4b3d-a95a-38170523cfbf" xlink:to="loc_dei_DocumentPeriodEndDate_66e5df2b-25ac-44ec-9ba8-63239b0874ec" xlink:type="arc" order="1"/>
    <link:loc xlink:type="locator" xlink:label="loc_dei_EntityRegistrantName_d53bf29e-1df3-45c8-bf91-2b7c7ee242cf" xlink:href="https://xbrl.sec.gov/dei/2024/dei-2024.xsd#dei_EntityRegistrantName"/>
    <link:definitionArc xlink:arcrole="http://xbrl.org/int/dim/arcrole/domain-member" xlink:from="loc_dei_DocumentInformationLineItems_8772c98e-1f04-4b3d-a95a-38170523cfbf" xlink:to="loc_dei_EntityRegistrantName_d53bf29e-1df3-45c8-bf91-2b7c7ee242cf" xlink:type="arc" order="2"/>
    <link:loc xlink:type="locator" xlink:label="loc_dei_EntityIncorporationStateCountryCode_82533cb4-5f21-428f-9e67-6ce44385d989" xlink:href="https://xbrl.sec.gov/dei/2024/dei-2024.xsd#dei_EntityIncorporationStateCountryCode"/>
    <link:definitionArc xlink:arcrole="http://xbrl.org/int/dim/arcrole/domain-member" xlink:from="loc_dei_DocumentInformationLineItems_8772c98e-1f04-4b3d-a95a-38170523cfbf" xlink:to="loc_dei_EntityIncorporationStateCountryCode_82533cb4-5f21-428f-9e67-6ce44385d989" xlink:type="arc" order="3"/>
    <link:loc xlink:type="locator" xlink:label="loc_dei_EntityFileNumber_893449cf-a6cb-4440-9185-0b038f837e01" xlink:href="https://xbrl.sec.gov/dei/2024/dei-2024.xsd#dei_EntityFileNumber"/>
    <link:definitionArc xlink:arcrole="http://xbrl.org/int/dim/arcrole/domain-member" xlink:from="loc_dei_DocumentInformationLineItems_8772c98e-1f04-4b3d-a95a-38170523cfbf" xlink:to="loc_dei_EntityFileNumber_893449cf-a6cb-4440-9185-0b038f837e01" xlink:type="arc" order="4"/>
    <link:loc xlink:type="locator" xlink:label="loc_dei_EntityTaxIdentificationNumber_eb57dd40-13ad-4c6a-bf4b-6d2291a77205" xlink:href="https://xbrl.sec.gov/dei/2024/dei-2024.xsd#dei_EntityTaxIdentificationNumber"/>
    <link:definitionArc xlink:arcrole="http://xbrl.org/int/dim/arcrole/domain-member" xlink:from="loc_dei_DocumentInformationLineItems_8772c98e-1f04-4b3d-a95a-38170523cfbf" xlink:to="loc_dei_EntityTaxIdentificationNumber_eb57dd40-13ad-4c6a-bf4b-6d2291a77205" xlink:type="arc" order="5"/>
    <link:loc xlink:type="locator" xlink:label="loc_dei_EntityAddressAddressLine1_93efa2f0-ed83-4151-a633-30b7240676af" xlink:href="https://xbrl.sec.gov/dei/2024/dei-2024.xsd#dei_EntityAddressAddressLine1"/>
    <link:definitionArc xlink:arcrole="http://xbrl.org/int/dim/arcrole/domain-member" xlink:from="loc_dei_DocumentInformationLineItems_8772c98e-1f04-4b3d-a95a-38170523cfbf" xlink:to="loc_dei_EntityAddressAddressLine1_93efa2f0-ed83-4151-a633-30b7240676af" xlink:type="arc" order="6"/>
    <link:loc xlink:type="locator" xlink:label="loc_dei_EntityAddressCityOrTown_13efe140-8b2f-4743-8e89-4bf0423afc32" xlink:href="https://xbrl.sec.gov/dei/2024/dei-2024.xsd#dei_EntityAddressCityOrTown"/>
    <link:definitionArc xlink:arcrole="http://xbrl.org/int/dim/arcrole/domain-member" xlink:from="loc_dei_DocumentInformationLineItems_8772c98e-1f04-4b3d-a95a-38170523cfbf" xlink:to="loc_dei_EntityAddressCityOrTown_13efe140-8b2f-4743-8e89-4bf0423afc32" xlink:type="arc" order="7"/>
    <link:loc xlink:type="locator" xlink:label="loc_dei_EntityAddressStateOrProvince_0e78a3d4-ba0a-4096-b89d-f4656dac2111" xlink:href="https://xbrl.sec.gov/dei/2024/dei-2024.xsd#dei_EntityAddressStateOrProvince"/>
    <link:definitionArc xlink:arcrole="http://xbrl.org/int/dim/arcrole/domain-member" xlink:from="loc_dei_DocumentInformationLineItems_8772c98e-1f04-4b3d-a95a-38170523cfbf" xlink:to="loc_dei_EntityAddressStateOrProvince_0e78a3d4-ba0a-4096-b89d-f4656dac2111" xlink:type="arc" order="8"/>
    <link:loc xlink:type="locator" xlink:label="loc_dei_EntityAddressPostalZipCode_3c456850-66ff-4abe-bb57-a921972a0481" xlink:href="https://xbrl.sec.gov/dei/2024/dei-2024.xsd#dei_EntityAddressPostalZipCode"/>
    <link:definitionArc xlink:arcrole="http://xbrl.org/int/dim/arcrole/domain-member" xlink:from="loc_dei_DocumentInformationLineItems_8772c98e-1f04-4b3d-a95a-38170523cfbf" xlink:to="loc_dei_EntityAddressPostalZipCode_3c456850-66ff-4abe-bb57-a921972a0481" xlink:type="arc" order="9"/>
    <link:loc xlink:type="locator" xlink:label="loc_dei_CityAreaCode_d7657621-313e-4206-8c8f-3181845fdc78" xlink:href="https://xbrl.sec.gov/dei/2024/dei-2024.xsd#dei_CityAreaCode"/>
    <link:definitionArc xlink:arcrole="http://xbrl.org/int/dim/arcrole/domain-member" xlink:from="loc_dei_DocumentInformationLineItems_8772c98e-1f04-4b3d-a95a-38170523cfbf" xlink:to="loc_dei_CityAreaCode_d7657621-313e-4206-8c8f-3181845fdc78" xlink:type="arc" order="10"/>
    <link:loc xlink:type="locator" xlink:label="loc_dei_LocalPhoneNumber_757ced36-8f47-4f9a-9903-e05f874bdc9f" xlink:href="https://xbrl.sec.gov/dei/2024/dei-2024.xsd#dei_LocalPhoneNumber"/>
    <link:definitionArc xlink:arcrole="http://xbrl.org/int/dim/arcrole/domain-member" xlink:from="loc_dei_DocumentInformationLineItems_8772c98e-1f04-4b3d-a95a-38170523cfbf" xlink:to="loc_dei_LocalPhoneNumber_757ced36-8f47-4f9a-9903-e05f874bdc9f" xlink:type="arc" order="11"/>
    <link:loc xlink:type="locator" xlink:label="loc_dei_WrittenCommunications_14044527-687a-49ae-b1ec-1080f060adf9" xlink:href="https://xbrl.sec.gov/dei/2024/dei-2024.xsd#dei_WrittenCommunications"/>
    <link:definitionArc xlink:arcrole="http://xbrl.org/int/dim/arcrole/domain-member" xlink:from="loc_dei_DocumentInformationLineItems_8772c98e-1f04-4b3d-a95a-38170523cfbf" xlink:to="loc_dei_WrittenCommunications_14044527-687a-49ae-b1ec-1080f060adf9" xlink:type="arc" order="12"/>
    <link:loc xlink:type="locator" xlink:label="loc_dei_SolicitingMaterial_cc6a9514-0f5d-4406-a00b-c8a3b50e51ba" xlink:href="https://xbrl.sec.gov/dei/2024/dei-2024.xsd#dei_SolicitingMaterial"/>
    <link:definitionArc xlink:arcrole="http://xbrl.org/int/dim/arcrole/domain-member" xlink:from="loc_dei_DocumentInformationLineItems_8772c98e-1f04-4b3d-a95a-38170523cfbf" xlink:to="loc_dei_SolicitingMaterial_cc6a9514-0f5d-4406-a00b-c8a3b50e51ba" xlink:type="arc" order="13"/>
    <link:loc xlink:type="locator" xlink:label="loc_dei_PreCommencementTenderOffer_9bc3c767-8709-467a-a71c-555237fa2162" xlink:href="https://xbrl.sec.gov/dei/2024/dei-2024.xsd#dei_PreCommencementTenderOffer"/>
    <link:definitionArc xlink:arcrole="http://xbrl.org/int/dim/arcrole/domain-member" xlink:from="loc_dei_DocumentInformationLineItems_8772c98e-1f04-4b3d-a95a-38170523cfbf" xlink:to="loc_dei_PreCommencementTenderOffer_9bc3c767-8709-467a-a71c-555237fa2162" xlink:type="arc" order="14"/>
    <link:loc xlink:type="locator" xlink:label="loc_dei_PreCommencementIssuerTenderOffer_f7ed82f3-b5c7-4ccd-b00f-f5517984bb49" xlink:href="https://xbrl.sec.gov/dei/2024/dei-2024.xsd#dei_PreCommencementIssuerTenderOffer"/>
    <link:definitionArc xlink:arcrole="http://xbrl.org/int/dim/arcrole/domain-member" xlink:from="loc_dei_DocumentInformationLineItems_8772c98e-1f04-4b3d-a95a-38170523cfbf" xlink:to="loc_dei_PreCommencementIssuerTenderOffer_f7ed82f3-b5c7-4ccd-b00f-f5517984bb49" xlink:type="arc" order="15"/>
    <link:loc xlink:type="locator" xlink:label="loc_dei_Security12bTitle_6ffdc9fe-4956-41cd-8773-bf4fdc6560cf" xlink:href="https://xbrl.sec.gov/dei/2024/dei-2024.xsd#dei_Security12bTitle"/>
    <link:definitionArc xlink:arcrole="http://xbrl.org/int/dim/arcrole/domain-member" xlink:from="loc_dei_DocumentInformationLineItems_8772c98e-1f04-4b3d-a95a-38170523cfbf" xlink:to="loc_dei_Security12bTitle_6ffdc9fe-4956-41cd-8773-bf4fdc6560cf" xlink:type="arc" order="16"/>
    <link:loc xlink:type="locator" xlink:label="loc_dei_TradingSymbol_639f2044-431d-4253-a208-a996cff8a8e1" xlink:href="https://xbrl.sec.gov/dei/2024/dei-2024.xsd#dei_TradingSymbol"/>
    <link:definitionArc xlink:arcrole="http://xbrl.org/int/dim/arcrole/domain-member" xlink:from="loc_dei_DocumentInformationLineItems_8772c98e-1f04-4b3d-a95a-38170523cfbf" xlink:to="loc_dei_TradingSymbol_639f2044-431d-4253-a208-a996cff8a8e1" xlink:type="arc" order="17"/>
    <link:loc xlink:type="locator" xlink:label="loc_dei_SecurityExchangeName_0a686ed7-ebfc-4b1b-88c6-c8b3a73376d8" xlink:href="https://xbrl.sec.gov/dei/2024/dei-2024.xsd#dei_SecurityExchangeName"/>
    <link:definitionArc xlink:arcrole="http://xbrl.org/int/dim/arcrole/domain-member" xlink:from="loc_dei_DocumentInformationLineItems_8772c98e-1f04-4b3d-a95a-38170523cfbf" xlink:to="loc_dei_SecurityExchangeName_0a686ed7-ebfc-4b1b-88c6-c8b3a73376d8" xlink:type="arc" order="18"/>
    <link:loc xlink:type="locator" xlink:label="loc_dei_EntityEmergingGrowthCompany_3a1708c6-5a2a-4aa1-b496-b0b0ae32480c" xlink:href="https://xbrl.sec.gov/dei/2024/dei-2024.xsd#dei_EntityEmergingGrowthCompany"/>
    <link:definitionArc xlink:arcrole="http://xbrl.org/int/dim/arcrole/domain-member" xlink:from="loc_dei_DocumentInformationLineItems_8772c98e-1f04-4b3d-a95a-38170523cfbf" xlink:to="loc_dei_EntityEmergingGrowthCompany_3a1708c6-5a2a-4aa1-b496-b0b0ae32480c" xlink:type="arc" order="19"/>
    <link:loc xlink:type="locator" xlink:label="loc_dei_EntityCentralIndexKey_7a607bc3-8ac6-45c0-835f-045fda573ceb" xlink:href="https://xbrl.sec.gov/dei/2024/dei-2024.xsd#dei_EntityCentralIndexKey"/>
    <link:definitionArc xlink:arcrole="http://xbrl.org/int/dim/arcrole/domain-member" xlink:from="loc_dei_DocumentInformationLineItems_8772c98e-1f04-4b3d-a95a-38170523cfbf" xlink:to="loc_dei_EntityCentralIndexKey_7a607bc3-8ac6-45c0-835f-045fda573ceb" xlink:type="arc" order="20"/>
    <link:loc xlink:type="locator" xlink:label="loc_dei_AmendmentFlag_f9df9947-5c6b-4826-97d7-e51993016fea" xlink:href="https://xbrl.sec.gov/dei/2024/dei-2024.xsd#dei_AmendmentFlag"/>
    <link:definitionArc xlink:arcrole="http://xbrl.org/int/dim/arcrole/domain-member" xlink:from="loc_dei_DocumentInformationLineItems_8772c98e-1f04-4b3d-a95a-38170523cfbf" xlink:to="loc_dei_AmendmentFlag_f9df9947-5c6b-4826-97d7-e51993016fea" xlink:type="arc" order="21"/>
  </link:definitionLink>
</link:linkbase>
