<?xml version="1.0" encoding="UTF-8"?>

<!--XBRL Document Created with the Workiva Platform-->
<!--Copyright 2025 Workiva-->
<!--r:5b474824-61c3-4055-a22e-04422737a8ad,g:af9ac313-1b01-4cf5-9e08-d8edb4a8d178-->
<link:linkbase xmlns:link="http://www.xbrl.org/2003/linkbase" xmlns:xlink="http://www.w3.org/1999/xlink" xmlns:xsi="http://www.w3.org/2001/XMLSchema-instance" xmlns:xbrldt="http://xbrl.org/2005/xbrldt" xsi:schemaLocation="http://www.xbrl.org/2003/linkbase http://www.xbrl.org/2003/xbrl-linkbase-2003-12-31.xsd">
  <link:arcroleRef arcroleURI="http://xbrl.org/int/dim/arcrole/all" xlink:type="simple" xlink:href="http://www.xbrl.org/2005/xbrldt-2005.xsd#all"/>
  <link:arcroleRef arcroleURI="http://xbrl.org/int/dim/arcrole/hypercube-dimension" xlink:type="simple" xlink:href="http://www.xbrl.org/2005/xbrldt-2005.xsd#hypercube-dimension"/>
  <link:arcroleRef arcroleURI="http://xbrl.org/int/dim/arcrole/dimension-default" xlink:type="simple" xlink:href="http://www.xbrl.org/2005/xbrldt-2005.xsd#dimension-default"/>
  <link:arcroleRef arcroleURI="http://xbrl.org/int/dim/arcrole/dimension-domain" xlink:type="simple" xlink:href="http://www.xbrl.org/2005/xbrldt-2005.xsd#dimension-domain"/>
  <link:arcroleRef arcroleURI="http://xbrl.org/int/dim/arcrole/domain-member" xlink:type="simple" xlink:href="http://www.xbrl.org/2005/xbrldt-2005.xsd#domain-member"/>
  <link:roleRef roleURI="http://www.gamestop.com/role/DocumentandEntityInformationDocument" xlink:type="simple" xlink:href="gme-20250612.xsd#DocumentandEntityInformationDocument"/>
  <link:definitionLink xlink:role="http://www.gamestop.com/role/DocumentandEntityInformationDocument" xlink:type="extended">
    <link:loc xlink:type="locator" xlink:label="loc_dei_DocumentInformationLineItems_f6f58e8f-b391-4420-b6ee-640d878ec481" xlink:href="https://xbrl.sec.gov/dei/2024/dei-2024.xsd#dei_DocumentInformationLineItems"/>
    <link:loc xlink:type="locator" xlink:label="loc_dei_DocumentInformationTable_c86b1b7b-4bfc-4831-89c2-3892bcd211a9" xlink:href="https://xbrl.sec.gov/dei/2024/dei-2024.xsd#dei_DocumentInformationTable"/>
    <link:definitionArc xlink:arcrole="http://xbrl.org/int/dim/arcrole/all" xlink:from="loc_dei_DocumentInformationLineItems_f6f58e8f-b391-4420-b6ee-640d878ec481" xlink:to="loc_dei_DocumentInformationTable_c86b1b7b-4bfc-4831-89c2-3892bcd211a9" xlink:type="arc" order="1" xbrldt:closed="true" xbrldt:contextElement="segment"/>
    <link:loc xlink:type="locator" xlink:label="loc_dei_EntityListingsExchangeAxis_56adf7fc-d0c0-4d8e-b757-ff4d7fb4e7c7" xlink:href="https://xbrl.sec.gov/dei/2024/dei-2024.xsd#dei_EntityListingsExchangeAxis"/>
    <link:definitionArc xlink:arcrole="http://xbrl.org/int/dim/arcrole/hypercube-dimension" xlink:from="loc_dei_DocumentInformationTable_c86b1b7b-4bfc-4831-89c2-3892bcd211a9" xlink:to="loc_dei_EntityListingsExchangeAxis_56adf7fc-d0c0-4d8e-b757-ff4d7fb4e7c7" xlink:type="arc" order="1"/>
    <link:loc xlink:type="locator" xlink:label="loc_dei_ExchangeDomain_56adf7fc-d0c0-4d8e-b757-ff4d7fb4e7c7_default" xlink:href="https://xbrl.sec.gov/dei/2024/dei-2024.xsd#dei_ExchangeDomain"/>
    <link:definitionArc xlink:arcrole="http://xbrl.org/int/dim/arcrole/dimension-default" xlink:from="loc_dei_EntityListingsExchangeAxis_56adf7fc-d0c0-4d8e-b757-ff4d7fb4e7c7" xlink:to="loc_dei_ExchangeDomain_56adf7fc-d0c0-4d8e-b757-ff4d7fb4e7c7_default" xlink:type="arc" order="1"/>
    <link:loc xlink:type="locator" xlink:label="loc_dei_ExchangeDomain_0e56f700-9424-4f14-9e97-bb09559b171a" xlink:href="https://xbrl.sec.gov/dei/2024/dei-2024.xsd#dei_ExchangeDomain"/>
    <link:definitionArc xlink:arcrole="http://xbrl.org/int/dim/arcrole/dimension-domain" xlink:from="loc_dei_EntityListingsExchangeAxis_56adf7fc-d0c0-4d8e-b757-ff4d7fb4e7c7" xlink:to="loc_dei_ExchangeDomain_0e56f700-9424-4f14-9e97-bb09559b171a" xlink:type="arc" order="1"/>
    <link:loc xlink:type="locator" xlink:label="loc_exch_XNYS_b20950db-e3ab-4a9e-8d1c-b19d7669123b" xlink:href="https://xbrl.sec.gov/exch/2024/exch-2024.xsd#exch_XNYS"/>
    <link:definitionArc xlink:arcrole="http://xbrl.org/int/dim/arcrole/domain-member" xlink:from="loc_dei_ExchangeDomain_0e56f700-9424-4f14-9e97-bb09559b171a" xlink:to="loc_exch_XNYS_b20950db-e3ab-4a9e-8d1c-b19d7669123b" xlink:type="arc" order="0"/>
    <link:loc xlink:type="locator" xlink:label="loc_us-gaap_StatementClassOfStockAxis_9d5f6051-2c28-4c38-ac25-3a39b99090c3" xlink:href="https://xbrl.fasb.org/us-gaap/2024/elts/us-gaap-2024.xsd#us-gaap_StatementClassOfStockAxis"/>
    <link:definitionArc xlink:arcrole="http://xbrl.org/int/dim/arcrole/hypercube-dimension" xlink:from="loc_dei_DocumentInformationTable_c86b1b7b-4bfc-4831-89c2-3892bcd211a9" xlink:to="loc_us-gaap_StatementClassOfStockAxis_9d5f6051-2c28-4c38-ac25-3a39b99090c3" xlink:type="arc" order="2"/>
    <link:loc xlink:type="locator" xlink:label="loc_us-gaap_ClassOfStockDomain_9d5f6051-2c28-4c38-ac25-3a39b99090c3_default" xlink:href="https://xbrl.fasb.org/us-gaap/2024/elts/us-gaap-2024.xsd#us-gaap_ClassOfStockDomain"/>
    <link:definitionArc xlink:arcrole="http://xbrl.org/int/dim/arcrole/dimension-default" xlink:from="loc_us-gaap_StatementClassOfStockAxis_9d5f6051-2c28-4c38-ac25-3a39b99090c3" xlink:to="loc_us-gaap_ClassOfStockDomain_9d5f6051-2c28-4c38-ac25-3a39b99090c3_default" xlink:type="arc" order="1"/>
    <link:loc xlink:type="locator" xlink:label="loc_us-gaap_ClassOfStockDomain_b1cf7739-2f25-4ebd-bf1a-f78ec39c6c68" xlink:href="https://xbrl.fasb.org/us-gaap/2024/elts/us-gaap-2024.xsd#us-gaap_ClassOfStockDomain"/>
    <link:definitionArc xlink:arcrole="http://xbrl.org/int/dim/arcrole/dimension-domain" xlink:from="loc_us-gaap_StatementClassOfStockAxis_9d5f6051-2c28-4c38-ac25-3a39b99090c3" xlink:to="loc_us-gaap_ClassOfStockDomain_b1cf7739-2f25-4ebd-bf1a-f78ec39c6c68" xlink:type="arc" order="1"/>
    <link:loc xlink:type="locator" xlink:label="loc_us-gaap_CommonClassAMember_4fcf01cf-c3be-46ef-a7c5-67fb02714645" xlink:href="https://xbrl.fasb.org/us-gaap/2024/elts/us-gaap-2024.xsd#us-gaap_CommonClassAMember"/>
    <link:definitionArc xlink:arcrole="http://xbrl.org/int/dim/arcrole/domain-member" xlink:from="loc_us-gaap_ClassOfStockDomain_b1cf7739-2f25-4ebd-bf1a-f78ec39c6c68" xlink:to="loc_us-gaap_CommonClassAMember_4fcf01cf-c3be-46ef-a7c5-67fb02714645" xlink:type="arc" order="0"/>
    <link:loc xlink:type="locator" xlink:label="loc_dei_DocumentInformationDocumentAxis_4186150e-a7bf-46aa-9d89-4281048c1bef" xlink:href="https://xbrl.sec.gov/dei/2024/dei-2024.xsd#dei_DocumentInformationDocumentAxis"/>
    <link:definitionArc xlink:arcrole="http://xbrl.org/int/dim/arcrole/hypercube-dimension" xlink:from="loc_dei_DocumentInformationTable_c86b1b7b-4bfc-4831-89c2-3892bcd211a9" xlink:to="loc_dei_DocumentInformationDocumentAxis_4186150e-a7bf-46aa-9d89-4281048c1bef" xlink:type="arc" order="3"/>
    <link:loc xlink:type="locator" xlink:label="loc_dei_DocumentDomain_4186150e-a7bf-46aa-9d89-4281048c1bef_default" xlink:href="https://xbrl.sec.gov/dei/2024/dei-2024.xsd#dei_DocumentDomain"/>
    <link:definitionArc xlink:arcrole="http://xbrl.org/int/dim/arcrole/dimension-default" xlink:from="loc_dei_DocumentInformationDocumentAxis_4186150e-a7bf-46aa-9d89-4281048c1bef" xlink:to="loc_dei_DocumentDomain_4186150e-a7bf-46aa-9d89-4281048c1bef_default" xlink:type="arc" order="1"/>
    <link:loc xlink:type="locator" xlink:label="loc_dei_DocumentDomain_fb0d4129-294f-4548-a048-bca4e8cc0789" xlink:href="https://xbrl.sec.gov/dei/2024/dei-2024.xsd#dei_DocumentDomain"/>
    <link:definitionArc xlink:arcrole="http://xbrl.org/int/dim/arcrole/dimension-domain" xlink:from="loc_dei_DocumentInformationDocumentAxis_4186150e-a7bf-46aa-9d89-4281048c1bef" xlink:to="loc_dei_DocumentDomain_fb0d4129-294f-4548-a048-bca4e8cc0789" xlink:type="arc" order="1"/>
    <link:loc xlink:type="locator" xlink:label="loc_dei_EntityCentralIndexKey_ea03684d-8a0f-4c54-ac2f-30735cd8f183" xlink:href="https://xbrl.sec.gov/dei/2024/dei-2024.xsd#dei_EntityCentralIndexKey"/>
    <link:definitionArc xlink:arcrole="http://xbrl.org/int/dim/arcrole/domain-member" xlink:from="loc_dei_DocumentInformationLineItems_f6f58e8f-b391-4420-b6ee-640d878ec481" xlink:to="loc_dei_EntityCentralIndexKey_ea03684d-8a0f-4c54-ac2f-30735cd8f183" xlink:type="arc" order="0"/>
    <link:loc xlink:type="locator" xlink:label="loc_dei_AmendmentFlag_2bdf73a4-958a-429a-942f-6d5ebb1302a1" xlink:href="https://xbrl.sec.gov/dei/2024/dei-2024.xsd#dei_AmendmentFlag"/>
    <link:definitionArc xlink:arcrole="http://xbrl.org/int/dim/arcrole/domain-member" xlink:from="loc_dei_DocumentInformationLineItems_f6f58e8f-b391-4420-b6ee-640d878ec481" xlink:to="loc_dei_AmendmentFlag_2bdf73a4-958a-429a-942f-6d5ebb1302a1" xlink:type="arc" order="1"/>
    <link:loc xlink:type="locator" xlink:label="loc_dei_Security12bTitle_59604e6c-fcb1-46ba-9e12-80a1ed5d7cd5" xlink:href="https://xbrl.sec.gov/dei/2024/dei-2024.xsd#dei_Security12bTitle"/>
    <link:definitionArc xlink:arcrole="http://xbrl.org/int/dim/arcrole/domain-member" xlink:from="loc_dei_DocumentInformationLineItems_f6f58e8f-b391-4420-b6ee-640d878ec481" xlink:to="loc_dei_Security12bTitle_59604e6c-fcb1-46ba-9e12-80a1ed5d7cd5" xlink:type="arc" order="2"/>
    <link:loc xlink:type="locator" xlink:label="loc_dei_EntityIncorporationStateCountryCode_df40fe39-1003-4ff1-98ba-049487f7cfb8" xlink:href="https://xbrl.sec.gov/dei/2024/dei-2024.xsd#dei_EntityIncorporationStateCountryCode"/>
    <link:definitionArc xlink:arcrole="http://xbrl.org/int/dim/arcrole/domain-member" xlink:from="loc_dei_DocumentInformationLineItems_f6f58e8f-b391-4420-b6ee-640d878ec481" xlink:to="loc_dei_EntityIncorporationStateCountryCode_df40fe39-1003-4ff1-98ba-049487f7cfb8" xlink:type="arc" order="3"/>
    <link:loc xlink:type="locator" xlink:label="loc_dei_DocumentType_ae06609b-6f8f-4d23-9d9d-28b3be756a06" xlink:href="https://xbrl.sec.gov/dei/2024/dei-2024.xsd#dei_DocumentType"/>
    <link:definitionArc xlink:arcrole="http://xbrl.org/int/dim/arcrole/domain-member" xlink:from="loc_dei_DocumentInformationLineItems_f6f58e8f-b391-4420-b6ee-640d878ec481" xlink:to="loc_dei_DocumentType_ae06609b-6f8f-4d23-9d9d-28b3be756a06" xlink:type="arc" order="4"/>
    <link:loc xlink:type="locator" xlink:label="loc_dei_DocumentPeriodEndDate_aa2c1da2-193a-4d10-bb60-be95dc55194e" xlink:href="https://xbrl.sec.gov/dei/2024/dei-2024.xsd#dei_DocumentPeriodEndDate"/>
    <link:definitionArc xlink:arcrole="http://xbrl.org/int/dim/arcrole/domain-member" xlink:from="loc_dei_DocumentInformationLineItems_f6f58e8f-b391-4420-b6ee-640d878ec481" xlink:to="loc_dei_DocumentPeriodEndDate_aa2c1da2-193a-4d10-bb60-be95dc55194e" xlink:type="arc" order="5"/>
    <link:loc xlink:type="locator" xlink:label="loc_dei_EntityRegistrantName_e2b1f43c-44d8-4936-bb5d-d0e531198d30" xlink:href="https://xbrl.sec.gov/dei/2024/dei-2024.xsd#dei_EntityRegistrantName"/>
    <link:definitionArc xlink:arcrole="http://xbrl.org/int/dim/arcrole/domain-member" xlink:from="loc_dei_DocumentInformationLineItems_f6f58e8f-b391-4420-b6ee-640d878ec481" xlink:to="loc_dei_EntityRegistrantName_e2b1f43c-44d8-4936-bb5d-d0e531198d30" xlink:type="arc" order="6"/>
    <link:loc xlink:type="locator" xlink:label="loc_dei_EntityFileNumber_23a23406-0e0a-42eb-ab6a-07f321ece479" xlink:href="https://xbrl.sec.gov/dei/2024/dei-2024.xsd#dei_EntityFileNumber"/>
    <link:definitionArc xlink:arcrole="http://xbrl.org/int/dim/arcrole/domain-member" xlink:from="loc_dei_DocumentInformationLineItems_f6f58e8f-b391-4420-b6ee-640d878ec481" xlink:to="loc_dei_EntityFileNumber_23a23406-0e0a-42eb-ab6a-07f321ece479" xlink:type="arc" order="7"/>
    <link:loc xlink:type="locator" xlink:label="loc_dei_EntityTaxIdentificationNumber_d4518902-1113-4f45-8893-d102c4645cf4" xlink:href="https://xbrl.sec.gov/dei/2024/dei-2024.xsd#dei_EntityTaxIdentificationNumber"/>
    <link:definitionArc xlink:arcrole="http://xbrl.org/int/dim/arcrole/domain-member" xlink:from="loc_dei_DocumentInformationLineItems_f6f58e8f-b391-4420-b6ee-640d878ec481" xlink:to="loc_dei_EntityTaxIdentificationNumber_d4518902-1113-4f45-8893-d102c4645cf4" xlink:type="arc" order="8"/>
    <link:loc xlink:type="locator" xlink:label="loc_dei_EntityAddressAddressLine1_7baa3d03-579c-4cab-8cf1-d44a26d29c01" xlink:href="https://xbrl.sec.gov/dei/2024/dei-2024.xsd#dei_EntityAddressAddressLine1"/>
    <link:definitionArc xlink:arcrole="http://xbrl.org/int/dim/arcrole/domain-member" xlink:from="loc_dei_DocumentInformationLineItems_f6f58e8f-b391-4420-b6ee-640d878ec481" xlink:to="loc_dei_EntityAddressAddressLine1_7baa3d03-579c-4cab-8cf1-d44a26d29c01" xlink:type="arc" order="9"/>
    <link:loc xlink:type="locator" xlink:label="loc_dei_EntityAddressCityOrTown_3e815adc-7046-46d5-841c-6bdc62945efb" xlink:href="https://xbrl.sec.gov/dei/2024/dei-2024.xsd#dei_EntityAddressCityOrTown"/>
    <link:definitionArc xlink:arcrole="http://xbrl.org/int/dim/arcrole/domain-member" xlink:from="loc_dei_DocumentInformationLineItems_f6f58e8f-b391-4420-b6ee-640d878ec481" xlink:to="loc_dei_EntityAddressCityOrTown_3e815adc-7046-46d5-841c-6bdc62945efb" xlink:type="arc" order="10"/>
    <link:loc xlink:type="locator" xlink:label="loc_dei_EntityAddressStateOrProvince_3b62f440-7715-4be1-bca9-e68f7b399589" xlink:href="https://xbrl.sec.gov/dei/2024/dei-2024.xsd#dei_EntityAddressStateOrProvince"/>
    <link:definitionArc xlink:arcrole="http://xbrl.org/int/dim/arcrole/domain-member" xlink:from="loc_dei_DocumentInformationLineItems_f6f58e8f-b391-4420-b6ee-640d878ec481" xlink:to="loc_dei_EntityAddressStateOrProvince_3b62f440-7715-4be1-bca9-e68f7b399589" xlink:type="arc" order="11"/>
    <link:loc xlink:type="locator" xlink:label="loc_dei_EntityAddressPostalZipCode_572b1e83-7673-4546-bd91-df55608496ce" xlink:href="https://xbrl.sec.gov/dei/2024/dei-2024.xsd#dei_EntityAddressPostalZipCode"/>
    <link:definitionArc xlink:arcrole="http://xbrl.org/int/dim/arcrole/domain-member" xlink:from="loc_dei_DocumentInformationLineItems_f6f58e8f-b391-4420-b6ee-640d878ec481" xlink:to="loc_dei_EntityAddressPostalZipCode_572b1e83-7673-4546-bd91-df55608496ce" xlink:type="arc" order="12"/>
    <link:loc xlink:type="locator" xlink:label="loc_dei_CityAreaCode_81c9bb07-4f41-42cc-9a6e-151efab0e1b5" xlink:href="https://xbrl.sec.gov/dei/2024/dei-2024.xsd#dei_CityAreaCode"/>
    <link:definitionArc xlink:arcrole="http://xbrl.org/int/dim/arcrole/domain-member" xlink:from="loc_dei_DocumentInformationLineItems_f6f58e8f-b391-4420-b6ee-640d878ec481" xlink:to="loc_dei_CityAreaCode_81c9bb07-4f41-42cc-9a6e-151efab0e1b5" xlink:type="arc" order="13"/>
    <link:loc xlink:type="locator" xlink:label="loc_dei_LocalPhoneNumber_aba5d9e2-fbd0-48c4-b44c-fa6b1d45dbdb" xlink:href="https://xbrl.sec.gov/dei/2024/dei-2024.xsd#dei_LocalPhoneNumber"/>
    <link:definitionArc xlink:arcrole="http://xbrl.org/int/dim/arcrole/domain-member" xlink:from="loc_dei_DocumentInformationLineItems_f6f58e8f-b391-4420-b6ee-640d878ec481" xlink:to="loc_dei_LocalPhoneNumber_aba5d9e2-fbd0-48c4-b44c-fa6b1d45dbdb" xlink:type="arc" order="14"/>
    <link:loc xlink:type="locator" xlink:label="loc_dei_WrittenCommunications_e3577ec7-4d22-4d3c-9662-1b419e15cf14" xlink:href="https://xbrl.sec.gov/dei/2024/dei-2024.xsd#dei_WrittenCommunications"/>
    <link:definitionArc xlink:arcrole="http://xbrl.org/int/dim/arcrole/domain-member" xlink:from="loc_dei_DocumentInformationLineItems_f6f58e8f-b391-4420-b6ee-640d878ec481" xlink:to="loc_dei_WrittenCommunications_e3577ec7-4d22-4d3c-9662-1b419e15cf14" xlink:type="arc" order="15"/>
    <link:loc xlink:type="locator" xlink:label="loc_dei_SolicitingMaterial_438e4380-1f8c-4514-80c1-1f8a9c6b34bc" xlink:href="https://xbrl.sec.gov/dei/2024/dei-2024.xsd#dei_SolicitingMaterial"/>
    <link:definitionArc xlink:arcrole="http://xbrl.org/int/dim/arcrole/domain-member" xlink:from="loc_dei_DocumentInformationLineItems_f6f58e8f-b391-4420-b6ee-640d878ec481" xlink:to="loc_dei_SolicitingMaterial_438e4380-1f8c-4514-80c1-1f8a9c6b34bc" xlink:type="arc" order="16"/>
    <link:loc xlink:type="locator" xlink:label="loc_dei_PreCommencementTenderOffer_15f5577f-74f1-4f40-95c4-5dfb736f017d" xlink:href="https://xbrl.sec.gov/dei/2024/dei-2024.xsd#dei_PreCommencementTenderOffer"/>
    <link:definitionArc xlink:arcrole="http://xbrl.org/int/dim/arcrole/domain-member" xlink:from="loc_dei_DocumentInformationLineItems_f6f58e8f-b391-4420-b6ee-640d878ec481" xlink:to="loc_dei_PreCommencementTenderOffer_15f5577f-74f1-4f40-95c4-5dfb736f017d" xlink:type="arc" order="17"/>
    <link:loc xlink:type="locator" xlink:label="loc_dei_PreCommencementIssuerTenderOffer_62c247cd-3f38-4698-a257-d03e0a969e26" xlink:href="https://xbrl.sec.gov/dei/2024/dei-2024.xsd#dei_PreCommencementIssuerTenderOffer"/>
    <link:definitionArc xlink:arcrole="http://xbrl.org/int/dim/arcrole/domain-member" xlink:from="loc_dei_DocumentInformationLineItems_f6f58e8f-b391-4420-b6ee-640d878ec481" xlink:to="loc_dei_PreCommencementIssuerTenderOffer_62c247cd-3f38-4698-a257-d03e0a969e26" xlink:type="arc" order="18"/>
    <link:loc xlink:type="locator" xlink:label="loc_dei_TradingSymbol_59af366c-edd6-411e-96a7-d1d604dd5793" xlink:href="https://xbrl.sec.gov/dei/2024/dei-2024.xsd#dei_TradingSymbol"/>
    <link:definitionArc xlink:arcrole="http://xbrl.org/int/dim/arcrole/domain-member" xlink:from="loc_dei_DocumentInformationLineItems_f6f58e8f-b391-4420-b6ee-640d878ec481" xlink:to="loc_dei_TradingSymbol_59af366c-edd6-411e-96a7-d1d604dd5793" xlink:type="arc" order="19"/>
    <link:loc xlink:type="locator" xlink:label="loc_dei_SecurityExchangeName_6901dd9f-43b9-400a-85f7-40b2b963a3b7" xlink:href="https://xbrl.sec.gov/dei/2024/dei-2024.xsd#dei_SecurityExchangeName"/>
    <link:definitionArc xlink:arcrole="http://xbrl.org/int/dim/arcrole/domain-member" xlink:from="loc_dei_DocumentInformationLineItems_f6f58e8f-b391-4420-b6ee-640d878ec481" xlink:to="loc_dei_SecurityExchangeName_6901dd9f-43b9-400a-85f7-40b2b963a3b7" xlink:type="arc" order="20"/>
    <link:loc xlink:type="locator" xlink:label="loc_dei_EntityEmergingGrowthCompany_9308c246-739a-4033-a16a-483e85f7c7dc" xlink:href="https://xbrl.sec.gov/dei/2024/dei-2024.xsd#dei_EntityEmergingGrowthCompany"/>
    <link:definitionArc xlink:arcrole="http://xbrl.org/int/dim/arcrole/domain-member" xlink:from="loc_dei_DocumentInformationLineItems_f6f58e8f-b391-4420-b6ee-640d878ec481" xlink:to="loc_dei_EntityEmergingGrowthCompany_9308c246-739a-4033-a16a-483e85f7c7dc" xlink:type="arc" order="21"/>
  </link:definitionLink>
</link:linkbase>
