<?xml version="1.0" encoding="UTF-8"?>

<!--XBRL Document Created with the Workiva Platform-->
<!--Copyright 2025 Workiva-->
<!--r:8b50b7a6-71ae-4789-9f05-dbe126caa27f,g:5b7a13a4-9be8-4869-b525-853e9f29a380-->
<link:linkbase xmlns:link="http://www.xbrl.org/2003/linkbase" xmlns:xlink="http://www.w3.org/1999/xlink" xmlns:xsi="http://www.w3.org/2001/XMLSchema-instance" xsi:schemaLocation="http://www.xbrl.org/2003/linkbase http://www.xbrl.org/2003/xbrl-linkbase-2003-12-31.xsd">
  <link:roleRef roleURI="http://www.gamestop.com/role/Cover" xlink:type="simple" xlink:href="gme-20250528.xsd#Cover"/>
  <link:presentationLink xlink:role="http://www.gamestop.com/role/Cover" xlink:type="extended">
    <link:loc xlink:type="locator" xlink:label="loc_dei_CoverAbstract_62462198-87b5-477a-9965-fca879063ab4" xlink:href="https://xbrl.sec.gov/dei/2024/dei-2024.xsd#dei_CoverAbstract"/>
    <link:loc xlink:type="locator" xlink:label="loc_dei_DocumentInformationTable_31a1cc1a-2d86-4fb1-92e8-5692706fd9dd" xlink:href="https://xbrl.sec.gov/dei/2024/dei-2024.xsd#dei_DocumentInformationTable"/>
    <link:presentationArc order="1" xlink:arcrole="http://www.xbrl.org/2003/arcrole/parent-child" xlink:from="loc_dei_CoverAbstract_62462198-87b5-477a-9965-fca879063ab4" xlink:to="loc_dei_DocumentInformationTable_31a1cc1a-2d86-4fb1-92e8-5692706fd9dd" xlink:type="arc" preferredLabel="http://www.xbrl.org/2003/role/terseLabel"/>
    <link:loc xlink:type="locator" xlink:label="loc_dei_DocumentInformationDocumentAxis_f21ef619-3914-412b-b3e7-c8930b59263a" xlink:href="https://xbrl.sec.gov/dei/2024/dei-2024.xsd#dei_DocumentInformationDocumentAxis"/>
    <link:presentationArc order="1" xlink:arcrole="http://www.xbrl.org/2003/arcrole/parent-child" xlink:from="loc_dei_DocumentInformationTable_31a1cc1a-2d86-4fb1-92e8-5692706fd9dd" xlink:to="loc_dei_DocumentInformationDocumentAxis_f21ef619-3914-412b-b3e7-c8930b59263a" xlink:type="arc" preferredLabel="http://www.xbrl.org/2003/role/terseLabel"/>
    <link:loc xlink:type="locator" xlink:label="loc_dei_DocumentDomain_cbcbfd37-9360-4db7-86a1-8377201407c9" xlink:href="https://xbrl.sec.gov/dei/2024/dei-2024.xsd#dei_DocumentDomain"/>
    <link:presentationArc order="1" xlink:arcrole="http://www.xbrl.org/2003/arcrole/parent-child" xlink:from="loc_dei_DocumentInformationDocumentAxis_f21ef619-3914-412b-b3e7-c8930b59263a" xlink:to="loc_dei_DocumentDomain_cbcbfd37-9360-4db7-86a1-8377201407c9" xlink:type="arc" preferredLabel="http://www.xbrl.org/2003/role/terseLabel"/>
    <link:loc xlink:type="locator" xlink:label="loc_dei_DocumentInformationLineItems_d0207a16-d71d-41ce-a053-c7162403d34c" xlink:href="https://xbrl.sec.gov/dei/2024/dei-2024.xsd#dei_DocumentInformationLineItems"/>
    <link:presentationArc order="2" xlink:arcrole="http://www.xbrl.org/2003/arcrole/parent-child" xlink:from="loc_dei_DocumentInformationTable_31a1cc1a-2d86-4fb1-92e8-5692706fd9dd" xlink:to="loc_dei_DocumentInformationLineItems_d0207a16-d71d-41ce-a053-c7162403d34c" xlink:type="arc" preferredLabel="http://www.xbrl.org/2003/role/terseLabel"/>
    <link:loc xlink:type="locator" xlink:label="loc_dei_DocumentType_b0997895-e07b-41a0-9c8e-8381df0ce50d" xlink:href="https://xbrl.sec.gov/dei/2024/dei-2024.xsd#dei_DocumentType"/>
    <link:presentationArc order="1" xlink:arcrole="http://www.xbrl.org/2003/arcrole/parent-child" xlink:from="loc_dei_DocumentInformationLineItems_d0207a16-d71d-41ce-a053-c7162403d34c" xlink:to="loc_dei_DocumentType_b0997895-e07b-41a0-9c8e-8381df0ce50d" xlink:type="arc" preferredLabel="http://www.xbrl.org/2003/role/terseLabel"/>
    <link:loc xlink:type="locator" xlink:label="loc_dei_DocumentPeriodEndDate_19a41a0b-4e95-45f9-a536-2bb58eaa2948" xlink:href="https://xbrl.sec.gov/dei/2024/dei-2024.xsd#dei_DocumentPeriodEndDate"/>
    <link:presentationArc order="2" xlink:arcrole="http://www.xbrl.org/2003/arcrole/parent-child" xlink:from="loc_dei_DocumentInformationLineItems_d0207a16-d71d-41ce-a053-c7162403d34c" xlink:to="loc_dei_DocumentPeriodEndDate_19a41a0b-4e95-45f9-a536-2bb58eaa2948" xlink:type="arc" preferredLabel="http://www.xbrl.org/2003/role/terseLabel"/>
    <link:loc xlink:type="locator" xlink:label="loc_dei_EntityRegistrantName_efdc9e64-db56-4b40-861b-03438445db34" xlink:href="https://xbrl.sec.gov/dei/2024/dei-2024.xsd#dei_EntityRegistrantName"/>
    <link:presentationArc order="3" xlink:arcrole="http://www.xbrl.org/2003/arcrole/parent-child" xlink:from="loc_dei_DocumentInformationLineItems_d0207a16-d71d-41ce-a053-c7162403d34c" xlink:to="loc_dei_EntityRegistrantName_efdc9e64-db56-4b40-861b-03438445db34" xlink:type="arc" preferredLabel="http://www.xbrl.org/2003/role/terseLabel"/>
    <link:loc xlink:type="locator" xlink:label="loc_dei_EntityIncorporationStateCountryCode_cf40be54-7fb7-4b99-9aae-388cfd5e727c" xlink:href="https://xbrl.sec.gov/dei/2024/dei-2024.xsd#dei_EntityIncorporationStateCountryCode"/>
    <link:presentationArc order="4" xlink:arcrole="http://www.xbrl.org/2003/arcrole/parent-child" xlink:from="loc_dei_DocumentInformationLineItems_d0207a16-d71d-41ce-a053-c7162403d34c" xlink:to="loc_dei_EntityIncorporationStateCountryCode_cf40be54-7fb7-4b99-9aae-388cfd5e727c" xlink:type="arc" preferredLabel="http://www.xbrl.org/2003/role/terseLabel"/>
    <link:loc xlink:type="locator" xlink:label="loc_dei_EntityFileNumber_d1fc4f24-8b77-40ca-82d3-cf7188d3b9b1" xlink:href="https://xbrl.sec.gov/dei/2024/dei-2024.xsd#dei_EntityFileNumber"/>
    <link:presentationArc order="5" xlink:arcrole="http://www.xbrl.org/2003/arcrole/parent-child" xlink:from="loc_dei_DocumentInformationLineItems_d0207a16-d71d-41ce-a053-c7162403d34c" xlink:to="loc_dei_EntityFileNumber_d1fc4f24-8b77-40ca-82d3-cf7188d3b9b1" xlink:type="arc" preferredLabel="http://www.xbrl.org/2003/role/terseLabel"/>
    <link:loc xlink:type="locator" xlink:label="loc_dei_EntityTaxIdentificationNumber_1edb0cf6-7526-470d-b157-6d36ab762a64" xlink:href="https://xbrl.sec.gov/dei/2024/dei-2024.xsd#dei_EntityTaxIdentificationNumber"/>
    <link:presentationArc order="6" xlink:arcrole="http://www.xbrl.org/2003/arcrole/parent-child" xlink:from="loc_dei_DocumentInformationLineItems_d0207a16-d71d-41ce-a053-c7162403d34c" xlink:to="loc_dei_EntityTaxIdentificationNumber_1edb0cf6-7526-470d-b157-6d36ab762a64" xlink:type="arc" preferredLabel="http://www.xbrl.org/2003/role/terseLabel"/>
    <link:loc xlink:type="locator" xlink:label="loc_dei_EntityAddressAddressLine1_ce58abbe-06be-4097-869d-df9d461df9e8" xlink:href="https://xbrl.sec.gov/dei/2024/dei-2024.xsd#dei_EntityAddressAddressLine1"/>
    <link:presentationArc order="7" xlink:arcrole="http://www.xbrl.org/2003/arcrole/parent-child" xlink:from="loc_dei_DocumentInformationLineItems_d0207a16-d71d-41ce-a053-c7162403d34c" xlink:to="loc_dei_EntityAddressAddressLine1_ce58abbe-06be-4097-869d-df9d461df9e8" xlink:type="arc" preferredLabel="http://www.xbrl.org/2003/role/terseLabel"/>
    <link:loc xlink:type="locator" xlink:label="loc_dei_EntityAddressCityOrTown_42a48ab2-15e6-485a-a901-6c1fad3d9fac" xlink:href="https://xbrl.sec.gov/dei/2024/dei-2024.xsd#dei_EntityAddressCityOrTown"/>
    <link:presentationArc order="8" xlink:arcrole="http://www.xbrl.org/2003/arcrole/parent-child" xlink:from="loc_dei_DocumentInformationLineItems_d0207a16-d71d-41ce-a053-c7162403d34c" xlink:to="loc_dei_EntityAddressCityOrTown_42a48ab2-15e6-485a-a901-6c1fad3d9fac" xlink:type="arc" preferredLabel="http://www.xbrl.org/2003/role/terseLabel"/>
    <link:loc xlink:type="locator" xlink:label="loc_dei_EntityAddressStateOrProvince_a25731fb-9b6e-4e41-890d-e873d15a242c" xlink:href="https://xbrl.sec.gov/dei/2024/dei-2024.xsd#dei_EntityAddressStateOrProvince"/>
    <link:presentationArc order="9" xlink:arcrole="http://www.xbrl.org/2003/arcrole/parent-child" xlink:from="loc_dei_DocumentInformationLineItems_d0207a16-d71d-41ce-a053-c7162403d34c" xlink:to="loc_dei_EntityAddressStateOrProvince_a25731fb-9b6e-4e41-890d-e873d15a242c" xlink:type="arc" preferredLabel="http://www.xbrl.org/2003/role/terseLabel"/>
    <link:loc xlink:type="locator" xlink:label="loc_dei_EntityAddressPostalZipCode_11bb2733-c6c1-4e2d-a317-daec9d696821" xlink:href="https://xbrl.sec.gov/dei/2024/dei-2024.xsd#dei_EntityAddressPostalZipCode"/>
    <link:presentationArc order="10" xlink:arcrole="http://www.xbrl.org/2003/arcrole/parent-child" xlink:from="loc_dei_DocumentInformationLineItems_d0207a16-d71d-41ce-a053-c7162403d34c" xlink:to="loc_dei_EntityAddressPostalZipCode_11bb2733-c6c1-4e2d-a317-daec9d696821" xlink:type="arc" preferredLabel="http://www.xbrl.org/2003/role/terseLabel"/>
    <link:loc xlink:type="locator" xlink:label="loc_dei_CityAreaCode_8f2b4082-15a3-418c-b5cc-ac8f1ece2157" xlink:href="https://xbrl.sec.gov/dei/2024/dei-2024.xsd#dei_CityAreaCode"/>
    <link:presentationArc order="11" xlink:arcrole="http://www.xbrl.org/2003/arcrole/parent-child" xlink:from="loc_dei_DocumentInformationLineItems_d0207a16-d71d-41ce-a053-c7162403d34c" xlink:to="loc_dei_CityAreaCode_8f2b4082-15a3-418c-b5cc-ac8f1ece2157" xlink:type="arc" preferredLabel="http://www.xbrl.org/2003/role/terseLabel"/>
    <link:loc xlink:type="locator" xlink:label="loc_dei_LocalPhoneNumber_c774f359-c679-444f-bbda-e54d841c263b" xlink:href="https://xbrl.sec.gov/dei/2024/dei-2024.xsd#dei_LocalPhoneNumber"/>
    <link:presentationArc order="12" xlink:arcrole="http://www.xbrl.org/2003/arcrole/parent-child" xlink:from="loc_dei_DocumentInformationLineItems_d0207a16-d71d-41ce-a053-c7162403d34c" xlink:to="loc_dei_LocalPhoneNumber_c774f359-c679-444f-bbda-e54d841c263b" xlink:type="arc" preferredLabel="http://www.xbrl.org/2003/role/terseLabel"/>
    <link:loc xlink:type="locator" xlink:label="loc_dei_WrittenCommunications_69641e0b-7812-48a7-a27a-c000299f02d2" xlink:href="https://xbrl.sec.gov/dei/2024/dei-2024.xsd#dei_WrittenCommunications"/>
    <link:presentationArc order="13" xlink:arcrole="http://www.xbrl.org/2003/arcrole/parent-child" xlink:from="loc_dei_DocumentInformationLineItems_d0207a16-d71d-41ce-a053-c7162403d34c" xlink:to="loc_dei_WrittenCommunications_69641e0b-7812-48a7-a27a-c000299f02d2" xlink:type="arc" preferredLabel="http://www.xbrl.org/2003/role/terseLabel"/>
    <link:loc xlink:type="locator" xlink:label="loc_dei_SolicitingMaterial_5f1b6881-ffcd-4738-9064-59025017ac28" xlink:href="https://xbrl.sec.gov/dei/2024/dei-2024.xsd#dei_SolicitingMaterial"/>
    <link:presentationArc order="14" xlink:arcrole="http://www.xbrl.org/2003/arcrole/parent-child" xlink:from="loc_dei_DocumentInformationLineItems_d0207a16-d71d-41ce-a053-c7162403d34c" xlink:to="loc_dei_SolicitingMaterial_5f1b6881-ffcd-4738-9064-59025017ac28" xlink:type="arc" preferredLabel="http://www.xbrl.org/2003/role/terseLabel"/>
    <link:loc xlink:type="locator" xlink:label="loc_dei_PreCommencementTenderOffer_0bdd2cd1-4886-4c1f-90f2-8b69d96ea4ce" xlink:href="https://xbrl.sec.gov/dei/2024/dei-2024.xsd#dei_PreCommencementTenderOffer"/>
    <link:presentationArc order="15" xlink:arcrole="http://www.xbrl.org/2003/arcrole/parent-child" xlink:from="loc_dei_DocumentInformationLineItems_d0207a16-d71d-41ce-a053-c7162403d34c" xlink:to="loc_dei_PreCommencementTenderOffer_0bdd2cd1-4886-4c1f-90f2-8b69d96ea4ce" xlink:type="arc" preferredLabel="http://www.xbrl.org/2003/role/terseLabel"/>
    <link:loc xlink:type="locator" xlink:label="loc_dei_PreCommencementIssuerTenderOffer_a009973a-c414-4c8e-8d09-326c9f0ad35f" xlink:href="https://xbrl.sec.gov/dei/2024/dei-2024.xsd#dei_PreCommencementIssuerTenderOffer"/>
    <link:presentationArc order="16" xlink:arcrole="http://www.xbrl.org/2003/arcrole/parent-child" xlink:from="loc_dei_DocumentInformationLineItems_d0207a16-d71d-41ce-a053-c7162403d34c" xlink:to="loc_dei_PreCommencementIssuerTenderOffer_a009973a-c414-4c8e-8d09-326c9f0ad35f" xlink:type="arc" preferredLabel="http://www.xbrl.org/2003/role/terseLabel"/>
    <link:loc xlink:type="locator" xlink:label="loc_dei_Security12bTitle_e8ff4af3-b6d9-49b4-b3b7-efd938255765" xlink:href="https://xbrl.sec.gov/dei/2024/dei-2024.xsd#dei_Security12bTitle"/>
    <link:presentationArc order="17" xlink:arcrole="http://www.xbrl.org/2003/arcrole/parent-child" xlink:from="loc_dei_DocumentInformationLineItems_d0207a16-d71d-41ce-a053-c7162403d34c" xlink:to="loc_dei_Security12bTitle_e8ff4af3-b6d9-49b4-b3b7-efd938255765" xlink:type="arc" preferredLabel="http://www.xbrl.org/2003/role/terseLabel"/>
    <link:loc xlink:type="locator" xlink:label="loc_dei_TradingSymbol_9795c77e-02bf-4192-a137-e94b6480e5c7" xlink:href="https://xbrl.sec.gov/dei/2024/dei-2024.xsd#dei_TradingSymbol"/>
    <link:presentationArc order="18" xlink:arcrole="http://www.xbrl.org/2003/arcrole/parent-child" xlink:from="loc_dei_DocumentInformationLineItems_d0207a16-d71d-41ce-a053-c7162403d34c" xlink:to="loc_dei_TradingSymbol_9795c77e-02bf-4192-a137-e94b6480e5c7" xlink:type="arc" preferredLabel="http://www.xbrl.org/2003/role/terseLabel"/>
    <link:loc xlink:type="locator" xlink:label="loc_dei_SecurityExchangeName_205d5195-925e-42ec-8625-6d33ef8f511a" xlink:href="https://xbrl.sec.gov/dei/2024/dei-2024.xsd#dei_SecurityExchangeName"/>
    <link:presentationArc order="19" xlink:arcrole="http://www.xbrl.org/2003/arcrole/parent-child" xlink:from="loc_dei_DocumentInformationLineItems_d0207a16-d71d-41ce-a053-c7162403d34c" xlink:to="loc_dei_SecurityExchangeName_205d5195-925e-42ec-8625-6d33ef8f511a" xlink:type="arc" preferredLabel="http://www.xbrl.org/2003/role/terseLabel"/>
    <link:loc xlink:type="locator" xlink:label="loc_dei_EntityEmergingGrowthCompany_3f4a2050-ee6d-44aa-8129-02ff43d7d6a0" xlink:href="https://xbrl.sec.gov/dei/2024/dei-2024.xsd#dei_EntityEmergingGrowthCompany"/>
    <link:presentationArc order="20" xlink:arcrole="http://www.xbrl.org/2003/arcrole/parent-child" xlink:from="loc_dei_DocumentInformationLineItems_d0207a16-d71d-41ce-a053-c7162403d34c" xlink:to="loc_dei_EntityEmergingGrowthCompany_3f4a2050-ee6d-44aa-8129-02ff43d7d6a0" xlink:type="arc" preferredLabel="http://www.xbrl.org/2003/role/terseLabel"/>
    <link:loc xlink:type="locator" xlink:label="loc_dei_EntityCentralIndexKey_94108ae4-e6a1-4eec-8759-dffa6be6eb34" xlink:href="https://xbrl.sec.gov/dei/2024/dei-2024.xsd#dei_EntityCentralIndexKey"/>
    <link:presentationArc order="21" xlink:arcrole="http://www.xbrl.org/2003/arcrole/parent-child" xlink:from="loc_dei_DocumentInformationLineItems_d0207a16-d71d-41ce-a053-c7162403d34c" xlink:to="loc_dei_EntityCentralIndexKey_94108ae4-e6a1-4eec-8759-dffa6be6eb34" xlink:type="arc" preferredLabel="http://www.xbrl.org/2003/role/terseLabel"/>
    <link:loc xlink:type="locator" xlink:label="loc_dei_AmendmentFlag_20d7f127-f382-44f3-8805-210f52d50c5d" xlink:href="https://xbrl.sec.gov/dei/2024/dei-2024.xsd#dei_AmendmentFlag"/>
    <link:presentationArc order="22" xlink:arcrole="http://www.xbrl.org/2003/arcrole/parent-child" xlink:from="loc_dei_DocumentInformationLineItems_d0207a16-d71d-41ce-a053-c7162403d34c" xlink:to="loc_dei_AmendmentFlag_20d7f127-f382-44f3-8805-210f52d50c5d" xlink:type="arc" preferredLabel="http://www.xbrl.org/2003/role/terseLabel"/>
  </link:presentationLink>
</link:linkbase>
